,Area,Item,Year,hg/ha_yield,average_rain_fall_mm_per_year,pesticides_tonnes,avg_temp
0,Albania,Maize,1990,36613,1485.0,121.0,16.37
1,Albania,Potatoes,1990,66667,1485.0,121.0,16.37
2,Albania,"Rice, paddy",1990,23333,1485.0,121.0,16.37
3,Albania,Sorghum,1990,12500,1485.0,121.0,16.37
4,Albania,Soybeans,1990,7000,1485.0,121.0,16.37
5,Albania,Wheat,1990,30197,1485.0,121.0,16.37
6,Albania,Maize,1991,29068,1485.0,121.0,15.36
7,Albania,Potatoes,1991,77818,1485.0,121.0,15.36
8,Albania,"Rice, paddy",1991,28538,1485.0,121.0,15.36
9,Albania,Sorghum,1991,6667,1485.0,121.0,15.36
10,Albania,Soybeans,1991,6066,1485.0,121.0,15.36
11,Albania,Wheat,1991,20698,1485.0,121.0,15.36
12,Albania,Maize,1992,24876,1485.0,121.0,16.06
13,Albania,Potatoes,1992,82920,1485.0,121.0,16.06
14,Albania,"Rice, paddy",1992,40000,1485.0,121.0,16.06
15,Albania,Sorghum,1992,3747,1485.0,121.0,16.06
16,Albania,Soybeans,1992,4507,1485.0,121.0,16.06
17,Albania,Wheat,1992,24388,1485.0,121.0,16.06
18,Albania,Maize,1993,24185,1485.0,121.0,16.05
19,Albania,Potatoes,1993,98446,1485.0,121.0,16.05
20,Albania,"Rice, paddy",1993,41786,1485.0,121.0,16.05
21,Albania,Soybeans,1993,7998,1485.0,121.0,16.05
22,Albania,Wheat,1993,29976,1485.0,121.0,16.05
23,Albania,Maize,1994,25848,1485.0,201.0,16.96
24,Albania,Potatoes,1994,81404,1485.0,201.0,16.96
25,Albania,Soybeans,1994,7927,1485.0,201.0,16.96
26,Albania,Wheat,1994,24745,1485.0,201.0,16.96
27,Albania,Maize,1995,31300,1485.0,251.0,15.67
28,Albania,Potatoes,1995,111323,1485.0,251.0,15.67
29,Albania,Soybeans,1995,11791,1485.0,251.0,15.67
30,Albania,Wheat,1995,28703,1485.0,251.0,15.67
31,Albania,Maize,1996,32604,1485.0,313.96,15.64
32,Albania,Potatoes,1996,106138,1485.0,313.96,15.64
33,Albania,Soybeans,1996,15480,1485.0,313.96,15.64
34,Albania,Wheat,1996,21741,1485.0,313.96,15.64
35,Albania,Maize,1997,31862,1485.0,376.93,15.9
36,Albania,Potatoes,1997,109874,1485.0,376.93,15.9
37,Albania,Soybeans,1997,12768,1485.0,376.93,15.9
38,Albania,Wheat,1997,28516,1485.0,376.93,15.9
39,Albania,Maize,1998,33416,1485.0,439.89,16.27
40,Albania,Potatoes,1998,127212,1485.0,439.89,16.27
41,Albania,Soybeans,1998,14327,1485.0,439.89,16.27
42,Albania,Wheat,1998,28037,1485.0,439.89,16.27
43,Albania,Maize,1999,37455,1485.0,502.86,16.57
44,Albania,Potatoes,1999,142018,1485.0,502.86,16.57
45,Albania,Soybeans,1999,17143,1485.0,502.86,16.57
46,Albania,Wheat,1999,24954,1485.0,502.86,16.57
47,Albania,Maize,2000,38811,1485.0,565.82,16.67
48,Albania,Potatoes,2000,141228,1485.0,565.82,16.67
49,Albania,Soybeans,2000,15000,1485.0,565.82,16.67
50,Albania,Wheat,2000,30455,1485.0,565.82,16.67
51,Albania,Maize,2001,38135,1485.0,628.79,16.59
52,Albania,Potatoes,2001,148818,1485.0,628.79,16.59
53,Albania,Soybeans,2001,20000,1485.0,628.79,16.59
54,Albania,Wheat,2001,28220,1485.0,628.79,16.59
55,Albania,Maize,2002,39460,1485.0,691.75,16.47
56,Albania,Potatoes,2002,153868,1485.0,691.75,16.47
57,Albania,Soybeans,2002,20000,1485.0,691.75,16.47
58,Albania,Wheat,2002,31617,1485.0,691.75,16.47
59,Albania,Maize,2004,46197,1485.0,817.68,16.16
60,Albania,Potatoes,2004,149346,1485.0,817.68,16.16
61,Albania,Soybeans,2004,13333,1485.0,817.68,16.16
62,Albania,Wheat,2004,31130,1485.0,817.68,16.16
63,Albania,Maize,2005,45442,1485.0,880.64,15.67
64,Albania,Potatoes,2005,167061,1485.0,880.64,15.67
65,Albania,Soybeans,2005,17500,1485.0,880.64,15.67
66,Albania,Wheat,2005,31582,1485.0,880.64,15.67
67,Albania,Maize,2006,50111,1485.0,943.61,15.92
68,Albania,Potatoes,2006,170745,1485.0,943.61,15.92
69,Albania,Soybeans,2006,20000,1485.0,943.61,15.92
70,Albania,Wheat,2006,30787,1485.0,943.61,15.92
71,Albania,Maize,2007,46732,1485.0,1006.57,16.67
72,Albania,Potatoes,2007,188902,1485.0,1006.57,16.67
73,Albania,Soybeans,2007,20000,1485.0,1006.57,16.67
74,Albania,Wheat,2007,35496,1485.0,1006.57,16.67
75,Albania,Maize,2008,50000,1485.0,1069.54,16.71
76,Albania,Potatoes,2008,193878,1485.0,1069.54,16.71
77,Albania,Soybeans,2008,20000,1485.0,1069.54,16.71
78,Albania,Wheat,2008,40168,1485.0,1069.54,16.71
79,Albania,Maize,2009,55693,1485.0,1132.5,16.73
80,Albania,Potatoes,2009,219780,1485.0,1132.5,16.73
81,Albania,Soybeans,2009,16667,1485.0,1132.5,16.73
82,Albania,Wheat,2009,40229,1485.0,1132.5,16.73
83,Albania,Maize,2010,66790,1485.0,1311.17,16.52
84,Albania,Potatoes,2010,231111,1485.0,1311.17,16.52
85,Albania,Soybeans,2010,16667,1485.0,1311.17,16.52
86,Albania,Wheat,2010,39905,1485.0,1311.17,16.52
87,Albania,Maize,2011,59869,1485.0,1302.63,16.45
88,Albania,Potatoes,2011,242211,1485.0,1302.63,16.45
89,Albania,Soybeans,2011,18519,1485.0,1302.63,16.45
90,Albania,Wheat,2011,42301,1485.0,1302.63,16.45
91,Albania,Maize,2012,67290,1485.0,766.25,16.7
92,Albania,Potatoes,2012,250538,1485.0,766.25,16.7
93,Albania,Soybeans,2012,13333,1485.0,766.25,16.7
94,Albania,Wheat,2012,41096,1485.0,766.25,16.7
95,Albania,Maize,2013,69533,1485.0,982.32,17.41
96,Albania,Potatoes,2013,260110,1485.0,982.32,17.41
97,Albania,Soybeans,2013,10000,1485.0,982.32,17.41
98,Albania,Wheat,2013,41292,1485.0,982.32,17.41
99,Algeria,Maize,1990,16500,89.0,1828.92,17.48
100,Algeria,Potatoes,1990,78936,89.0,1828.92,17.48
101,Algeria,"Rice, paddy",1990,28000,89.0,1828.92,17.48
102,Algeria,Sorghum,1990,16571,89.0,1828.92,17.48
103,Algeria,Wheat,1990,6315,89.0,1828.92,17.48
104,Algeria,Maize,1991,19231,89.0,2461.8,16.26
105,Algeria,Potatoes,1991,90747,89.0,2461.8,16.26
106,Algeria,"Rice, paddy",1991,26786,89.0,2461.8,16.26
107,Algeria,Sorghum,1991,24231,89.0,2461.8,16.26
108,Algeria,Wheat,1991,10809,89.0,2461.8,16.26
109,Algeria,Maize,1992,22828,89.0,1215.47,16.27
110,Algeria,Potatoes,1992,107917,89.0,1215.47,16.27
111,Algeria,"Rice, paddy",1992,24733,89.0,1215.47,16.27
112,Algeria,Sorghum,1992,40000,89.0,1215.47,16.27
113,Algeria,Wheat,1992,9939,89.0,1215.47,16.27
114,Algeria,Maize,1993,12500,89.0,1021.89,17.0
115,Algeria,Potatoes,1993,111215,89.0,1021.89,17.0
116,Algeria,"Rice, paddy",1993,23111,89.0,1021.89,17.0
117,Algeria,Sorghum,1993,50000,89.0,1021.89,17.0
118,Algeria,Wheat,1993,8097,89.0,1021.89,17.0
119,Algeria,Maize,1994,4512,89.0,1255.02,17.88
120,Algeria,Potatoes,1994,95078,89.0,1255.02,17.88
121,Algeria,"Rice, paddy",1994,21374,89.0,1255.02,17.88
122,Algeria,Wheat,1994,7999,89.0,1255.02,17.88
123,Algeria,Maize,1995,16115,89.0,2697.09,17.36
124,Algeria,Potatoes,1995,136768,89.0,2697.09,17.36
125,Algeria,"Rice, paddy",1995,19598,89.0,2697.09,17.36
126,Algeria,Sorghum,1995,12667,89.0,2697.09,17.36
127,Algeria,Wheat,1995,8924,89.0,2697.09,17.36
128,Algeria,Maize,1996,17154,89.0,479.77,16.76
129,Algeria,Potatoes,1996,134629,89.0,479.77,16.76
130,Algeria,"Rice, paddy",1996,17861,89.0,479.77,16.76
131,Algeria,Sorghum,1996,14750,89.0,479.77,16.76
132,Algeria,Wheat,1996,13090,89.0,479.77,16.76
133,Algeria,Maize,1997,21417,89.0,401.22,17.84
134,Algeria,Potatoes,1997,141042,89.0,401.22,17.84
135,Algeria,"Rice, paddy",1997,15000,89.0,401.22,17.84
136,Algeria,Sorghum,1997,40000,89.0,401.22,17.84
137,Algeria,Wheat,1997,8016,89.0,401.22,17.84
138,Algeria,Maize,1998,17222,89.0,322.84,17.14
139,Algeria,Potatoes,1998,160256,89.0,322.84,17.14
140,Algeria,"Rice, paddy",1998,15000,89.0,322.84,17.14
141,Algeria,Sorghum,1998,24500,89.0,322.84,17.14
142,Algeria,Wheat,1998,8847,89.0,322.84,17.14
143,Algeria,Maize,1999,22375,89.0,654.45,17.97
144,Algeria,Potatoes,1999,153532,89.0,654.45,17.97
145,Algeria,"Rice, paddy",1999,13942,89.0,654.45,17.97
146,Algeria,Sorghum,1999,27000,89.0,654.45,17.97
147,Algeria,Wheat,1999,10711,89.0,654.45,17.97
148,Algeria,Maize,2000,36186,89.0,603.67,17.9
149,Algeria,Potatoes,2000,166143,89.0,603.67,17.9
150,Algeria,"Rice, paddy",2000,13052,89.0,603.67,17.9
151,Algeria,Sorghum,2000,69500,89.0,603.67,17.9
152,Algeria,Wheat,2000,9194,89.0,603.67,17.9
153,Algeria,Maize,2001,27175,89.0,710.11,18.13
154,Algeria,Potatoes,2001,147018,89.0,710.11,18.13
155,Algeria,"Rice, paddy",2001,12314,89.0,710.11,18.13
156,Algeria,Sorghum,2001,27750,89.0,710.11,18.13
157,Algeria,Wheat,2001,11104,89.0,710.11,18.13
158,Algeria,Maize,2002,33480,89.0,816.55,17.85
159,Algeria,Potatoes,2002,183774,89.0,816.55,17.85
160,Algeria,"Rice, paddy",2002,12959,89.0,816.55,17.85
161,Algeria,Sorghum,2002,33900,89.0,816.55,17.85
162,Algeria,Wheat,2002,10739,89.0,816.55,17.85
163,Algeria,Maize,2004,31729,89.0,3747.86,17.38
164,Algeria,Potatoes,2004,203585,89.0,3747.86,17.38
165,Algeria,"Rice, paddy",2004,12829,89.0,3747.86,17.38
166,Algeria,Sorghum,2004,43316,89.0,3747.86,17.38
167,Algeria,Wheat,2004,13582,89.0,3747.86,17.38
168,Algeria,Maize,2005,33864,89.0,3662.87,17.19
169,Algeria,Potatoes,2005,216267,89.0,3662.87,17.19
170,Algeria,"Rice, paddy",2005,12998,89.0,3662.87,17.19
171,Algeria,Sorghum,2005,33486,89.0,3662.87,17.19
172,Algeria,Wheat,2005,15057,89.0,3662.87,17.19
173,Algeria,Maize,2006,65668,89.0,4110.72,18.13
174,Algeria,Potatoes,2006,220689,89.0,4110.72,18.13
175,Algeria,"Rice, paddy",2006,12769,89.0,4110.72,18.13
176,Algeria,Sorghum,2006,56728,89.0,4110.72,18.13
177,Algeria,Wheat,2006,15068,89.0,4110.72,18.13
178,Algeria,Maize,2007,85625,89.0,5390.79,17.42
179,Algeria,Potatoes,2007,189927,89.0,5390.79,17.42
180,Algeria,"Rice, paddy",2007,13375,89.0,5390.79,17.42
181,Algeria,Sorghum,2007,119059,89.0,5390.79,17.42
182,Algeria,Wheat,2007,12742,89.0,5390.79,17.42
183,Algeria,Maize,2008,44714,89.0,11556.12,17.55
184,Algeria,Potatoes,2008,236393,89.0,11556.12,17.55
185,Algeria,"Rice, paddy",2008,13952,89.0,11556.12,17.55
186,Algeria,Sorghum,2008,61786,89.0,11556.12,17.55
187,Algeria,Wheat,2008,11038,89.0,11556.12,17.55
188,Algeria,Maize,2009,30914,89.0,3867.99,17.78
189,Algeria,Potatoes,2009,250764,89.0,3867.99,17.78
190,Algeria,"Rice, paddy",2009,14594,89.0,3867.99,17.78
191,Algeria,Sorghum,2009,90465,89.0,3867.99,17.78
192,Algeria,Wheat,2009,15975,89.0,3867.99,17.78
193,Algeria,Maize,2010,25827,89.0,1295.88,17.59
194,Algeria,Potatoes,2010,270526,89.0,1295.88,17.59
195,Algeria,"Rice, paddy",2010,15305,89.0,1295.88,17.59
196,Algeria,Sorghum,2010,30286,89.0,1295.88,17.59
197,Algeria,Wheat,2010,14838,89.0,1295.88,17.59
198,Algeria,Maize,2011,23374,89.0,13861.76,17.79
199,Algeria,Potatoes,2011,292806,89.0,13861.76,17.79
200,Algeria,"Rice, paddy",2011,16081,89.0,13861.76,17.79
201,Algeria,Sorghum,2011,100000,89.0,13861.76,17.79
202,Algeria,Wheat,2011,17405,89.0,13861.76,17.79
203,Algeria,Maize,2012,25583,89.0,17379.76,17.91
204,Algeria,Potatoes,2012,304291,89.0,17379.76,17.91
205,Algeria,"Rice, paddy",2012,16667,89.0,17379.76,17.91
206,Algeria,Sorghum,2012,206000,89.0,17379.76,17.91
207,Algeria,Wheat,2012,17639,89.0,17379.76,17.91
208,Algeria,Maize,2013,33649,89.0,17278.65,17.65
209,Algeria,Potatoes,2013,303218,89.0,17278.65,17.65
210,Algeria,"Rice, paddy",2013,17778,89.0,17278.65,17.65
211,Algeria,Sorghum,2013,60000,89.0,17278.65,17.65
212,Algeria,Wheat,2013,19100,89.0,17278.65,17.65
213,Angola,Cassava,1990,41177,1010.0,64.0,24.12
214,Angola,Maize,1990,2736,1010.0,64.0,24.12
215,Angola,Potatoes,1990,40000,1010.0,64.0,24.12
216,Angola,"Rice, paddy",1990,9512,1010.0,64.0,24.12
217,Angola,Sweet potatoes,1990,89342,1010.0,64.0,24.12
218,Angola,Wheat,1990,7995,1010.0,64.0,24.12
219,Angola,Cassava,1991,40295,1010.0,79.0,24.02
220,Angola,Maize,1991,4013,1010.0,79.0,24.02
221,Angola,Potatoes,1991,40000,1010.0,79.0,24.02
222,Angola,"Rice, paddy",1991,10000,1010.0,79.0,24.02
223,Angola,Sweet potatoes,1991,83001,1010.0,79.0,24.02
224,Angola,Wheat,1991,8000,1010.0,79.0,24.02
225,Angola,Cassava,1992,42295,1010.0,23.0,23.96
226,Angola,Maize,1992,3778,1010.0,23.0,23.96
227,Angola,Potatoes,1992,40000,1010.0,23.0,23.96
228,Angola,"Rice, paddy",1992,9106,1010.0,23.0,23.96
229,Angola,Sweet potatoes,1992,90000,1010.0,23.0,23.96
230,Angola,Wheat,1992,8000,1010.0,23.0,23.96
231,Angola,Cassava,1993,42295,1010.0,169.0,24.15
232,Angola,Maize,1993,2627,1010.0,169.0,24.15
233,Angola,Potatoes,1993,70000,1010.0,169.0,24.15
234,Angola,"Rice, paddy",1993,8000,1010.0,169.0,24.15
235,Angola,Sweet potatoes,1993,88095,1010.0,169.0,24.15
236,Angola,Wheat,1993,8876,1010.0,169.0,24.15
237,Angola,Cassava,1994,58596,1010.0,25.5,24.04
238,Angola,Maize,1994,2463,1010.0,25.5,24.04
239,Angola,Potatoes,1994,90000,1010.0,25.5,24.04
240,Angola,"Rice, paddy",1994,8750,1010.0,25.5,24.04
241,Angola,Sweet potatoes,1994,83192,1010.0,25.5,24.04
242,Angola,Wheat,1994,10000,1010.0,25.5,24.04
243,Angola,Cassava,1995,51000,1010.0,336.0,24.56
244,Angola,Maize,1995,3517,1010.0,336.0,24.56
245,Angola,Potatoes,1995,76738,1010.0,336.0,24.56
246,Angola,"Rice, paddy",1995,14615,1010.0,336.0,24.56
247,Angola,Sweet potatoes,1995,81138,1010.0,336.0,24.56
248,Angola,Wheat,1995,11855,1010.0,336.0,24.56
249,Angola,Cassava,1996,48077,1010.0,40.0,24.11
250,Angola,Maize,1996,6993,1010.0,40.0,24.11
251,Angola,Potatoes,1996,70000,1010.0,40.0,24.11
252,Angola,"Rice, paddy",1996,17500,1010.0,40.0,24.11
253,Angola,Sweet potatoes,1996,85455,1010.0,40.0,24.11
254,Angola,Wheat,1996,13738,1010.0,40.0,24.11
255,Angola,Cassava,1997,44205,1010.0,40.0,24.06
256,Angola,Maize,1997,5959,1010.0,40.0,24.06
257,Angola,Potatoes,1997,68571,1010.0,40.0,24.06
258,Angola,"Rice, paddy",1997,20000,1010.0,40.0,24.06
259,Angola,Sweet potatoes,1997,78098,1010.0,40.0,24.06
260,Angola,Wheat,1997,15509,1010.0,40.0,24.06
261,Angola,Cassava,1998,55728,1010.0,40.0,24.96
262,Angola,Maize,1998,7396,1010.0,40.0,24.96
263,Angola,Potatoes,1998,62724,1010.0,40.0,24.96
264,Angola,"Rice, paddy",1998,20000,1010.0,40.0,24.96
265,Angola,Sweet potatoes,1998,76256,1010.0,40.0,24.96
266,Angola,Wheat,1998,17143,1010.0,40.0,24.96
267,Angola,Cassava,1999,59821,1010.0,40.0,24.37
268,Angola,Maize,1999,6361,1010.0,40.0,24.37
269,Angola,Potatoes,1999,54597,1010.0,40.0,24.37
270,Angola,"Rice, paddy",1999,14235,1010.0,40.0,24.37
271,Angola,Sweet potatoes,1999,82865,1010.0,40.0,24.37
272,Angola,Wheat,1999,17391,1010.0,40.0,24.37
273,Angola,Cassava,2000,82992,1010.0,40.0,24.41
274,Angola,Maize,2000,5745,1010.0,40.0,24.41
275,Angola,Potatoes,2000,29885,1010.0,40.0,24.41
276,Angola,"Rice, paddy",2000,13454,1010.0,40.0,24.41
277,Angola,Sorghum,2000,3333,1010.0,40.0,24.41
278,Angola,Soybeans,2000,2333,1010.0,40.0,24.41
279,Angola,Sweet potatoes,2000,34938,1010.0,40.0,24.41
280,Angola,Wheat,2000,17023,1010.0,40.0,24.41
281,Angola,Cassava,2001,94072,1010.0,40.0,24.43
282,Angola,Maize,2001,5754,1010.0,40.0,24.43
283,Angola,Potatoes,2001,42552,1010.0,40.0,24.43
284,Angola,"Rice, paddy",2001,13701,1010.0,40.0,24.43
285,Angola,Sorghum,2001,3571,1010.0,40.0,24.43
286,Angola,Soybeans,2001,2500,1010.0,40.0,24.43
287,Angola,Sweet potatoes,2001,44458,1010.0,40.0,24.43
288,Angola,Wheat,2001,16667,1010.0,40.0,24.43
289,Angola,Cassava,2002,110071,1010.0,40.0,24.79
290,Angola,Maize,2002,6706,1010.0,40.0,24.79
291,Angola,Potatoes,2002,42754,1010.0,40.0,24.79
292,Angola,"Rice, paddy",2002,13198,1010.0,40.0,24.79
293,Angola,Sorghum,2002,3400,1010.0,40.0,24.79
294,Angola,Soybeans,2002,2857,1010.0,40.0,24.79
295,Angola,Sweet potatoes,2002,42190,1010.0,40.0,24.79
296,Angola,Wheat,2002,15455,1010.0,40.0,24.79
297,Angola,Cassava,2004,125605,1010.0,40.0,24.22
298,Angola,Maize,2004,5404,1010.0,40.0,24.22
299,Angola,Potatoes,2004,20150,1010.0,40.0,24.22
300,Angola,"Rice, paddy",2004,11584,1010.0,40.0,24.22
301,Angola,Sorghum,2004,3333,1010.0,40.0,24.22
302,Angola,Soybeans,2004,3600,1010.0,40.0,24.22
303,Angola,Sweet potatoes,2004,45360,1010.0,40.0,24.22
304,Angola,Wheat,2004,12442,1010.0,40.0,24.22
305,Angola,Cassava,2005,117628,1010.0,40.0,24.41
306,Angola,Maize,2005,6736,1010.0,40.0,24.41
307,Angola,Potatoes,2005,23646,1010.0,40.0,24.41
308,Angola,"Rice, paddy",2005,6977,1010.0,40.0,24.41
309,Angola,Sorghum,2005,3333,1010.0,40.0,24.41
310,Angola,Soybeans,2005,3793,1010.0,40.0,24.41
311,Angola,Sweet potatoes,2005,46159,1010.0,40.0,24.41
312,Angola,Wheat,2005,10946,1010.0,40.0,24.41
313,Angola,Cassava,2006,117201,1010.0,40.0,24.14
314,Angola,Maize,2006,4687,1010.0,40.0,24.14
315,Angola,Potatoes,2006,52148,1010.0,40.0,24.14
316,Angola,"Rice, paddy",2006,4947,1010.0,40.0,24.14
317,Angola,Sorghum,2006,4091,1010.0,40.0,24.14
318,Angola,Soybeans,2006,4286,1010.0,40.0,24.14
319,Angola,Sweet potatoes,2006,44240,1010.0,40.0,24.14
320,Angola,Wheat,2006,10000,1010.0,40.0,24.14
321,Angola,Cassava,2007,115387,1010.0,40.0,24.24
322,Angola,Maize,2007,5091,1010.0,40.0,24.24
323,Angola,Potatoes,2007,62138,1010.0,40.0,24.24
324,Angola,"Rice, paddy",2007,5143,1010.0,40.0,24.24
325,Angola,Sorghum,2007,4031,1010.0,40.0,24.24
326,Angola,Soybeans,2007,6883,1010.0,40.0,24.24
327,Angola,Sweet potatoes,2007,58855,1010.0,40.0,24.24
328,Angola,Wheat,2007,10000,1010.0,40.0,24.24
329,Angola,Cassava,2008,148084,1010.0,40.0,24.27
330,Angola,Maize,2008,7946,1010.0,40.0,24.27
331,Angola,Potatoes,2008,85085,1010.0,40.0,24.27
332,Angola,"Rice, paddy",2008,5084,1010.0,40.0,24.27
333,Angola,Sorghum,2008,929,1010.0,40.0,24.27
334,Angola,Soybeans,2008,8575,1010.0,40.0,24.27
335,Angola,Sweet potatoes,2008,65437,1010.0,40.0,24.27
336,Angola,Wheat,2008,10000,1010.0,40.0,24.27
337,Angola,Cassava,2009,151759,1010.0,40.0,24.33
338,Angola,Maize,2009,6614,1010.0,40.0,24.33
339,Angola,Potatoes,2009,86509,1010.0,40.0,24.33
340,Angola,"Rice, paddy",2009,6028,1010.0,40.0,24.33
341,Angola,Sorghum,2009,2480,1010.0,40.0,24.33
342,Angola,Soybeans,2009,4449,1010.0,40.0,24.33
343,Angola,Sweet potatoes,2009,66475,1010.0,40.0,24.33
344,Angola,Wheat,2009,10000,1010.0,40.0,24.33
345,Angola,Cassava,2010,155782,1010.0,40.0,24.44
346,Angola,Maize,2010,7200,1010.0,40.0,24.44
347,Angola,Potatoes,2010,87425,1010.0,40.0,24.44
348,Angola,"Rice, paddy",2010,7403,1010.0,40.0,24.44
349,Angola,Sorghum,2010,2814,1010.0,40.0,24.44
350,Angola,Soybeans,2010,4446,1010.0,40.0,24.44
351,Angola,Sweet potatoes,2010,63001,1010.0,40.0,24.44
352,Angola,Wheat,2010,10526,1010.0,40.0,24.44
353,Angola,Cassava,2011,133649,1010.0,40.0,24.15
354,Angola,Maize,2011,7376,1010.0,40.0,24.15
355,Angola,Potatoes,2011,81366,1010.0,40.0,24.15
356,Angola,"Rice, paddy",2011,8914,1010.0,40.0,24.15
357,Angola,Sorghum,2011,3320,1010.0,40.0,24.15
358,Angola,Soybeans,2011,5294,1010.0,40.0,24.15
359,Angola,Sweet potatoes,2011,65512,1010.0,40.0,24.15
360,Angola,Wheat,2011,10959,1010.0,40.0,24.15
361,Angola,Cassava,2012,100073,1010.0,40.0,24.24
362,Angola,Maize,2012,7770,1010.0,40.0,24.24
363,Angola,Potatoes,2012,69381,1010.0,40.0,24.24
364,Angola,"Rice, paddy",2012,7703,1010.0,40.0,24.24
365,Angola,Sorghum,2012,998,1010.0,40.0,24.24
366,Angola,Soybeans,2012,1641,1010.0,40.0,24.24
367,Angola,Sweet potatoes,2012,52954,1010.0,40.0,24.24
368,Angola,Wheat,2012,11258,1010.0,40.0,24.24
369,Angola,Cassava,2013,140517,1010.0,40.0,24.55
370,Angola,Maize,2013,9467,1010.0,40.0,24.55
371,Angola,Potatoes,2013,63303,1010.0,40.0,24.55
372,Angola,"Rice, paddy",2013,12744,1010.0,40.0,24.55
373,Angola,Sorghum,2013,2415,1010.0,40.0,24.55
374,Angola,Soybeans,2013,4405,1010.0,40.0,24.55
375,Angola,Sweet potatoes,2013,73409,1010.0,40.0,24.55
376,Angola,Wheat,2013,9022,1010.0,40.0,24.55
377,Argentina,Cassava,1990,100000,591.0,26156.0,17.46
378,Argentina,Cassava,1990,100000,591.0,26156.0,17.67
379,Argentina,Maize,1990,34608,591.0,26156.0,17.46
380,Argentina,Maize,1990,34608,591.0,26156.0,17.67
381,Argentina,Potatoes,1990,202747,591.0,26156.0,17.46
382,Argentina,Potatoes,1990,202747,591.0,26156.0,17.67
383,Argentina,"Rice, paddy",1990,36709,591.0,26156.0,17.46
384,Argentina,"Rice, paddy",1990,36709,591.0,26156.0,17.67
385,Argentina,Sorghum,1990,28116,591.0,26156.0,17.46
386,Argentina,Sorghum,1990,28116,591.0,26156.0,17.67
387,Argentina,Soybeans,1990,21566,591.0,26156.0,17.46
388,Argentina,Soybeans,1990,21566,591.0,26156.0,17.67
389,Argentina,Sweet potatoes,1990,131864,591.0,26156.0,17.46
390,Argentina,Sweet potatoes,1990,131864,591.0,26156.0,17.67
391,Argentina,Wheat,1990,18947,591.0,26156.0,17.46
392,Argentina,Wheat,1990,18947,591.0,26156.0,17.67
393,Argentina,Cassava,1991,100000,591.0,26156.0,17.64
394,Argentina,Cassava,1991,100000,591.0,26156.0,17.86
395,Argentina,Maize,1991,40444,591.0,26156.0,17.64
396,Argentina,Maize,1991,40444,591.0,26156.0,17.86
397,Argentina,Potatoes,1991,205692,591.0,26156.0,17.64
398,Argentina,Potatoes,1991,205692,591.0,26156.0,17.86
399,Argentina,"Rice, paddy",1991,40294,591.0,26156.0,17.64
400,Argentina,"Rice, paddy",1991,40294,591.0,26156.0,17.86
401,Argentina,Sorghum,1991,33320,591.0,26156.0,17.64
402,Argentina,Sorghum,1991,33320,591.0,26156.0,17.86
403,Argentina,Soybeans,1991,22750,591.0,26156.0,17.64
404,Argentina,Soybeans,1991,22750,591.0,26156.0,17.86
405,Argentina,Sweet potatoes,1991,131364,591.0,26156.0,17.64
406,Argentina,Sweet potatoes,1991,131364,591.0,26156.0,17.86
407,Argentina,Wheat,1991,18972,591.0,26156.0,17.64
408,Argentina,Wheat,1991,18972,591.0,26156.0,17.86
409,Argentina,Cassava,1992,100000,591.0,26156.0,17.09
410,Argentina,Cassava,1992,100000,591.0,26156.0,17.51
411,Argentina,Maize,1992,45237,591.0,26156.0,17.09
412,Argentina,Maize,1992,45237,591.0,26156.0,17.51
413,Argentina,Potatoes,1992,199039,591.0,26156.0,17.09
414,Argentina,Potatoes,1992,199039,591.0,26156.0,17.51
415,Argentina,"Rice, paddy",1992,52075,591.0,26156.0,17.09
416,Argentina,"Rice, paddy",1992,52075,591.0,26156.0,17.51
417,Argentina,Sorghum,1992,36217,591.0,26156.0,17.09
418,Argentina,Sorghum,1992,36217,591.0,26156.0,17.51
419,Argentina,Soybeans,1992,22915,591.0,26156.0,17.09
420,Argentina,Soybeans,1992,22915,591.0,26156.0,17.51
421,Argentina,Sweet potatoes,1992,127273,591.0,26156.0,17.09
422,Argentina,Sweet potatoes,1992,127273,591.0,26156.0,17.51
423,Argentina,Wheat,1992,21809,591.0,26156.0,17.09
424,Argentina,Wheat,1992,21809,591.0,26156.0,17.51
425,Argentina,Cassava,1993,100000,591.0,26156.0,17.32
426,Argentina,Cassava,1993,100000,591.0,26156.0,17.53
427,Argentina,Maize,1993,43552,591.0,26156.0,17.32
428,Argentina,Maize,1993,43552,591.0,26156.0,17.53
429,Argentina,Potatoes,1993,210314,591.0,26156.0,17.32
430,Argentina,Potatoes,1993,210314,591.0,26156.0,17.53
431,Argentina,"Rice, paddy",1993,43559,591.0,26156.0,17.32
432,Argentina,"Rice, paddy",1993,43559,591.0,26156.0,17.53
433,Argentina,Sorghum,1993,39529,591.0,26156.0,17.32
434,Argentina,Sorghum,1993,39529,591.0,26156.0,17.53
435,Argentina,Soybeans,1993,21589,591.0,26156.0,17.32
436,Argentina,Soybeans,1993,21589,591.0,26156.0,17.53
437,Argentina,Sweet potatoes,1993,122955,591.0,26156.0,17.32
438,Argentina,Sweet potatoes,1993,122955,591.0,26156.0,17.53
439,Argentina,Wheat,1993,23272,591.0,26156.0,17.32
440,Argentina,Wheat,1993,23272,591.0,26156.0,17.53
441,Argentina,Cassava,1994,100000,591.0,30195.0,18.17
442,Argentina,Cassava,1994,100000,591.0,30195.0,18.31
443,Argentina,Maize,1994,42371,591.0,30195.0,18.17
444,Argentina,Maize,1994,42371,591.0,30195.0,18.31
445,Argentina,Potatoes,1994,230166,591.0,30195.0,18.17
446,Argentina,Potatoes,1994,230166,591.0,30195.0,18.31
447,Argentina,"Rice, paddy",1994,42989,591.0,30195.0,18.17
448,Argentina,"Rice, paddy",1994,42989,591.0,30195.0,18.31
449,Argentina,Sorghum,1994,35065,591.0,30195.0,18.17
450,Argentina,Sorghum,1994,35065,591.0,30195.0,18.31
451,Argentina,Soybeans,1994,20386,591.0,30195.0,18.17
452,Argentina,Soybeans,1994,20386,591.0,30195.0,18.31
453,Argentina,Sweet potatoes,1994,176667,591.0,30195.0,18.17
454,Argentina,Sweet potatoes,1994,176667,591.0,30195.0,18.31
455,Argentina,Wheat,1994,20237,591.0,30195.0,18.17
456,Argentina,Wheat,1994,20237,591.0,30195.0,18.31
457,Argentina,Cassava,1995,100000,591.0,37842.0,17.74
458,Argentina,Cassava,1995,100000,591.0,37842.0,17.62
459,Argentina,Maize,1995,45223,591.0,37842.0,17.74
460,Argentina,Maize,1995,45223,591.0,37842.0,17.62
461,Argentina,Potatoes,1995,274272,591.0,37842.0,17.74
462,Argentina,Potatoes,1995,274272,591.0,37842.0,17.62
463,Argentina,"Rice, paddy",1995,50306,591.0,37842.0,17.74
464,Argentina,"Rice, paddy",1995,50306,591.0,37842.0,17.62
465,Argentina,Sorghum,1995,34588,591.0,37842.0,17.74
466,Argentina,Sorghum,1995,34588,591.0,37842.0,17.62
467,Argentina,Soybeans,1995,20446,591.0,37842.0,17.74
468,Argentina,Soybeans,1995,20446,591.0,37842.0,17.62
469,Argentina,Sweet potatoes,1995,168000,591.0,37842.0,17.74
470,Argentina,Sweet potatoes,1995,168000,591.0,37842.0,17.62
471,Argentina,Wheat,1995,21675,591.0,37842.0,17.74
472,Argentina,Wheat,1995,21675,591.0,37842.0,17.62
473,Argentina,Cassava,1996,100000,591.0,54595.0,17.64
474,Argentina,Cassava,1996,100000,591.0,54595.0,17.97
475,Argentina,Maize,1996,40397,591.0,54595.0,17.64
476,Argentina,Maize,1996,40397,591.0,54595.0,17.97
477,Argentina,Potatoes,1996,228877,591.0,54595.0,17.64
478,Argentina,Potatoes,1996,228877,591.0,54595.0,17.97
479,Argentina,"Rice, paddy",1996,51031,591.0,54595.0,17.64
480,Argentina,"Rice, paddy",1996,51031,591.0,54595.0,17.97
481,Argentina,Sorghum,1996,38763,591.0,54595.0,17.64
482,Argentina,Sorghum,1996,38763,591.0,54595.0,17.97
483,Argentina,Soybeans,1996,21051,591.0,54595.0,17.64
484,Argentina,Soybeans,1996,21051,591.0,54595.0,17.97
485,Argentina,Sweet potatoes,1996,170000,591.0,54595.0,17.64
486,Argentina,Sweet potatoes,1996,170000,591.0,54595.0,17.97
487,Argentina,Wheat,1996,19344,591.0,54595.0,17.64
488,Argentina,Wheat,1996,19344,591.0,54595.0,17.97
489,Argentina,Cassava,1997,100000,591.0,77691.0,18.29
490,Argentina,Cassava,1997,100000,591.0,77691.0,18.54
491,Argentina,Maize,1997,45557,591.0,77691.0,18.29
492,Argentina,Maize,1997,45557,591.0,77691.0,18.54
493,Argentina,Potatoes,1997,268502,591.0,77691.0,18.29
494,Argentina,Potatoes,1997,268502,591.0,77691.0,18.54
495,Argentina,"Rice, paddy",1997,53703,591.0,77691.0,18.29
496,Argentina,"Rice, paddy",1997,53703,591.0,77691.0,18.54
497,Argentina,Sorghum,1997,36845,591.0,77691.0,18.29
498,Argentina,Sorghum,1997,36845,591.0,77691.0,18.54
499,Argentina,Soybeans,1997,17212,591.0,77691.0,18.29
500,Argentina,Soybeans,1997,17212,591.0,77691.0,18.54
501,Argentina,Sweet potatoes,1997,145662,591.0,77691.0,18.29
502,Argentina,Sweet potatoes,1997,145662,591.0,77691.0,18.54
503,Argentina,Wheat,1997,22426,591.0,77691.0,18.29
504,Argentina,Wheat,1997,22426,591.0,77691.0,18.54
505,Argentina,Cassava,1998,100000,591.0,62397.0,17.23
506,Argentina,Cassava,1998,100000,591.0,62397.0,17.52
507,Argentina,Maize,1998,60780,591.0,62397.0,17.23
508,Argentina,Maize,1998,60780,591.0,62397.0,17.52
509,Argentina,Potatoes,1998,293744,591.0,62397.0,17.23
510,Argentina,Potatoes,1998,293744,591.0,62397.0,17.52
511,Argentina,"Rice, paddy",1998,47762,591.0,62397.0,17.23
512,Argentina,"Rice, paddy",1998,47762,591.0,62397.0,17.52
513,Argentina,Sorghum,1998,48105,591.0,62397.0,17.23
514,Argentina,Sorghum,1998,48105,591.0,62397.0,17.52
515,Argentina,Soybeans,1998,26937,591.0,62397.0,17.23
516,Argentina,Soybeans,1998,26937,591.0,62397.0,17.52
517,Argentina,Sweet potatoes,1998,175055,591.0,62397.0,17.23
518,Argentina,Sweet potatoes,1998,175055,591.0,62397.0,17.52
519,Argentina,Wheat,1998,26088,591.0,62397.0,17.23
520,Argentina,Wheat,1998,26088,591.0,62397.0,17.52
521,Argentina,Cassava,1999,100000,591.0,62831.39,17.15
522,Argentina,Cassava,1999,100000,591.0,62831.39,17.71
523,Argentina,Maize,1999,53702,591.0,62831.39,17.15
524,Argentina,Maize,1999,53702,591.0,62831.39,17.71
525,Argentina,Potatoes,1999,238938,591.0,62831.39,17.15
526,Argentina,Potatoes,1999,238938,591.0,62831.39,17.71
527,Argentina,"Rice, paddy",1999,57337,591.0,62831.39,17.15
528,Argentina,"Rice, paddy",1999,57337,591.0,62831.39,17.71
529,Argentina,Sorghum,1999,43845,591.0,62831.39,17.15
530,Argentina,Sorghum,1999,43845,591.0,62831.39,17.71
531,Argentina,Soybeans,1999,24450,591.0,62831.39,17.15
532,Argentina,Soybeans,1999,24450,591.0,62831.39,17.71
533,Argentina,Sweet potatoes,1999,143991,591.0,62831.39,17.15
534,Argentina,Sweet potatoes,1999,143991,591.0,62831.39,17.71
535,Argentina,Wheat,1999,23028,591.0,62831.39,17.15
536,Argentina,Wheat,1999,23028,591.0,62831.39,17.71
537,Argentina,Cassava,2000,100000,591.0,63265.78,16.98
538,Argentina,Cassava,2000,100000,591.0,63265.78,17.66
539,Argentina,Maize,2000,54329,591.0,63265.78,16.98
540,Argentina,Maize,2000,54329,591.0,63265.78,17.66
541,Argentina,Potatoes,2000,277566,591.0,63265.78,16.98
542,Argentina,Potatoes,2000,277566,591.0,63265.78,17.66
543,Argentina,"Rice, paddy",2000,47798,591.0,63265.78,16.98
544,Argentina,"Rice, paddy",2000,47798,591.0,63265.78,17.66
545,Argentina,Sorghum,2000,46477,591.0,63265.78,16.98
546,Argentina,Sorghum,2000,46477,591.0,63265.78,17.66
547,Argentina,Soybeans,2000,23312,591.0,63265.78,16.98
548,Argentina,Soybeans,2000,23312,591.0,63265.78,17.66
549,Argentina,Sweet potatoes,2000,151462,591.0,63265.78,16.98
550,Argentina,Sweet potatoes,2000,151462,591.0,63265.78,17.66
551,Argentina,Wheat,2000,24873,591.0,63265.78,16.98
552,Argentina,Wheat,2000,24873,591.0,63265.78,17.66
553,Argentina,Cassava,2001,100000,591.0,63700.17,17.71
554,Argentina,Cassava,2001,100000,591.0,63700.17,18.42
555,Argentina,Maize,2001,54553,591.0,63700.17,17.71
556,Argentina,Maize,2001,54553,591.0,63700.17,18.42
557,Argentina,Potatoes,2001,283768,591.0,63700.17,17.71
558,Argentina,Potatoes,2001,283768,591.0,63700.17,18.42
559,Argentina,"Rice, paddy",2001,57495,591.0,63700.17,17.71
560,Argentina,"Rice, paddy",2001,57495,591.0,63700.17,18.42
561,Argentina,Sorghum,2001,47429,591.0,63700.17,17.71
562,Argentina,Sorghum,2001,47429,591.0,63700.17,18.42
563,Argentina,Soybeans,2001,25846,591.0,63700.17,17.71
564,Argentina,Soybeans,2001,25846,591.0,63700.17,18.42
565,Argentina,Sweet potatoes,2001,155212,591.0,63700.17,17.71
566,Argentina,Sweet potatoes,2001,155212,591.0,63700.17,18.42
567,Argentina,Wheat,2001,24934,591.0,63700.17,17.71
568,Argentina,Wheat,2001,24934,591.0,63700.17,18.42
569,Argentina,Cassava,2002,100000,591.0,64134.56,17.58
570,Argentina,Cassava,2002,100000,591.0,64134.56,18.07
571,Argentina,Maize,2002,60791,591.0,64134.56,17.58
572,Argentina,Maize,2002,60791,591.0,64134.56,18.07
573,Argentina,Potatoes,2002,251347,591.0,64134.56,17.58
574,Argentina,Potatoes,2002,251347,591.0,64134.56,18.07
575,Argentina,"Rice, paddy",2002,57197,591.0,64134.56,17.58
576,Argentina,"Rice, paddy",2002,57197,591.0,64134.56,18.07
577,Argentina,Sorghum,2002,52691,591.0,64134.56,17.58
578,Argentina,Sorghum,2002,52691,591.0,64134.56,18.07
579,Argentina,Soybeans,2002,26304,591.0,64134.56,17.58
580,Argentina,Soybeans,2002,26304,591.0,64134.56,18.07
581,Argentina,Sweet potatoes,2002,155890,591.0,64134.56,17.58
582,Argentina,Sweet potatoes,2002,155890,591.0,64134.56,18.07
583,Argentina,Wheat,2002,22398,591.0,64134.56,17.58
584,Argentina,Wheat,2002,22398,591.0,64134.56,18.07
585,Argentina,Cassava,2004,100000,591.0,65003.34,17.67
586,Argentina,Cassava,2004,100000,591.0,65003.34,18.11
587,Argentina,Maize,2004,63931,591.0,65003.34,17.67
588,Argentina,Maize,2004,63931,591.0,65003.34,18.11
589,Argentina,Potatoes,2004,288717,591.0,65003.34,17.67
590,Argentina,Potatoes,2004,288717,591.0,65003.34,18.11
591,Argentina,"Rice, paddy",2004,62661,591.0,65003.34,17.67
592,Argentina,"Rice, paddy",2004,62661,591.0,65003.34,18.11
593,Argentina,Sorghum,2004,45531,591.0,65003.34,17.67
594,Argentina,Sorghum,2004,45531,591.0,65003.34,18.11
595,Argentina,Soybeans,2004,22075,591.0,65003.34,17.67
596,Argentina,Soybeans,2004,22075,591.0,65003.34,18.11
597,Argentina,Sweet potatoes,2004,154867,591.0,65003.34,17.67
598,Argentina,Sweet potatoes,2004,154867,591.0,65003.34,18.11
599,Argentina,Wheat,2004,25441,591.0,65003.34,17.67
600,Argentina,Wheat,2004,25441,591.0,65003.34,18.11
601,Argentina,Cassava,2005,100000,591.0,65437.73,17.32
602,Argentina,Cassava,2005,100000,591.0,65437.73,17.83
603,Argentina,Maize,2005,73587,591.0,65437.73,17.32
604,Argentina,Maize,2005,73587,591.0,65437.73,17.83
605,Argentina,Potatoes,2005,283917,591.0,65437.73,17.32
606,Argentina,Potatoes,2005,283917,591.0,65437.73,17.83
607,Argentina,"Rice, paddy",2005,60165,591.0,65437.73,17.32
608,Argentina,"Rice, paddy",2005,60165,591.0,65437.73,17.83
609,Argentina,Sorghum,2005,51872,591.0,65437.73,17.32
610,Argentina,Sorghum,2005,51872,591.0,65437.73,17.83
611,Argentina,Soybeans,2005,27287,591.0,65437.73,17.32
612,Argentina,Soybeans,2005,27287,591.0,65437.73,17.83
613,Argentina,Sweet potatoes,2005,154472,591.0,65437.73,17.32
614,Argentina,Sweet potatoes,2005,154472,591.0,65437.73,17.83
615,Argentina,Wheat,2005,26356,591.0,65437.73,17.32
616,Argentina,Wheat,2005,26356,591.0,65437.73,17.83
617,Argentina,Cassava,2006,100000,591.0,65872.12,18.1
618,Argentina,Cassava,2006,100000,591.0,65872.12,18.35
619,Argentina,Maize,2006,59030,591.0,65872.12,18.1
620,Argentina,Maize,2006,59030,591.0,65872.12,18.35
621,Argentina,Potatoes,2006,285828,591.0,65872.12,18.1
622,Argentina,Potatoes,2006,285828,591.0,65872.12,18.35
623,Argentina,"Rice, paddy",2006,70610,591.0,65872.12,18.1
624,Argentina,"Rice, paddy",2006,70610,591.0,65872.12,18.35
625,Argentina,Sorghum,2006,46778,591.0,65872.12,18.1
626,Argentina,Sorghum,2006,46778,591.0,65872.12,18.35
627,Argentina,Soybeans,2006,26793,591.0,65872.12,18.1
628,Argentina,Soybeans,2006,26793,591.0,65872.12,18.35
629,Argentina,Sweet potatoes,2006,143478,591.0,65872.12,18.1
630,Argentina,Sweet potatoes,2006,143478,591.0,65872.12,18.35
631,Argentina,Wheat,2006,25302,591.0,65872.12,18.1
632,Argentina,Wheat,2006,25302,591.0,65872.12,18.35
633,Argentina,Cassava,2007,100000,591.0,81582.64,16.71
634,Argentina,Cassava,2007,100000,591.0,81582.64,17.14
635,Argentina,Maize,2007,76655,591.0,81582.64,16.71
636,Argentina,Maize,2007,76655,591.0,81582.64,17.14
637,Argentina,Potatoes,2007,286765,591.0,81582.64,16.71
638,Argentina,Potatoes,2007,286765,591.0,81582.64,17.14
639,Argentina,"Rice, paddy",2007,65604,591.0,81582.64,16.71
640,Argentina,"Rice, paddy",2007,65604,591.0,81582.64,17.14
641,Argentina,Sorghum,2007,47021,591.0,81582.64,16.71
642,Argentina,Sorghum,2007,47021,591.0,81582.64,17.14
643,Argentina,Soybeans,2007,29712,591.0,81582.64,16.71
644,Argentina,Soybeans,2007,29712,591.0,81582.64,17.14
645,Argentina,Sweet potatoes,2007,141667,591.0,81582.64,16.71
646,Argentina,Sweet potatoes,2007,141667,591.0,81582.64,17.14
647,Argentina,Wheat,2007,26234,591.0,81582.64,16.71
648,Argentina,Wheat,2007,26234,591.0,81582.64,17.14
649,Argentina,Cassava,2008,100000,591.0,87149.01,17.71
650,Argentina,Cassava,2008,100000,591.0,87149.01,18.39
651,Argentina,Maize,2008,64525,591.0,87149.01,17.71
652,Argentina,Maize,2008,64525,591.0,87149.01,18.39
653,Argentina,Potatoes,2008,279412,591.0,87149.01,17.71
654,Argentina,Potatoes,2008,279412,591.0,87149.01,18.39
655,Argentina,"Rice, paddy",2008,68278,591.0,87149.01,17.71
656,Argentina,"Rice, paddy",2008,68278,591.0,87149.01,18.39
657,Argentina,Sorghum,2008,47474,591.0,87149.01,17.71
658,Argentina,Sorghum,2008,47474,591.0,87149.01,18.39
659,Argentina,Soybeans,2008,28216,591.0,87149.01,17.71
660,Argentina,Soybeans,2008,28216,591.0,87149.01,18.39
661,Argentina,Sweet potatoes,2008,145105,591.0,87149.01,17.71
662,Argentina,Sweet potatoes,2008,145105,591.0,87149.01,18.39
663,Argentina,Wheat,2008,28271,591.0,87149.01,17.71
664,Argentina,Wheat,2008,28271,591.0,87149.01,18.39
665,Argentina,Cassava,2009,101695,591.0,61586.56,18.16
666,Argentina,Cassava,2009,101695,591.0,61586.56,18.09
667,Argentina,Maize,2009,55760,591.0,61586.56,18.16
668,Argentina,Maize,2009,55760,591.0,61586.56,18.09
669,Argentina,Potatoes,2009,284439,591.0,61586.56,18.16
670,Argentina,Potatoes,2009,284439,591.0,61586.56,18.09
671,Argentina,"Rice, paddy",2009,68842,591.0,61586.56,18.16
672,Argentina,"Rice, paddy",2009,68842,591.0,61586.56,18.09
673,Argentina,Sorghum,2009,38752,591.0,61586.56,18.16
674,Argentina,Sorghum,2009,38752,591.0,61586.56,18.09
675,Argentina,Soybeans,2009,18480,591.0,61586.56,18.16
676,Argentina,Soybeans,2009,18480,591.0,61586.56,18.09
677,Argentina,Sweet potatoes,2009,151208,591.0,61586.56,18.16
678,Argentina,Sweet potatoes,2009,151208,591.0,61586.56,18.09
679,Argentina,Wheat,2009,19628,591.0,61586.56,18.16
680,Argentina,Wheat,2009,19628,591.0,61586.56,18.09
681,Argentina,Cassava,2010,101000,591.0,105915.04,17.33
682,Argentina,Cassava,2010,101000,591.0,105915.04,17.84
683,Argentina,Maize,2010,78040,591.0,105915.04,17.33
684,Argentina,Maize,2010,78040,591.0,105915.04,17.84
685,Argentina,Potatoes,2010,289849,591.0,105915.04,17.33
686,Argentina,Potatoes,2010,289849,591.0,105915.04,17.84
687,Argentina,"Rice, paddy",2010,57646,591.0,105915.04,17.33
688,Argentina,"Rice, paddy",2010,57646,591.0,105915.04,17.84
689,Argentina,Sorghum,2010,48163,591.0,105915.04,17.33
690,Argentina,Sorghum,2010,48163,591.0,105915.04,17.84
691,Argentina,Soybeans,2010,29053,591.0,105915.04,17.33
692,Argentina,Soybeans,2010,29053,591.0,105915.04,17.84
693,Argentina,Sweet potatoes,2010,149382,591.0,105915.04,17.33
694,Argentina,Sweet potatoes,2010,149382,591.0,105915.04,17.84
695,Argentina,Wheat,2010,27113,591.0,105915.04,17.33
696,Argentina,Wheat,2010,27113,591.0,105915.04,17.84
697,Argentina,Cassava,2011,100000,591.0,100424.62,17.58
698,Argentina,Cassava,2011,100000,591.0,100424.62,17.93
699,Argentina,Maize,2011,63503,591.0,100424.62,17.58
700,Argentina,Maize,2011,63503,591.0,100424.62,17.93
701,Argentina,Potatoes,2011,286657,591.0,100424.62,17.58
702,Argentina,Potatoes,2011,286657,591.0,100424.62,17.93
703,Argentina,"Rice, paddy",2011,67901,591.0,100424.62,17.58
704,Argentina,"Rice, paddy",2011,67901,591.0,100424.62,17.93
705,Argentina,Sorghum,2011,44029,591.0,100424.62,17.58
706,Argentina,Sorghum,2011,44029,591.0,100424.62,17.93
707,Argentina,Soybeans,2011,26053,591.0,100424.62,17.58
708,Argentina,Soybeans,2011,26053,591.0,100424.62,17.93
709,Argentina,Sweet potatoes,2011,148754,591.0,100424.62,17.58
710,Argentina,Sweet potatoes,2011,148754,591.0,100424.62,17.93
711,Argentina,Wheat,2011,35063,591.0,100424.62,17.58
712,Argentina,Wheat,2011,35063,591.0,100424.62,17.93
713,Argentina,Cassava,2012,100000,591.0,136185.08,18.18
714,Argentina,Cassava,2012,100000,591.0,136185.08,18.43
715,Argentina,Maize,2012,57346,591.0,136185.08,18.18
716,Argentina,Maize,2012,57346,591.0,136185.08,18.43
717,Argentina,Potatoes,2012,287821,591.0,136185.08,18.18
718,Argentina,Potatoes,2012,287821,591.0,136185.08,18.43
719,Argentina,"Rice, paddy",2012,66617,591.0,136185.08,18.18
720,Argentina,"Rice, paddy",2012,66617,591.0,136185.08,18.43
721,Argentina,Sorghum,2012,46534,591.0,136185.08,18.18
722,Argentina,Sorghum,2012,46534,591.0,136185.08,18.43
723,Argentina,Soybeans,2012,22814,591.0,136185.08,18.18
724,Argentina,Soybeans,2012,22814,591.0,136185.08,18.43
725,Argentina,Sweet potatoes,2012,148126,591.0,136185.08,18.18
726,Argentina,Sweet potatoes,2012,148126,591.0,136185.08,18.43
727,Argentina,Wheat,2012,32199,591.0,136185.08,18.18
728,Argentina,Wheat,2012,32199,591.0,136185.08,18.43
729,Argentina,Cassava,2013,99459,591.0,171945.54,16.45
730,Argentina,Cassava,2013,99459,591.0,171945.54,16.88
731,Argentina,Maize,2013,66037,591.0,171945.54,16.45
732,Argentina,Maize,2013,66037,591.0,171945.54,16.88
733,Argentina,Potatoes,2013,288984,591.0,171945.54,16.45
734,Argentina,Potatoes,2013,288984,591.0,171945.54,16.88
735,Argentina,"Rice, paddy",2013,67187,591.0,171945.54,16.45
736,Argentina,"Rice, paddy",2013,67187,591.0,171945.54,16.88
737,Argentina,Sorghum,2013,40852,591.0,171945.54,16.45
738,Argentina,Sorghum,2013,40852,591.0,171945.54,16.88
739,Argentina,Soybeans,2013,25391,591.0,171945.54,16.45
740,Argentina,Soybeans,2013,25391,591.0,171945.54,16.88
741,Argentina,Sweet potatoes,2013,147498,591.0,171945.54,16.45
742,Argentina,Sweet potatoes,2013,147498,591.0,171945.54,16.88
743,Argentina,Wheat,2013,26581,591.0,171945.54,16.45
744,Argentina,Wheat,2013,26581,591.0,171945.54,16.88
745,Armenia,Maize,1992,32344,562.0,8.0,7.44
746,Armenia,Potatoes,1992,111301,562.0,8.0,7.44
747,Armenia,Wheat,1992,21600,562.0,8.0,7.44
748,Armenia,Maize,1993,32261,562.0,8.0,7.69
749,Armenia,Potatoes,1993,134416,562.0,8.0,7.69
750,Armenia,Wheat,1993,22257,562.0,8.0,7.69
751,Armenia,Maize,1994,32667,562.0,23.0,8.84
752,Armenia,Potatoes,1994,131195,562.0,23.0,8.84
753,Armenia,Wheat,1994,17842,562.0,23.0,8.84
754,Armenia,Maize,1995,18261,562.0,23.9,9.76
755,Armenia,Potatoes,1995,131196,562.0,23.9,9.76
756,Armenia,Wheat,1995,25480,562.0,23.9,9.76
757,Armenia,Maize,1996,22239,562.0,32.0,9.55
758,Armenia,Potatoes,1996,129626,562.0,32.0,9.55
759,Armenia,Wheat,1996,23569,562.0,32.0,9.55
760,Armenia,Maize,1997,45548,562.0,41.46,9.1
761,Armenia,Potatoes,1997,109362,562.0,41.46,9.1
762,Armenia,Wheat,1997,17009,562.0,41.46,9.1
763,Armenia,Maize,1998,26082,562.0,50.92,10.28
764,Armenia,Potatoes,1998,134409,562.0,50.92,10.28
765,Armenia,Wheat,1998,20651,562.0,50.92,10.28
766,Armenia,Maize,1999,40303,562.0,60.38,10.11
767,Armenia,Potatoes,1999,130618,562.0,60.38,10.11
768,Armenia,Wheat,1999,19466,562.0,60.38,10.11
769,Armenia,Maize,2000,23178,562.0,69.85,9.68
770,Armenia,Potatoes,2000,87349,562.0,69.85,9.68
771,Armenia,Wheat,2000,16679,562.0,69.85,9.68
772,Armenia,Maize,2001,37913,562.0,79.31,10.18
773,Armenia,Potatoes,2001,114619,562.0,79.31,10.18
774,Armenia,Wheat,2001,22263,562.0,79.31,10.18
775,Armenia,Maize,2002,37380,562.0,88.77,9.41
776,Armenia,Potatoes,2002,122814,562.0,88.77,9.41
777,Armenia,Wheat,2002,23877,562.0,88.77,9.41
778,Armenia,Maize,2004,61791,562.0,204.77,9.55
779,Armenia,Potatoes,2004,161509,562.0,204.77,9.55
780,Armenia,Wheat,2004,23416,562.0,204.77,9.55
781,Armenia,Maize,2005,44692,562.0,220.51,9.58
782,Armenia,Potatoes,2005,164459,562.0,220.51,9.58
783,Armenia,Wheat,2005,20252,562.0,220.51,9.58
784,Armenia,Maize,2006,33271,562.0,227.55,9.89
785,Armenia,Potatoes,2006,163418,562.0,227.55,9.89
786,Armenia,Wheat,2006,14627,562.0,227.55,9.89
787,Armenia,Maize,2007,53262,562.0,241.71,9.44
788,Armenia,Potatoes,2007,184719,562.0,241.71,9.44
789,Armenia,Wheat,2007,25837,562.0,241.71,9.44
790,Armenia,Maize,2008,53424,562.0,218.2,9.51
791,Armenia,Potatoes,2008,189096,562.0,218.2,9.51
792,Armenia,Wheat,2008,24322,562.0,218.2,9.51
793,Armenia,Maize,2009,57763,562.0,198.36,9.67
794,Armenia,Potatoes,2009,185496,562.0,198.36,9.67
795,Armenia,Wheat,2009,22374,562.0,198.36,9.67
796,Armenia,Maize,2010,46724,562.0,278.72,11.31
797,Armenia,Potatoes,2010,170146,562.0,278.72,11.31
798,Armenia,Wheat,2010,21192,562.0,278.72,11.31
799,Armenia,Maize,2011,54257,562.0,278.72,8.93
800,Armenia,Potatoes,2011,194426,562.0,278.72,8.93
801,Armenia,Wheat,2011,28800,562.0,278.72,8.93
802,Armenia,Maize,2012,62215,562.0,278.72,10.2
803,Armenia,Potatoes,2012,207151,562.0,278.72,10.2
804,Armenia,Wheat,2012,26010,562.0,278.72,10.2
805,Armenia,Maize,2013,67114,562.0,278.72,11.08
806,Armenia,Potatoes,2013,215290,562.0,278.72,11.08
807,Armenia,Wheat,2013,31273,562.0,278.72,11.08
808,Australia,Maize,1990,41821,534.0,17866.0,16.8
809,Australia,Maize,1990,41821,534.0,17866.0,20.06
810,Australia,Maize,1990,41821,534.0,17866.0,12.11
811,Australia,Maize,1990,41821,534.0,17866.0,14.16
812,Australia,Maize,1990,41821,534.0,17866.0,18.05
813,Australia,Maize,1990,41821,534.0,17866.0,17.47
814,Australia,Potatoes,1990,289832,534.0,17866.0,16.8
815,Australia,Potatoes,1990,289832,534.0,17866.0,20.06
816,Australia,Potatoes,1990,289832,534.0,17866.0,12.11
817,Australia,Potatoes,1990,289832,534.0,17866.0,14.16
818,Australia,Potatoes,1990,289832,534.0,17866.0,18.05
819,Australia,Potatoes,1990,289832,534.0,17866.0,17.47
820,Australia,"Rice, paddy",1990,88000,534.0,17866.0,16.8
821,Australia,"Rice, paddy",1990,88000,534.0,17866.0,20.06
822,Australia,"Rice, paddy",1990,88000,534.0,17866.0,12.11
823,Australia,"Rice, paddy",1990,88000,534.0,17866.0,14.16
824,Australia,"Rice, paddy",1990,88000,534.0,17866.0,18.05
825,Australia,"Rice, paddy",1990,88000,534.0,17866.0,17.47
826,Australia,Sorghum,1990,24883,534.0,17866.0,16.8
827,Australia,Sorghum,1990,24883,534.0,17866.0,20.06
828,Australia,Sorghum,1990,24883,534.0,17866.0,12.11
829,Australia,Sorghum,1990,24883,534.0,17866.0,14.16
830,Australia,Sorghum,1990,24883,534.0,17866.0,18.05
831,Australia,Sorghum,1990,24883,534.0,17866.0,17.47
832,Australia,Soybeans,1990,15718,534.0,17866.0,16.8
833,Australia,Soybeans,1990,15718,534.0,17866.0,20.06
834,Australia,Soybeans,1990,15718,534.0,17866.0,12.11
835,Australia,Soybeans,1990,15718,534.0,17866.0,14.16
836,Australia,Soybeans,1990,15718,534.0,17866.0,18.05
837,Australia,Soybeans,1990,15718,534.0,17866.0,17.47
838,Australia,Sweet potatoes,1990,137140,534.0,17866.0,16.8
839,Australia,Sweet potatoes,1990,137140,534.0,17866.0,20.06
840,Australia,Sweet potatoes,1990,137140,534.0,17866.0,12.11
841,Australia,Sweet potatoes,1990,137140,534.0,17866.0,14.16
842,Australia,Sweet potatoes,1990,137140,534.0,17866.0,18.05
843,Australia,Sweet potatoes,1990,137140,534.0,17866.0,17.47
844,Australia,Wheat,1990,16344,534.0,17866.0,16.8
845,Australia,Wheat,1990,16344,534.0,17866.0,20.06
846,Australia,Wheat,1990,16344,534.0,17866.0,12.11
847,Australia,Wheat,1990,16344,534.0,17866.0,14.16
848,Australia,Wheat,1990,16344,534.0,17866.0,18.05
849,Australia,Wheat,1990,16344,534.0,17866.0,17.47
850,Australia,Maize,1991,39938,534.0,17866.0,16.78
851,Australia,Maize,1991,39938,534.0,17866.0,20.29
852,Australia,Maize,1991,39938,534.0,17866.0,12.22
853,Australia,Maize,1991,39938,534.0,17866.0,13.77
854,Australia,Maize,1991,39938,534.0,17866.0,18.73
855,Australia,Maize,1991,39938,534.0,17866.0,17.85
856,Australia,Potatoes,1991,285359,534.0,17866.0,16.78
857,Australia,Potatoes,1991,285359,534.0,17866.0,20.29
858,Australia,Potatoes,1991,285359,534.0,17866.0,12.22
859,Australia,Potatoes,1991,285359,534.0,17866.0,13.77
860,Australia,Potatoes,1991,285359,534.0,17866.0,18.73
861,Australia,Potatoes,1991,285359,534.0,17866.0,17.85
862,Australia,"Rice, paddy",1991,88427,534.0,17866.0,16.78
863,Australia,"Rice, paddy",1991,88427,534.0,17866.0,20.29
864,Australia,"Rice, paddy",1991,88427,534.0,17866.0,12.22
865,Australia,"Rice, paddy",1991,88427,534.0,17866.0,13.77
866,Australia,"Rice, paddy",1991,88427,534.0,17866.0,18.73
867,Australia,"Rice, paddy",1991,88427,534.0,17866.0,17.85
868,Australia,Sorghum,1991,19865,534.0,17866.0,16.78
869,Australia,Sorghum,1991,19865,534.0,17866.0,20.29
870,Australia,Sorghum,1991,19865,534.0,17866.0,12.22
871,Australia,Sorghum,1991,19865,534.0,17866.0,13.77
872,Australia,Sorghum,1991,19865,534.0,17866.0,18.73
873,Australia,Sorghum,1991,19865,534.0,17866.0,17.85
874,Australia,Soybeans,1991,15551,534.0,17866.0,16.78
875,Australia,Soybeans,1991,15551,534.0,17866.0,20.29
876,Australia,Soybeans,1991,15551,534.0,17866.0,12.22
877,Australia,Soybeans,1991,15551,534.0,17866.0,13.77
878,Australia,Soybeans,1991,15551,534.0,17866.0,18.73
879,Australia,Soybeans,1991,15551,534.0,17866.0,17.85
880,Australia,Sweet potatoes,1991,151142,534.0,17866.0,16.78
881,Australia,Sweet potatoes,1991,151142,534.0,17866.0,20.29
882,Australia,Sweet potatoes,1991,151142,534.0,17866.0,12.22
883,Australia,Sweet potatoes,1991,151142,534.0,17866.0,13.77
884,Australia,Sweet potatoes,1991,151142,534.0,17866.0,18.73
885,Australia,Sweet potatoes,1991,151142,534.0,17866.0,17.85
886,Australia,Wheat,1991,14698,534.0,17866.0,16.78
887,Australia,Wheat,1991,14698,534.0,17866.0,20.29
888,Australia,Wheat,1991,14698,534.0,17866.0,12.22
889,Australia,Wheat,1991,14698,534.0,17866.0,13.77
890,Australia,Wheat,1991,14698,534.0,17866.0,18.73
891,Australia,Wheat,1991,14698,534.0,17866.0,17.85
892,Australia,Maize,1992,51721,534.0,22234.0,15.78
893,Australia,Maize,1992,51721,534.0,22234.0,19.79
894,Australia,Maize,1992,51721,534.0,22234.0,11.21
895,Australia,Maize,1992,51721,534.0,22234.0,13.31
896,Australia,Maize,1992,51721,534.0,22234.0,18.45
897,Australia,Maize,1992,51721,534.0,22234.0,16.89
898,Australia,Potatoes,1992,289220,534.0,22234.0,15.78
899,Australia,Potatoes,1992,289220,534.0,22234.0,19.79
900,Australia,Potatoes,1992,289220,534.0,22234.0,11.21
901,Australia,Potatoes,1992,289220,534.0,22234.0,13.31
902,Australia,Potatoes,1992,289220,534.0,22234.0,18.45
903,Australia,Potatoes,1992,289220,534.0,22234.0,16.89
904,Australia,"Rice, paddy",1992,88346,534.0,22234.0,15.78
905,Australia,"Rice, paddy",1992,88346,534.0,22234.0,19.79
906,Australia,"Rice, paddy",1992,88346,534.0,22234.0,11.21
907,Australia,"Rice, paddy",1992,88346,534.0,22234.0,13.31
908,Australia,"Rice, paddy",1992,88346,534.0,22234.0,18.45
909,Australia,"Rice, paddy",1992,88346,534.0,22234.0,16.89
910,Australia,Sorghum,1992,25431,534.0,22234.0,15.78
911,Australia,Sorghum,1992,25431,534.0,22234.0,19.79
912,Australia,Sorghum,1992,25431,534.0,22234.0,11.21
913,Australia,Sorghum,1992,25431,534.0,22234.0,13.31
914,Australia,Sorghum,1992,25431,534.0,22234.0,18.45
915,Australia,Sorghum,1992,25431,534.0,22234.0,16.89
916,Australia,Soybeans,1992,21141,534.0,22234.0,15.78
917,Australia,Soybeans,1992,21141,534.0,22234.0,19.79
918,Australia,Soybeans,1992,21141,534.0,22234.0,11.21
919,Australia,Soybeans,1992,21141,534.0,22234.0,13.31
920,Australia,Soybeans,1992,21141,534.0,22234.0,18.45
921,Australia,Soybeans,1992,21141,534.0,22234.0,16.89
922,Australia,Sweet potatoes,1992,127548,534.0,22234.0,15.78
923,Australia,Sweet potatoes,1992,127548,534.0,22234.0,19.79
924,Australia,Sweet potatoes,1992,127548,534.0,22234.0,11.21
925,Australia,Sweet potatoes,1992,127548,534.0,22234.0,13.31
926,Australia,Sweet potatoes,1992,127548,534.0,22234.0,18.45
927,Australia,Sweet potatoes,1992,127548,534.0,22234.0,16.89
928,Australia,Wheat,1992,17812,534.0,22234.0,15.78
929,Australia,Wheat,1992,17812,534.0,22234.0,19.79
930,Australia,Wheat,1992,17812,534.0,22234.0,11.21
931,Australia,Wheat,1992,17812,534.0,22234.0,13.31
932,Australia,Wheat,1992,17812,534.0,22234.0,18.45
933,Australia,Wheat,1992,17812,534.0,22234.0,16.89
934,Australia,Maize,1993,44261,534.0,23899.0,16.71
935,Australia,Maize,1993,44261,534.0,23899.0,20.19
936,Australia,Maize,1993,44261,534.0,23899.0,11.84
937,Australia,Maize,1993,44261,534.0,23899.0,13.81
938,Australia,Maize,1993,44261,534.0,23899.0,18.03
939,Australia,Maize,1993,44261,534.0,23899.0,17.42
940,Australia,Potatoes,1993,290981,534.0,23899.0,16.71
941,Australia,Potatoes,1993,290981,534.0,23899.0,20.19
942,Australia,Potatoes,1993,290981,534.0,23899.0,11.84
943,Australia,Potatoes,1993,290981,534.0,23899.0,13.81
944,Australia,Potatoes,1993,290981,534.0,23899.0,18.03
945,Australia,Potatoes,1993,290981,534.0,23899.0,17.42
946,Australia,"Rice, paddy",1993,76400,534.0,23899.0,16.71
947,Australia,"Rice, paddy",1993,76400,534.0,23899.0,20.19
948,Australia,"Rice, paddy",1993,76400,534.0,23899.0,11.84
949,Australia,"Rice, paddy",1993,76400,534.0,23899.0,13.81
950,Australia,"Rice, paddy",1993,76400,534.0,23899.0,18.03
951,Australia,"Rice, paddy",1993,76400,534.0,23899.0,17.42
952,Australia,Sorghum,1993,12834,534.0,23899.0,16.71
953,Australia,Sorghum,1993,12834,534.0,23899.0,20.19
954,Australia,Sorghum,1993,12834,534.0,23899.0,11.84
955,Australia,Sorghum,1993,12834,534.0,23899.0,13.81
956,Australia,Sorghum,1993,12834,534.0,23899.0,18.03
957,Australia,Sorghum,1993,12834,534.0,23899.0,17.42
958,Australia,Soybeans,1993,16168,534.0,23899.0,16.71
959,Australia,Soybeans,1993,16168,534.0,23899.0,20.19
960,Australia,Soybeans,1993,16168,534.0,23899.0,11.84
961,Australia,Soybeans,1993,16168,534.0,23899.0,13.81
962,Australia,Soybeans,1993,16168,534.0,23899.0,18.03
963,Australia,Soybeans,1993,16168,534.0,23899.0,17.42
964,Australia,Sweet potatoes,1993,132702,534.0,23899.0,16.71
965,Australia,Sweet potatoes,1993,132702,534.0,23899.0,20.19
966,Australia,Sweet potatoes,1993,132702,534.0,23899.0,11.84
967,Australia,Sweet potatoes,1993,132702,534.0,23899.0,13.81
968,Australia,Sweet potatoes,1993,132702,534.0,23899.0,18.03
969,Australia,Sweet potatoes,1993,132702,534.0,23899.0,17.42
970,Australia,Wheat,1993,19658,534.0,23899.0,16.71
971,Australia,Wheat,1993,19658,534.0,23899.0,20.19
972,Australia,Wheat,1993,19658,534.0,23899.0,11.84
973,Australia,Wheat,1993,19658,534.0,23899.0,13.81
974,Australia,Wheat,1993,19658,534.0,23899.0,18.03
975,Australia,Wheat,1993,19658,534.0,23899.0,17.42
976,Australia,Maize,1994,46620,534.0,21057.0,16.43
977,Australia,Maize,1994,46620,534.0,21057.0,19.59
978,Australia,Maize,1994,46620,534.0,21057.0,11.6
979,Australia,Maize,1994,46620,534.0,21057.0,13.52
980,Australia,Maize,1994,46620,534.0,21057.0,19.17
981,Australia,Maize,1994,46620,534.0,21057.0,17.36
982,Australia,Potatoes,1994,294270,534.0,21057.0,16.43
983,Australia,Potatoes,1994,294270,534.0,21057.0,19.59
984,Australia,Potatoes,1994,294270,534.0,21057.0,11.6
985,Australia,Potatoes,1994,294270,534.0,21057.0,13.52
986,Australia,Potatoes,1994,294270,534.0,21057.0,19.17
987,Australia,Potatoes,1994,294270,534.0,21057.0,17.36
988,Australia,"Rice, paddy",1994,81537,534.0,21057.0,16.43
989,Australia,"Rice, paddy",1994,81537,534.0,21057.0,19.59
990,Australia,"Rice, paddy",1994,81537,534.0,21057.0,11.6
991,Australia,"Rice, paddy",1994,81537,534.0,21057.0,13.52
992,Australia,"Rice, paddy",1994,81537,534.0,21057.0,19.17
993,Australia,"Rice, paddy",1994,81537,534.0,21057.0,17.36
994,Australia,Sorghum,1994,21697,534.0,21057.0,16.43
995,Australia,Sorghum,1994,21697,534.0,21057.0,19.59
996,Australia,Sorghum,1994,21697,534.0,21057.0,11.6
997,Australia,Sorghum,1994,21697,534.0,21057.0,13.52
998,Australia,Sorghum,1994,21697,534.0,21057.0,19.17
999,Australia,Sorghum,1994,21697,534.0,21057.0,17.36
1000,Australia,Soybeans,1994,19999,534.0,21057.0,16.43
1001,Australia,Soybeans,1994,19999,534.0,21057.0,19.59
1002,Australia,Soybeans,1994,19999,534.0,21057.0,11.6
1003,Australia,Soybeans,1994,19999,534.0,21057.0,13.52
1004,Australia,Soybeans,1994,19999,534.0,21057.0,19.17
1005,Australia,Soybeans,1994,19999,534.0,21057.0,17.36
1006,Australia,Sweet potatoes,1994,140961,534.0,21057.0,16.43
1007,Australia,Sweet potatoes,1994,140961,534.0,21057.0,19.59
1008,Australia,Sweet potatoes,1994,140961,534.0,21057.0,11.6
1009,Australia,Sweet potatoes,1994,140961,534.0,21057.0,13.52
1010,Australia,Sweet potatoes,1994,140961,534.0,21057.0,19.17
1011,Australia,Sweet potatoes,1994,140961,534.0,21057.0,17.36
1012,Australia,Wheat,1994,11356,534.0,21057.0,16.43
1013,Australia,Wheat,1994,11356,534.0,21057.0,19.59
1014,Australia,Wheat,1994,11356,534.0,21057.0,11.6
1015,Australia,Wheat,1994,11356,534.0,21057.0,13.52
1016,Australia,Wheat,1994,11356,534.0,21057.0,19.17
1017,Australia,Wheat,1994,11356,534.0,21057.0,17.36
1018,Australia,Maize,1995,48263,534.0,25598.0,16.14
1019,Australia,Maize,1995,48263,534.0,25598.0,20.12
1020,Australia,Maize,1995,48263,534.0,25598.0,11.39
1021,Australia,Maize,1995,48263,534.0,25598.0,13.14
1022,Australia,Maize,1995,48263,534.0,25598.0,18.88
1023,Australia,Maize,1995,48263,534.0,25598.0,16.95
1024,Australia,Potatoes,1995,298183,534.0,25598.0,16.14
1025,Australia,Potatoes,1995,298183,534.0,25598.0,20.12
1026,Australia,Potatoes,1995,298183,534.0,25598.0,11.39
1027,Australia,Potatoes,1995,298183,534.0,25598.0,13.14
1028,Australia,Potatoes,1995,298183,534.0,25598.0,18.88
1029,Australia,Potatoes,1995,298183,534.0,25598.0,16.95
1030,Australia,"Rice, paddy",1995,88003,534.0,25598.0,16.14
1031,Australia,"Rice, paddy",1995,88003,534.0,25598.0,20.12
1032,Australia,"Rice, paddy",1995,88003,534.0,25598.0,11.39
1033,Australia,"Rice, paddy",1995,88003,534.0,25598.0,13.14
1034,Australia,"Rice, paddy",1995,88003,534.0,25598.0,18.88
1035,Australia,"Rice, paddy",1995,88003,534.0,25598.0,16.95
1036,Australia,Sorghum,1995,18555,534.0,25598.0,16.14
1037,Australia,Sorghum,1995,18555,534.0,25598.0,20.12
1038,Australia,Sorghum,1995,18555,534.0,25598.0,11.39
1039,Australia,Sorghum,1995,18555,534.0,25598.0,13.14
1040,Australia,Sorghum,1995,18555,534.0,25598.0,18.88
1041,Australia,Sorghum,1995,18555,534.0,25598.0,16.95
1042,Australia,Soybeans,1995,15318,534.0,25598.0,16.14
1043,Australia,Soybeans,1995,15318,534.0,25598.0,20.12
1044,Australia,Soybeans,1995,15318,534.0,25598.0,11.39
1045,Australia,Soybeans,1995,15318,534.0,25598.0,13.14
1046,Australia,Soybeans,1995,15318,534.0,25598.0,18.88
1047,Australia,Soybeans,1995,15318,534.0,25598.0,16.95
1048,Australia,Sweet potatoes,1995,155252,534.0,25598.0,16.14
1049,Australia,Sweet potatoes,1995,155252,534.0,25598.0,20.12
1050,Australia,Sweet potatoes,1995,155252,534.0,25598.0,11.39
1051,Australia,Sweet potatoes,1995,155252,534.0,25598.0,13.14
1052,Australia,Sweet potatoes,1995,155252,534.0,25598.0,18.88
1053,Australia,Sweet potatoes,1995,155252,534.0,25598.0,16.95
1054,Australia,Wheat,1995,17899,534.0,25598.0,16.14
1055,Australia,Wheat,1995,17899,534.0,25598.0,20.12
1056,Australia,Wheat,1995,17899,534.0,25598.0,11.39
1057,Australia,Wheat,1995,17899,534.0,25598.0,13.14
1058,Australia,Wheat,1995,17899,534.0,25598.0,18.88
1059,Australia,Wheat,1995,17899,534.0,25598.0,16.95
1060,Australia,Maize,1996,57689,534.0,31185.0,16.12
1061,Australia,Maize,1996,57689,534.0,31185.0,20.06
1062,Australia,Maize,1996,57689,534.0,31185.0,11.29
1063,Australia,Maize,1996,57689,534.0,31185.0,13.05
1064,Australia,Maize,1996,57689,534.0,31185.0,19.13
1065,Australia,Maize,1996,57689,534.0,31185.0,17.05
1066,Australia,Potatoes,1996,312853,534.0,31185.0,16.12
1067,Australia,Potatoes,1996,312853,534.0,31185.0,20.06
1068,Australia,Potatoes,1996,312853,534.0,31185.0,11.29
1069,Australia,Potatoes,1996,312853,534.0,31185.0,13.05
1070,Australia,Potatoes,1996,312853,534.0,31185.0,19.13
1071,Australia,Potatoes,1996,312853,534.0,31185.0,17.05
1072,Australia,"Rice, paddy",1996,63540,534.0,31185.0,16.12
1073,Australia,"Rice, paddy",1996,63540,534.0,31185.0,20.06
1074,Australia,"Rice, paddy",1996,63540,534.0,31185.0,11.29
1075,Australia,"Rice, paddy",1996,63540,534.0,31185.0,13.05
1076,Australia,"Rice, paddy",1996,63540,534.0,31185.0,19.13
1077,Australia,"Rice, paddy",1996,63540,534.0,31185.0,17.05
1078,Australia,Sorghum,1996,20677,534.0,31185.0,16.12
1079,Australia,Sorghum,1996,20677,534.0,31185.0,20.06
1080,Australia,Sorghum,1996,20677,534.0,31185.0,11.29
1081,Australia,Sorghum,1996,20677,534.0,31185.0,13.05
1082,Australia,Sorghum,1996,20677,534.0,31185.0,19.13
1083,Australia,Sorghum,1996,20677,534.0,31185.0,17.05
1084,Australia,Soybeans,1996,18740,534.0,31185.0,16.12
1085,Australia,Soybeans,1996,18740,534.0,31185.0,20.06
1086,Australia,Soybeans,1996,18740,534.0,31185.0,11.29
1087,Australia,Soybeans,1996,18740,534.0,31185.0,13.05
1088,Australia,Soybeans,1996,18740,534.0,31185.0,19.13
1089,Australia,Soybeans,1996,18740,534.0,31185.0,17.05
1090,Australia,Sweet potatoes,1996,172474,534.0,31185.0,16.12
1091,Australia,Sweet potatoes,1996,172474,534.0,31185.0,20.06
1092,Australia,Sweet potatoes,1996,172474,534.0,31185.0,11.29
1093,Australia,Sweet potatoes,1996,172474,534.0,31185.0,13.05
1094,Australia,Sweet potatoes,1996,172474,534.0,31185.0,19.13
1095,Australia,Sweet potatoes,1996,172474,534.0,31185.0,17.05
1096,Australia,Wheat,1996,21673,534.0,31185.0,16.12
1097,Australia,Wheat,1996,21673,534.0,31185.0,20.06
1098,Australia,Wheat,1996,21673,534.0,31185.0,11.29
1099,Australia,Wheat,1996,21673,534.0,31185.0,13.05
1100,Australia,Wheat,1996,21673,534.0,31185.0,19.13
1101,Australia,Wheat,1996,21673,534.0,31185.0,17.05
1102,Australia,Maize,1997,59403,534.0,34091.0,16.48
1103,Australia,Maize,1997,59403,534.0,34091.0,20.16
1104,Australia,Maize,1997,59403,534.0,34091.0,12.13
1105,Australia,Maize,1997,59403,534.0,34091.0,13.93
1106,Australia,Maize,1997,59403,534.0,34091.0,18.94
1107,Australia,Maize,1997,59403,534.0,34091.0,17.51
1108,Australia,Potatoes,1997,313056,534.0,34091.0,16.48
1109,Australia,Potatoes,1997,313056,534.0,34091.0,20.16
1110,Australia,Potatoes,1997,313056,534.0,34091.0,12.13
1111,Australia,Potatoes,1997,313056,534.0,34091.0,13.93
1112,Australia,Potatoes,1997,313056,534.0,34091.0,18.94
1113,Australia,Potatoes,1997,313056,534.0,34091.0,17.51
1114,Australia,"Rice, paddy",1997,83263,534.0,34091.0,16.48
1115,Australia,"Rice, paddy",1997,83263,534.0,34091.0,20.16
1116,Australia,"Rice, paddy",1997,83263,534.0,34091.0,12.13
1117,Australia,"Rice, paddy",1997,83263,534.0,34091.0,13.93
1118,Australia,"Rice, paddy",1997,83263,534.0,34091.0,18.94
1119,Australia,"Rice, paddy",1997,83263,534.0,34091.0,17.51
1120,Australia,Sorghum,1997,26195,534.0,34091.0,16.48
1121,Australia,Sorghum,1997,26195,534.0,34091.0,20.16
1122,Australia,Sorghum,1997,26195,534.0,34091.0,12.13
1123,Australia,Sorghum,1997,26195,534.0,34091.0,13.93
1124,Australia,Sorghum,1997,26195,534.0,34091.0,18.94
1125,Australia,Sorghum,1997,26195,534.0,34091.0,17.51
1126,Australia,Soybeans,1997,18974,534.0,34091.0,16.48
1127,Australia,Soybeans,1997,18974,534.0,34091.0,20.16
1128,Australia,Soybeans,1997,18974,534.0,34091.0,12.13
1129,Australia,Soybeans,1997,18974,534.0,34091.0,13.93
1130,Australia,Soybeans,1997,18974,534.0,34091.0,18.94
1131,Australia,Soybeans,1997,18974,534.0,34091.0,17.51
1132,Australia,Sweet potatoes,1997,244444,534.0,34091.0,16.48
1133,Australia,Sweet potatoes,1997,244444,534.0,34091.0,20.16
1134,Australia,Sweet potatoes,1997,244444,534.0,34091.0,12.13
1135,Australia,Sweet potatoes,1997,244444,534.0,34091.0,13.93
1136,Australia,Sweet potatoes,1997,244444,534.0,34091.0,18.94
1137,Australia,Sweet potatoes,1997,244444,534.0,34091.0,17.51
1138,Australia,Wheat,1997,18412,534.0,34091.0,16.48
1139,Australia,Wheat,1997,18412,534.0,34091.0,20.16
1140,Australia,Wheat,1997,18412,534.0,34091.0,12.13
1141,Australia,Wheat,1997,18412,534.0,34091.0,13.93
1142,Australia,Wheat,1997,18412,534.0,34091.0,18.94
1143,Australia,Wheat,1997,18412,534.0,34091.0,17.51
1144,Australia,Maize,1998,47544,534.0,37215.0,16.28
1145,Australia,Maize,1998,47544,534.0,37215.0,20.62
1146,Australia,Maize,1998,47544,534.0,37215.0,12.46
1147,Australia,Maize,1998,47544,534.0,37215.0,13.61
1148,Australia,Maize,1998,47544,534.0,37215.0,18.9
1149,Australia,Maize,1998,47544,534.0,37215.0,18.05
1150,Australia,Potatoes,1998,322292,534.0,37215.0,16.28
1151,Australia,Potatoes,1998,322292,534.0,37215.0,20.62
1152,Australia,Potatoes,1998,322292,534.0,37215.0,12.46
1153,Australia,Potatoes,1998,322292,534.0,37215.0,13.61
1154,Australia,Potatoes,1998,322292,534.0,37215.0,18.9
1155,Australia,Potatoes,1998,322292,534.0,37215.0,18.05
1156,Australia,"Rice, paddy",1998,94256,534.0,37215.0,16.28
1157,Australia,"Rice, paddy",1998,94256,534.0,37215.0,20.62
1158,Australia,"Rice, paddy",1998,94256,534.0,37215.0,12.46
1159,Australia,"Rice, paddy",1998,94256,534.0,37215.0,13.61
1160,Australia,"Rice, paddy",1998,94256,534.0,37215.0,18.9
1161,Australia,"Rice, paddy",1998,94256,534.0,37215.0,18.05
1162,Australia,Sorghum,1998,21321,534.0,37215.0,16.28
1163,Australia,Sorghum,1998,21321,534.0,37215.0,20.62
1164,Australia,Sorghum,1998,21321,534.0,37215.0,12.46
1165,Australia,Sorghum,1998,21321,534.0,37215.0,13.61
1166,Australia,Sorghum,1998,21321,534.0,37215.0,18.9
1167,Australia,Sorghum,1998,21321,534.0,37215.0,18.05
1168,Australia,Soybeans,1998,17035,534.0,37215.0,16.28
1169,Australia,Soybeans,1998,17035,534.0,37215.0,20.62
1170,Australia,Soybeans,1998,17035,534.0,37215.0,12.46
1171,Australia,Soybeans,1998,17035,534.0,37215.0,13.61
1172,Australia,Soybeans,1998,17035,534.0,37215.0,18.9
1173,Australia,Soybeans,1998,17035,534.0,37215.0,18.05
1174,Australia,Sweet potatoes,1998,276923,534.0,37215.0,16.28
1175,Australia,Sweet potatoes,1998,276923,534.0,37215.0,20.62
1176,Australia,Sweet potatoes,1998,276923,534.0,37215.0,12.46
1177,Australia,Sweet potatoes,1998,276923,534.0,37215.0,13.61
1178,Australia,Sweet potatoes,1998,276923,534.0,37215.0,18.9
1179,Australia,Sweet potatoes,1998,276923,534.0,37215.0,18.05
1180,Australia,Wheat,1998,19153,534.0,37215.0,16.28
1181,Australia,Wheat,1998,19153,534.0,37215.0,20.62
1182,Australia,Wheat,1998,19153,534.0,37215.0,12.46
1183,Australia,Wheat,1998,19153,534.0,37215.0,13.61
1184,Australia,Wheat,1998,19153,534.0,37215.0,18.9
1185,Australia,Wheat,1998,19153,534.0,37215.0,18.05
1186,Australia,Maize,1999,51212,534.0,34200.0,16.77
1187,Australia,Maize,1999,51212,534.0,34200.0,19.75
1188,Australia,Maize,1999,51212,534.0,34200.0,12.1
1189,Australia,Maize,1999,51212,534.0,34200.0,14.2
1190,Australia,Maize,1999,51212,534.0,34200.0,19.28
1191,Australia,Maize,1999,51212,534.0,34200.0,17.55
1192,Australia,Potatoes,1999,321265,534.0,34200.0,16.77
1193,Australia,Potatoes,1999,321265,534.0,34200.0,19.75
1194,Australia,Potatoes,1999,321265,534.0,34200.0,12.1
1195,Australia,Potatoes,1999,321265,534.0,34200.0,14.2
1196,Australia,Potatoes,1999,321265,534.0,34200.0,19.28
1197,Australia,Potatoes,1999,321265,534.0,34200.0,17.55
1198,Australia,"Rice, paddy",1999,91615,534.0,34200.0,16.77
1199,Australia,"Rice, paddy",1999,91615,534.0,34200.0,19.75
1200,Australia,"Rice, paddy",1999,91615,534.0,34200.0,12.1
1201,Australia,"Rice, paddy",1999,91615,534.0,34200.0,14.2
1202,Australia,"Rice, paddy",1999,91615,534.0,34200.0,19.28
1203,Australia,"Rice, paddy",1999,91615,534.0,34200.0,17.55
1204,Australia,Sorghum,1999,32215,534.0,34200.0,16.77
1205,Australia,Sorghum,1999,32215,534.0,34200.0,19.75
1206,Australia,Sorghum,1999,32215,534.0,34200.0,12.1
1207,Australia,Sorghum,1999,32215,534.0,34200.0,14.2
1208,Australia,Sorghum,1999,32215,534.0,34200.0,19.28
1209,Australia,Sorghum,1999,32215,534.0,34200.0,17.55
1210,Australia,Soybeans,1999,22667,534.0,34200.0,16.77
1211,Australia,Soybeans,1999,22667,534.0,34200.0,19.75
1212,Australia,Soybeans,1999,22667,534.0,34200.0,12.1
1213,Australia,Soybeans,1999,22667,534.0,34200.0,14.2
1214,Australia,Soybeans,1999,22667,534.0,34200.0,19.28
1215,Australia,Soybeans,1999,22667,534.0,34200.0,17.55
1216,Australia,Sweet potatoes,1999,275000,534.0,34200.0,16.77
1217,Australia,Sweet potatoes,1999,275000,534.0,34200.0,19.75
1218,Australia,Sweet potatoes,1999,275000,534.0,34200.0,12.1
1219,Australia,Sweet potatoes,1999,275000,534.0,34200.0,14.2
1220,Australia,Sweet potatoes,1999,275000,534.0,34200.0,19.28
1221,Australia,Sweet potatoes,1999,275000,534.0,34200.0,17.55
1222,Australia,Wheat,1999,20066,534.0,34200.0,16.77
1223,Australia,Wheat,1999,20066,534.0,34200.0,19.75
1224,Australia,Wheat,1999,20066,534.0,34200.0,12.1
1225,Australia,Wheat,1999,20066,534.0,34200.0,14.2
1226,Australia,Wheat,1999,20066,534.0,34200.0,19.28
1227,Australia,Wheat,1999,20066,534.0,34200.0,17.55
1228,Australia,Maize,2000,49360,534.0,33475.0,17.08
1229,Australia,Maize,2000,49360,534.0,33475.0,19.89
1230,Australia,Maize,2000,49360,534.0,33475.0,12.09
1231,Australia,Maize,2000,49360,534.0,33475.0,14.32
1232,Australia,Maize,2000,49360,534.0,33475.0,19.07
1233,Australia,Maize,2000,49360,534.0,33475.0,17.57
1234,Australia,Potatoes,2000,284527,534.0,33475.0,17.08
1235,Australia,Potatoes,2000,284527,534.0,33475.0,19.89
1236,Australia,Potatoes,2000,284527,534.0,33475.0,12.09
1237,Australia,Potatoes,2000,284527,534.0,33475.0,14.32
1238,Australia,Potatoes,2000,284527,534.0,33475.0,19.07
1239,Australia,Potatoes,2000,284527,534.0,33475.0,17.57
1240,Australia,"Rice, paddy",2000,82573,534.0,33475.0,17.08
1241,Australia,"Rice, paddy",2000,82573,534.0,33475.0,19.89
1242,Australia,"Rice, paddy",2000,82573,534.0,33475.0,12.09
1243,Australia,"Rice, paddy",2000,82573,534.0,33475.0,14.32
1244,Australia,"Rice, paddy",2000,82573,534.0,33475.0,19.07
1245,Australia,"Rice, paddy",2000,82573,534.0,33475.0,17.57
1246,Australia,Sorghum,2000,34003,534.0,33475.0,17.08
1247,Australia,Sorghum,2000,34003,534.0,33475.0,19.89
1248,Australia,Sorghum,2000,34003,534.0,33475.0,12.09
1249,Australia,Sorghum,2000,34003,534.0,33475.0,14.32
1250,Australia,Sorghum,2000,34003,534.0,33475.0,19.07
1251,Australia,Sorghum,2000,34003,534.0,33475.0,17.57
1252,Australia,Soybeans,2000,18714,534.0,33475.0,17.08
1253,Australia,Soybeans,2000,18714,534.0,33475.0,19.89
1254,Australia,Soybeans,2000,18714,534.0,33475.0,12.09
1255,Australia,Soybeans,2000,18714,534.0,33475.0,14.32
1256,Australia,Soybeans,2000,18714,534.0,33475.0,19.07
1257,Australia,Soybeans,2000,18714,534.0,33475.0,17.57
1258,Australia,Sweet potatoes,2000,317647,534.0,33475.0,17.08
1259,Australia,Sweet potatoes,2000,317647,534.0,33475.0,19.89
1260,Australia,Sweet potatoes,2000,317647,534.0,33475.0,12.09
1261,Australia,Sweet potatoes,2000,317647,534.0,33475.0,14.32
1262,Australia,Sweet potatoes,2000,317647,534.0,33475.0,19.07
1263,Australia,Sweet potatoes,2000,317647,534.0,33475.0,17.57
1264,Australia,Wheat,2000,18209,534.0,33475.0,17.08
1265,Australia,Wheat,2000,18209,534.0,33475.0,19.89
1266,Australia,Wheat,2000,18209,534.0,33475.0,12.09
1267,Australia,Wheat,2000,18209,534.0,33475.0,14.32
1268,Australia,Wheat,2000,18209,534.0,33475.0,19.07
1269,Australia,Wheat,2000,18209,534.0,33475.0,17.57
1270,Australia,Maize,2001,46471,534.0,32710.0,16.63
1271,Australia,Maize,2001,46471,534.0,32710.0,20.21
1272,Australia,Maize,2001,46471,534.0,32710.0,12.29
1273,Australia,Maize,2001,46471,534.0,32710.0,14.18
1274,Australia,Maize,2001,46471,534.0,32710.0,18.39
1275,Australia,Maize,2001,46471,534.0,32710.0,17.85
1276,Australia,Potatoes,2001,328633,534.0,32710.0,16.63
1277,Australia,Potatoes,2001,328633,534.0,32710.0,20.21
1278,Australia,Potatoes,2001,328633,534.0,32710.0,12.29
1279,Australia,Potatoes,2001,328633,534.0,32710.0,14.18
1280,Australia,Potatoes,2001,328633,534.0,32710.0,18.39
1281,Australia,Potatoes,2001,328633,534.0,32710.0,17.85
1282,Australia,"Rice, paddy",2001,93071,534.0,32710.0,16.63
1283,Australia,"Rice, paddy",2001,93071,534.0,32710.0,20.21
1284,Australia,"Rice, paddy",2001,93071,534.0,32710.0,12.29
1285,Australia,"Rice, paddy",2001,93071,534.0,32710.0,14.18
1286,Australia,"Rice, paddy",2001,93071,534.0,32710.0,18.39
1287,Australia,"Rice, paddy",2001,93071,534.0,32710.0,17.85
1288,Australia,Sorghum,2001,25539,534.0,32710.0,16.63
1289,Australia,Sorghum,2001,25539,534.0,32710.0,20.21
1290,Australia,Sorghum,2001,25539,534.0,32710.0,12.29
1291,Australia,Sorghum,2001,25539,534.0,32710.0,14.18
1292,Australia,Sorghum,2001,25539,534.0,32710.0,18.39
1293,Australia,Sorghum,2001,25539,534.0,32710.0,17.85
1294,Australia,Soybeans,2001,14626,534.0,32710.0,16.63
1295,Australia,Soybeans,2001,14626,534.0,32710.0,20.21
1296,Australia,Soybeans,2001,14626,534.0,32710.0,12.29
1297,Australia,Soybeans,2001,14626,534.0,32710.0,14.18
1298,Australia,Soybeans,2001,14626,534.0,32710.0,18.39
1299,Australia,Soybeans,2001,14626,534.0,32710.0,17.85
1300,Australia,Sweet potatoes,2001,333333,534.0,32710.0,16.63
1301,Australia,Sweet potatoes,2001,333333,534.0,32710.0,20.21
1302,Australia,Sweet potatoes,2001,333333,534.0,32710.0,12.29
1303,Australia,Sweet potatoes,2001,333333,534.0,32710.0,14.18
1304,Australia,Sweet potatoes,2001,333333,534.0,32710.0,18.39
1305,Australia,Sweet potatoes,2001,333333,534.0,32710.0,17.85
1306,Australia,Wheat,2001,18209,534.0,32710.0,16.63
1307,Australia,Wheat,2001,18209,534.0,32710.0,20.21
1308,Australia,Wheat,2001,18209,534.0,32710.0,12.29
1309,Australia,Wheat,2001,18209,534.0,32710.0,14.18
1310,Australia,Wheat,2001,18209,534.0,32710.0,18.39
1311,Australia,Wheat,2001,18209,534.0,32710.0,17.85
1312,Australia,Maize,2002,54929,534.0,26651.0,16.63
1313,Australia,Maize,2002,54929,534.0,26651.0,20.38
1314,Australia,Maize,2002,54929,534.0,26651.0,12.31
1315,Australia,Maize,2002,54929,534.0,26651.0,14.08
1316,Australia,Maize,2002,54929,534.0,26651.0,18.93
1317,Australia,Maize,2002,54929,534.0,26651.0,17.73
1318,Australia,Potatoes,2002,351358,534.0,26651.0,16.63
1319,Australia,Potatoes,2002,351358,534.0,26651.0,20.38
1320,Australia,Potatoes,2002,351358,534.0,26651.0,12.31
1321,Australia,Potatoes,2002,351358,534.0,26651.0,14.08
1322,Australia,Potatoes,2002,351358,534.0,26651.0,18.93
1323,Australia,Potatoes,2002,351358,534.0,26651.0,17.73
1324,Australia,"Rice, paddy",2002,82580,534.0,26651.0,16.63
1325,Australia,"Rice, paddy",2002,82580,534.0,26651.0,20.38
1326,Australia,"Rice, paddy",2002,82580,534.0,26651.0,12.31
1327,Australia,"Rice, paddy",2002,82580,534.0,26651.0,14.08
1328,Australia,"Rice, paddy",2002,82580,534.0,26651.0,18.93
1329,Australia,"Rice, paddy",2002,82580,534.0,26651.0,17.73
1330,Australia,Sorghum,2002,24561,534.0,26651.0,16.63
1331,Australia,Sorghum,2002,24561,534.0,26651.0,20.38
1332,Australia,Sorghum,2002,24561,534.0,26651.0,12.31
1333,Australia,Sorghum,2002,24561,534.0,26651.0,14.08
1334,Australia,Sorghum,2002,24561,534.0,26651.0,18.93
1335,Australia,Sorghum,2002,24561,534.0,26651.0,17.73
1336,Australia,Soybeans,2002,19487,534.0,26651.0,16.63
1337,Australia,Soybeans,2002,19487,534.0,26651.0,20.38
1338,Australia,Soybeans,2002,19487,534.0,26651.0,12.31
1339,Australia,Soybeans,2002,19487,534.0,26651.0,14.08
1340,Australia,Soybeans,2002,19487,534.0,26651.0,18.93
1341,Australia,Soybeans,2002,19487,534.0,26651.0,17.73
1342,Australia,Sweet potatoes,2002,347368,534.0,26651.0,16.63
1343,Australia,Sweet potatoes,2002,347368,534.0,26651.0,20.38
1344,Australia,Sweet potatoes,2002,347368,534.0,26651.0,12.31
1345,Australia,Sweet potatoes,2002,347368,534.0,26651.0,14.08
1346,Australia,Sweet potatoes,2002,347368,534.0,26651.0,18.93
1347,Australia,Sweet potatoes,2002,347368,534.0,26651.0,17.73
1348,Australia,Wheat,2002,21076,534.0,26651.0,16.63
1349,Australia,Wheat,2002,21076,534.0,26651.0,20.38
1350,Australia,Wheat,2002,21076,534.0,26651.0,12.31
1351,Australia,Wheat,2002,21076,534.0,26651.0,14.08
1352,Australia,Wheat,2002,21076,534.0,26651.0,18.93
1353,Australia,Wheat,2002,21076,534.0,26651.0,17.73
1354,Australia,Maize,2004,56326,534.0,36276.0,16.64
1355,Australia,Maize,2004,56326,534.0,36276.0,20.42
1356,Australia,Maize,2004,56326,534.0,36276.0,12.35
1357,Australia,Maize,2004,56326,534.0,36276.0,13.74
1358,Australia,Maize,2004,56326,534.0,36276.0,18.87
1359,Australia,Maize,2004,56326,534.0,36276.0,17.87
1360,Australia,Potatoes,2004,362787,534.0,36276.0,16.64
1361,Australia,Potatoes,2004,362787,534.0,36276.0,20.42
1362,Australia,Potatoes,2004,362787,534.0,36276.0,12.35
1363,Australia,Potatoes,2004,362787,534.0,36276.0,13.74
1364,Australia,Potatoes,2004,362787,534.0,36276.0,18.87
1365,Australia,Potatoes,2004,362787,534.0,36276.0,17.87
1366,Australia,"Rice, paddy",2004,83305,534.0,36276.0,16.64
1367,Australia,"Rice, paddy",2004,83305,534.0,36276.0,20.42
1368,Australia,"Rice, paddy",2004,83305,534.0,36276.0,12.35
1369,Australia,"Rice, paddy",2004,83305,534.0,36276.0,13.74
1370,Australia,"Rice, paddy",2004,83305,534.0,36276.0,18.87
1371,Australia,"Rice, paddy",2004,83305,534.0,36276.0,17.87
1372,Australia,Sorghum,2004,27367,534.0,36276.0,16.64
1373,Australia,Sorghum,2004,27367,534.0,36276.0,20.42
1374,Australia,Sorghum,2004,27367,534.0,36276.0,12.35
1375,Australia,Sorghum,2004,27367,534.0,36276.0,13.74
1376,Australia,Sorghum,2004,27367,534.0,36276.0,18.87
1377,Australia,Sorghum,2004,27367,534.0,36276.0,17.87
1378,Australia,Soybeans,2004,22136,534.0,36276.0,16.64
1379,Australia,Soybeans,2004,22136,534.0,36276.0,20.42
1380,Australia,Soybeans,2004,22136,534.0,36276.0,12.35
1381,Australia,Soybeans,2004,22136,534.0,36276.0,13.74
1382,Australia,Soybeans,2004,22136,534.0,36276.0,18.87
1383,Australia,Soybeans,2004,22136,534.0,36276.0,17.87
1384,Australia,Sweet potatoes,2004,333333,534.0,36276.0,16.64
1385,Australia,Sweet potatoes,2004,333333,534.0,36276.0,20.42
1386,Australia,Sweet potatoes,2004,333333,534.0,36276.0,12.35
1387,Australia,Sweet potatoes,2004,333333,534.0,36276.0,13.74
1388,Australia,Sweet potatoes,2004,333333,534.0,36276.0,18.87
1389,Australia,Sweet potatoes,2004,333333,534.0,36276.0,17.87
1390,Australia,Wheat,2004,19998,534.0,36276.0,16.64
1391,Australia,Wheat,2004,19998,534.0,36276.0,20.42
1392,Australia,Wheat,2004,19998,534.0,36276.0,12.35
1393,Australia,Wheat,2004,19998,534.0,36276.0,13.74
1394,Australia,Wheat,2004,19998,534.0,36276.0,18.87
1395,Australia,Wheat,2004,19998,534.0,36276.0,17.87
1396,Australia,Maize,2005,57983,534.0,34310.0,16.93
1397,Australia,Maize,2005,57983,534.0,34310.0,20.71
1398,Australia,Maize,2005,57983,534.0,34310.0,12.48
1399,Australia,Maize,2005,57983,534.0,34310.0,14.38
1400,Australia,Maize,2005,57983,534.0,34310.0,18.26
1401,Australia,Maize,2005,57983,534.0,34310.0,18.03
1402,Australia,Potatoes,2005,344117,534.0,34310.0,16.93
1403,Australia,Potatoes,2005,344117,534.0,34310.0,20.71
1404,Australia,Potatoes,2005,344117,534.0,34310.0,12.48
1405,Australia,Potatoes,2005,344117,534.0,34310.0,14.38
1406,Australia,Potatoes,2005,344117,534.0,34310.0,18.26
1407,Australia,Potatoes,2005,344117,534.0,34310.0,18.03
1408,Australia,"Rice, paddy",2005,66168,534.0,34310.0,16.93
1409,Australia,"Rice, paddy",2005,66168,534.0,34310.0,20.71
1410,Australia,"Rice, paddy",2005,66168,534.0,34310.0,12.48
1411,Australia,"Rice, paddy",2005,66168,534.0,34310.0,14.38
1412,Australia,"Rice, paddy",2005,66168,534.0,34310.0,18.26
1413,Australia,"Rice, paddy",2005,66168,534.0,34310.0,18.03
1414,Australia,Sorghum,2005,26629,534.0,34310.0,16.93
1415,Australia,Sorghum,2005,26629,534.0,34310.0,20.71
1416,Australia,Sorghum,2005,26629,534.0,34310.0,12.48
1417,Australia,Sorghum,2005,26629,534.0,34310.0,14.38
1418,Australia,Sorghum,2005,26629,534.0,34310.0,18.26
1419,Australia,Sorghum,2005,26629,534.0,34310.0,18.03
1420,Australia,Soybeans,2005,16810,534.0,34310.0,16.93
1421,Australia,Soybeans,2005,16810,534.0,34310.0,20.71
1422,Australia,Soybeans,2005,16810,534.0,34310.0,12.48
1423,Australia,Soybeans,2005,16810,534.0,34310.0,14.38
1424,Australia,Soybeans,2005,16810,534.0,34310.0,18.26
1425,Australia,Soybeans,2005,16810,534.0,34310.0,18.03
1426,Australia,Sweet potatoes,2005,336000,534.0,34310.0,16.93
1427,Australia,Sweet potatoes,2005,336000,534.0,34310.0,20.71
1428,Australia,Sweet potatoes,2005,336000,534.0,34310.0,12.48
1429,Australia,Sweet potatoes,2005,336000,534.0,34310.0,14.38
1430,Australia,Sweet potatoes,2005,336000,534.0,34310.0,18.26
1431,Australia,Sweet potatoes,2005,336000,534.0,34310.0,18.03
1432,Australia,Wheat,2005,16348,534.0,34310.0,16.93
1433,Australia,Wheat,2005,16348,534.0,34310.0,20.71
1434,Australia,Wheat,2005,16348,534.0,34310.0,12.48
1435,Australia,Wheat,2005,16348,534.0,34310.0,14.38
1436,Australia,Wheat,2005,16348,534.0,34310.0,18.26
1437,Australia,Wheat,2005,16348,534.0,34310.0,18.03
1438,Australia,Maize,2006,53856,534.0,35900.0,16.75
1439,Australia,Maize,2006,53856,534.0,35900.0,20.17
1440,Australia,Maize,2006,53856,534.0,35900.0,12.51
1441,Australia,Maize,2006,53856,534.0,35900.0,13.99
1442,Australia,Maize,2006,53856,534.0,35900.0,18.99
1443,Australia,Maize,2006,53856,534.0,35900.0,17.75
1444,Australia,Potatoes,2006,354317,534.0,35900.0,16.75
1445,Australia,Potatoes,2006,354317,534.0,35900.0,20.17
1446,Australia,Potatoes,2006,354317,534.0,35900.0,12.51
1447,Australia,Potatoes,2006,354317,534.0,35900.0,13.99
1448,Australia,Potatoes,2006,354317,534.0,35900.0,18.99
1449,Australia,Potatoes,2006,354317,534.0,35900.0,17.75
1450,Australia,"Rice, paddy",2006,98176,534.0,35900.0,16.75
1451,Australia,"Rice, paddy",2006,98176,534.0,35900.0,20.17
1452,Australia,"Rice, paddy",2006,98176,534.0,35900.0,12.51
1453,Australia,"Rice, paddy",2006,98176,534.0,35900.0,13.99
1454,Australia,"Rice, paddy",2006,98176,534.0,35900.0,18.99
1455,Australia,"Rice, paddy",2006,98176,534.0,35900.0,17.75
1456,Australia,Sorghum,2006,25205,534.0,35900.0,16.75
1457,Australia,Sorghum,2006,25205,534.0,35900.0,20.17
1458,Australia,Sorghum,2006,25205,534.0,35900.0,12.51
1459,Australia,Sorghum,2006,25205,534.0,35900.0,13.99
1460,Australia,Sorghum,2006,25205,534.0,35900.0,18.99
1461,Australia,Sorghum,2006,25205,534.0,35900.0,17.75
1462,Australia,Soybeans,2006,20993,534.0,35900.0,16.75
1463,Australia,Soybeans,2006,20993,534.0,35900.0,20.17
1464,Australia,Soybeans,2006,20993,534.0,35900.0,12.51
1465,Australia,Soybeans,2006,20993,534.0,35900.0,13.99
1466,Australia,Soybeans,2006,20993,534.0,35900.0,18.99
1467,Australia,Soybeans,2006,20993,534.0,35900.0,17.75
1468,Australia,Sweet potatoes,2006,278748,534.0,35900.0,16.75
1469,Australia,Sweet potatoes,2006,278748,534.0,35900.0,20.17
1470,Australia,Sweet potatoes,2006,278748,534.0,35900.0,12.51
1471,Australia,Sweet potatoes,2006,278748,534.0,35900.0,13.99
1472,Australia,Sweet potatoes,2006,278748,534.0,35900.0,18.99
1473,Australia,Sweet potatoes,2006,278748,534.0,35900.0,17.75
1474,Australia,Wheat,2006,20213,534.0,35900.0,16.75
1475,Australia,Wheat,2006,20213,534.0,35900.0,20.17
1476,Australia,Wheat,2006,20213,534.0,35900.0,12.51
1477,Australia,Wheat,2006,20213,534.0,35900.0,13.99
1478,Australia,Wheat,2006,20213,534.0,35900.0,18.99
1479,Australia,Wheat,2006,20213,534.0,35900.0,17.75
1480,Australia,Maize,2007,49103,534.0,32446.25,17.49
1481,Australia,Maize,2007,49103,534.0,32446.25,20.31
1482,Australia,Maize,2007,49103,534.0,32446.25,12.83
1483,Australia,Maize,2007,49103,534.0,32446.25,14.99
1484,Australia,Maize,2007,49103,534.0,32446.25,18.84
1485,Australia,Maize,2007,49103,534.0,32446.25,18.02
1486,Australia,Potatoes,2007,355463,534.0,32446.25,17.49
1487,Australia,Potatoes,2007,355463,534.0,32446.25,20.31
1488,Australia,Potatoes,2007,355463,534.0,32446.25,12.83
1489,Australia,Potatoes,2007,355463,534.0,32446.25,14.99
1490,Australia,Potatoes,2007,355463,534.0,32446.25,18.84
1491,Australia,Potatoes,2007,355463,534.0,32446.25,18.02
1492,Australia,"Rice, paddy",2007,82609,534.0,32446.25,17.49
1493,Australia,"Rice, paddy",2007,82609,534.0,32446.25,20.31
1494,Australia,"Rice, paddy",2007,82609,534.0,32446.25,12.83
1495,Australia,"Rice, paddy",2007,82609,534.0,32446.25,14.99
1496,Australia,"Rice, paddy",2007,82609,534.0,32446.25,18.84
1497,Australia,"Rice, paddy",2007,82609,534.0,32446.25,18.02
1498,Australia,Sorghum,2007,20918,534.0,32446.25,17.49
1499,Australia,Sorghum,2007,20918,534.0,32446.25,20.31
1500,Australia,Sorghum,2007,20918,534.0,32446.25,12.83
1501,Australia,Sorghum,2007,20918,534.0,32446.25,14.99
1502,Australia,Sorghum,2007,20918,534.0,32446.25,18.84
1503,Australia,Sorghum,2007,20918,534.0,32446.25,18.02
1504,Australia,Soybeans,2007,19730,534.0,32446.25,17.49
1505,Australia,Soybeans,2007,19730,534.0,32446.25,20.31
1506,Australia,Soybeans,2007,19730,534.0,32446.25,12.83
1507,Australia,Soybeans,2007,19730,534.0,32446.25,14.99
1508,Australia,Soybeans,2007,19730,534.0,32446.25,18.84
1509,Australia,Soybeans,2007,19730,534.0,32446.25,18.02
1510,Australia,Sweet potatoes,2007,346237,534.0,32446.25,17.49
1511,Australia,Sweet potatoes,2007,346237,534.0,32446.25,20.31
1512,Australia,Sweet potatoes,2007,346237,534.0,32446.25,12.83
1513,Australia,Sweet potatoes,2007,346237,534.0,32446.25,14.99
1514,Australia,Sweet potatoes,2007,346237,534.0,32446.25,18.84
1515,Australia,Sweet potatoes,2007,346237,534.0,32446.25,18.02
1516,Australia,Wheat,2007,9173,534.0,32446.25,17.49
1517,Australia,Wheat,2007,9173,534.0,32446.25,20.31
1518,Australia,Wheat,2007,9173,534.0,32446.25,12.83
1519,Australia,Wheat,2007,9173,534.0,32446.25,14.99
1520,Australia,Wheat,2007,9173,534.0,32446.25,18.84
1521,Australia,Wheat,2007,9173,534.0,32446.25,18.02
1522,Australia,Maize,2008,56912,534.0,42935.38,16.7
1523,Australia,Maize,2008,56912,534.0,42935.38,19.79
1524,Australia,Maize,2008,56912,534.0,42935.38,12.0
1525,Australia,Maize,2008,56912,534.0,42935.38,14.11
1526,Australia,Maize,2008,56912,534.0,42935.38,18.78
1527,Australia,Maize,2008,56912,534.0,42935.38,17.32
1528,Australia,Potatoes,2008,381224,534.0,42935.38,16.7
1529,Australia,Potatoes,2008,381224,534.0,42935.38,19.79
1530,Australia,Potatoes,2008,381224,534.0,42935.38,12.0
1531,Australia,Potatoes,2008,381224,534.0,42935.38,14.11
1532,Australia,Potatoes,2008,381224,534.0,42935.38,18.78
1533,Australia,Potatoes,2008,381224,534.0,42935.38,17.32
1534,Australia,"Rice, paddy",2008,75988,534.0,42935.38,16.7
1535,Australia,"Rice, paddy",2008,75988,534.0,42935.38,19.79
1536,Australia,"Rice, paddy",2008,75988,534.0,42935.38,12.0
1537,Australia,"Rice, paddy",2008,75988,534.0,42935.38,14.11
1538,Australia,"Rice, paddy",2008,75988,534.0,42935.38,18.78
1539,Australia,"Rice, paddy",2008,75988,534.0,42935.38,17.32
1540,Australia,Sorghum,2008,40252,534.0,42935.38,16.7
1541,Australia,Sorghum,2008,40252,534.0,42935.38,19.79
1542,Australia,Sorghum,2008,40252,534.0,42935.38,12.0
1543,Australia,Sorghum,2008,40252,534.0,42935.38,14.11
1544,Australia,Sorghum,2008,40252,534.0,42935.38,18.78
1545,Australia,Sorghum,2008,40252,534.0,42935.38,17.32
1546,Australia,Soybeans,2008,23289,534.0,42935.38,16.7
1547,Australia,Soybeans,2008,23289,534.0,42935.38,19.79
1548,Australia,Soybeans,2008,23289,534.0,42935.38,12.0
1549,Australia,Soybeans,2008,23289,534.0,42935.38,14.11
1550,Australia,Soybeans,2008,23289,534.0,42935.38,18.78
1551,Australia,Soybeans,2008,23289,534.0,42935.38,17.32
1552,Australia,Sweet potatoes,2008,266530,534.0,42935.38,16.7
1553,Australia,Sweet potatoes,2008,266530,534.0,42935.38,19.79
1554,Australia,Sweet potatoes,2008,266530,534.0,42935.38,12.0
1555,Australia,Sweet potatoes,2008,266530,534.0,42935.38,14.11
1556,Australia,Sweet potatoes,2008,266530,534.0,42935.38,18.78
1557,Australia,Sweet potatoes,2008,266530,534.0,42935.38,17.32
1558,Australia,Wheat,2008,10788,534.0,42935.38,16.7
1559,Australia,Wheat,2008,10788,534.0,42935.38,19.79
1560,Australia,Wheat,2008,10788,534.0,42935.38,12.0
1561,Australia,Wheat,2008,10788,534.0,42935.38,14.11
1562,Australia,Wheat,2008,10788,534.0,42935.38,18.78
1563,Australia,Wheat,2008,10788,534.0,42935.38,17.32
1564,Australia,Maize,2009,58171,534.0,38065.68,17.39
1565,Australia,Maize,2009,58171,534.0,38065.68,20.65
1566,Australia,Maize,2009,58171,534.0,38065.68,12.87
1567,Australia,Maize,2009,58171,534.0,38065.68,14.65
1568,Australia,Maize,2009,58171,534.0,38065.68,19.01
1569,Australia,Maize,2009,58171,534.0,38065.68,18.18
1570,Australia,Potatoes,2009,361747,534.0,38065.68,17.39
1571,Australia,Potatoes,2009,361747,534.0,38065.68,20.65
1572,Australia,Potatoes,2009,361747,534.0,38065.68,12.87
1573,Australia,Potatoes,2009,361747,534.0,38065.68,14.65
1574,Australia,Potatoes,2009,361747,534.0,38065.68,19.01
1575,Australia,Potatoes,2009,361747,534.0,38065.68,18.18
1576,Australia,"Rice, paddy",2009,84609,534.0,38065.68,17.39
1577,Australia,"Rice, paddy",2009,84609,534.0,38065.68,20.65
1578,Australia,"Rice, paddy",2009,84609,534.0,38065.68,12.87
1579,Australia,"Rice, paddy",2009,84609,534.0,38065.68,14.65
1580,Australia,"Rice, paddy",2009,84609,534.0,38065.68,19.01
1581,Australia,"Rice, paddy",2009,84609,534.0,38065.68,18.18
1582,Australia,Sorghum,2009,35096,534.0,38065.68,17.39
1583,Australia,Sorghum,2009,35096,534.0,38065.68,20.65
1584,Australia,Sorghum,2009,35096,534.0,38065.68,12.87
1585,Australia,Sorghum,2009,35096,534.0,38065.68,14.65
1586,Australia,Sorghum,2009,35096,534.0,38065.68,19.01
1587,Australia,Sorghum,2009,35096,534.0,38065.68,18.18
1588,Australia,Soybeans,2009,18926,534.0,38065.68,17.39
1589,Australia,Soybeans,2009,18926,534.0,38065.68,20.65
1590,Australia,Soybeans,2009,18926,534.0,38065.68,12.87
1591,Australia,Soybeans,2009,18926,534.0,38065.68,14.65
1592,Australia,Soybeans,2009,18926,534.0,38065.68,19.01
1593,Australia,Soybeans,2009,18926,534.0,38065.68,18.18
1594,Australia,Sweet potatoes,2009,250797,534.0,38065.68,17.39
1595,Australia,Sweet potatoes,2009,250797,534.0,38065.68,20.65
1596,Australia,Sweet potatoes,2009,250797,534.0,38065.68,12.87
1597,Australia,Sweet potatoes,2009,250797,534.0,38065.68,14.65
1598,Australia,Sweet potatoes,2009,250797,534.0,38065.68,19.01
1599,Australia,Sweet potatoes,2009,250797,534.0,38065.68,18.18
1600,Australia,Wheat,2009,15831,534.0,38065.68,17.39
1601,Australia,Wheat,2009,15831,534.0,38065.68,20.65
1602,Australia,Wheat,2009,15831,534.0,38065.68,12.87
1603,Australia,Wheat,2009,15831,534.0,38065.68,14.65
1604,Australia,Wheat,2009,15831,534.0,38065.68,19.01
1605,Australia,Wheat,2009,15831,534.0,38065.68,18.18
1606,Australia,Maize,2010,55593,534.0,42169.39,16.72
1607,Australia,Maize,2010,55593,534.0,42169.39,20.33
1608,Australia,Maize,2010,55593,534.0,42169.39,12.37
1609,Australia,Maize,2010,55593,534.0,42169.39,14.23
1610,Australia,Maize,2010,55593,534.0,42169.39,19.09
1611,Australia,Maize,2010,55593,534.0,42169.39,18.0
1612,Australia,Potatoes,2010,351334,534.0,42169.39,16.72
1613,Australia,Potatoes,2010,351334,534.0,42169.39,20.33
1614,Australia,Potatoes,2010,351334,534.0,42169.39,12.37
1615,Australia,Potatoes,2010,351334,534.0,42169.39,14.23
1616,Australia,Potatoes,2010,351334,534.0,42169.39,19.09
1617,Australia,Potatoes,2010,351334,534.0,42169.39,18.0
1618,Australia,"Rice, paddy",2010,103895,534.0,42169.39,16.72
1619,Australia,"Rice, paddy",2010,103895,534.0,42169.39,20.33
1620,Australia,"Rice, paddy",2010,103895,534.0,42169.39,12.37
1621,Australia,"Rice, paddy",2010,103895,534.0,42169.39,14.23
1622,Australia,"Rice, paddy",2010,103895,534.0,42169.39,19.09
1623,Australia,"Rice, paddy",2010,103895,534.0,42169.39,18.0
1624,Australia,Sorghum,2010,30279,534.0,42169.39,16.72
1625,Australia,Sorghum,2010,30279,534.0,42169.39,20.33
1626,Australia,Sorghum,2010,30279,534.0,42169.39,12.37
1627,Australia,Sorghum,2010,30279,534.0,42169.39,14.23
1628,Australia,Sorghum,2010,30279,534.0,42169.39,19.09
1629,Australia,Sorghum,2010,30279,534.0,42169.39,18.0
1630,Australia,Soybeans,2010,19042,534.0,42169.39,16.72
1631,Australia,Soybeans,2010,19042,534.0,42169.39,20.33
1632,Australia,Soybeans,2010,19042,534.0,42169.39,12.37
1633,Australia,Soybeans,2010,19042,534.0,42169.39,14.23
1634,Australia,Soybeans,2010,19042,534.0,42169.39,19.09
1635,Australia,Soybeans,2010,19042,534.0,42169.39,18.0
1636,Australia,Sweet potatoes,2010,305974,534.0,42169.39,16.72
1637,Australia,Sweet potatoes,2010,305974,534.0,42169.39,20.33
1638,Australia,Sweet potatoes,2010,305974,534.0,42169.39,12.37
1639,Australia,Sweet potatoes,2010,305974,534.0,42169.39,14.23
1640,Australia,Sweet potatoes,2010,305974,534.0,42169.39,19.09
1641,Australia,Sweet potatoes,2010,305974,534.0,42169.39,18.0
1642,Australia,Wheat,2010,15729,534.0,42169.39,16.72
1643,Australia,Wheat,2010,15729,534.0,42169.39,20.33
1644,Australia,Wheat,2010,15729,534.0,42169.39,12.37
1645,Australia,Wheat,2010,15729,534.0,42169.39,14.23
1646,Australia,Wheat,2010,15729,534.0,42169.39,19.09
1647,Australia,Wheat,2010,15729,534.0,42169.39,18.0
1648,Australia,Maize,2011,57390,534.0,47632.99,16.9
1649,Australia,Maize,2011,57390,534.0,47632.99,19.88
1650,Australia,Maize,2011,57390,534.0,47632.99,12.16
1651,Australia,Maize,2011,57390,534.0,47632.99,14.19
1652,Australia,Maize,2011,57390,534.0,47632.99,19.99
1653,Australia,Maize,2011,57390,534.0,47632.99,17.71
1654,Australia,Potatoes,2011,350887,534.0,47632.99,16.9
1655,Australia,Potatoes,2011,350887,534.0,47632.99,19.88
1656,Australia,Potatoes,2011,350887,534.0,47632.99,12.16
1657,Australia,Potatoes,2011,350887,534.0,47632.99,14.19
1658,Australia,Potatoes,2011,350887,534.0,47632.99,19.99
1659,Australia,Potatoes,2011,350887,534.0,47632.99,17.71
1660,Australia,"Rice, paddy",2011,95441,534.0,47632.99,16.9
1661,Australia,"Rice, paddy",2011,95441,534.0,47632.99,19.88
1662,Australia,"Rice, paddy",2011,95441,534.0,47632.99,12.16
1663,Australia,"Rice, paddy",2011,95441,534.0,47632.99,14.19
1664,Australia,"Rice, paddy",2011,95441,534.0,47632.99,19.99
1665,Australia,"Rice, paddy",2011,95441,534.0,47632.99,17.71
1666,Australia,Sorghum,2011,30558,534.0,47632.99,16.9
1667,Australia,Sorghum,2011,30558,534.0,47632.99,19.88
1668,Australia,Sorghum,2011,30558,534.0,47632.99,12.16
1669,Australia,Sorghum,2011,30558,534.0,47632.99,14.19
1670,Australia,Sorghum,2011,30558,534.0,47632.99,19.99
1671,Australia,Sorghum,2011,30558,534.0,47632.99,17.71
1672,Australia,Soybeans,2011,17136,534.0,47632.99,16.9
1673,Australia,Soybeans,2011,17136,534.0,47632.99,19.88
1674,Australia,Soybeans,2011,17136,534.0,47632.99,12.16
1675,Australia,Soybeans,2011,17136,534.0,47632.99,14.19
1676,Australia,Soybeans,2011,17136,534.0,47632.99,19.99
1677,Australia,Soybeans,2011,17136,534.0,47632.99,17.71
1678,Australia,Sweet potatoes,2011,319252,534.0,47632.99,16.9
1679,Australia,Sweet potatoes,2011,319252,534.0,47632.99,19.88
1680,Australia,Sweet potatoes,2011,319252,534.0,47632.99,12.16
1681,Australia,Sweet potatoes,2011,319252,534.0,47632.99,14.19
1682,Australia,Sweet potatoes,2011,319252,534.0,47632.99,19.99
1683,Australia,Sweet potatoes,2011,319252,534.0,47632.99,17.71
1684,Australia,Wheat,2011,20301,534.0,47632.99,16.9
1685,Australia,Wheat,2011,20301,534.0,47632.99,19.88
1686,Australia,Wheat,2011,20301,534.0,47632.99,12.16
1687,Australia,Wheat,2011,20301,534.0,47632.99,14.19
1688,Australia,Wheat,2011,20301,534.0,47632.99,19.99
1689,Australia,Wheat,2011,20301,534.0,47632.99,17.71
1690,Australia,Maize,2012,64654,534.0,48687.88,16.84
1691,Australia,Maize,2012,64654,534.0,48687.88,20.08
1692,Australia,Maize,2012,64654,534.0,48687.88,11.79
1693,Australia,Maize,2012,64654,534.0,48687.88,14.27
1694,Australia,Maize,2012,64654,534.0,48687.88,19.55
1695,Australia,Maize,2012,64654,534.0,48687.88,17.47
1696,Australia,Potatoes,2012,382592,534.0,48687.88,16.84
1697,Australia,Potatoes,2012,382592,534.0,48687.88,20.08
1698,Australia,Potatoes,2012,382592,534.0,48687.88,11.79
1699,Australia,Potatoes,2012,382592,534.0,48687.88,14.27
1700,Australia,Potatoes,2012,382592,534.0,48687.88,19.55
1701,Australia,Potatoes,2012,382592,534.0,48687.88,17.47
1702,Australia,"Rice, paddy",2012,89098,534.0,48687.88,16.84
1703,Australia,"Rice, paddy",2012,89098,534.0,48687.88,20.08
1704,Australia,"Rice, paddy",2012,89098,534.0,48687.88,11.79
1705,Australia,"Rice, paddy",2012,89098,534.0,48687.88,14.27
1706,Australia,"Rice, paddy",2012,89098,534.0,48687.88,19.55
1707,Australia,"Rice, paddy",2012,89098,534.0,48687.88,17.47
1708,Australia,Sorghum,2012,33960,534.0,48687.88,16.84
1709,Australia,Sorghum,2012,33960,534.0,48687.88,20.08
1710,Australia,Sorghum,2012,33960,534.0,48687.88,11.79
1711,Australia,Sorghum,2012,33960,534.0,48687.88,14.27
1712,Australia,Sorghum,2012,33960,534.0,48687.88,19.55
1713,Australia,Sorghum,2012,33960,534.0,48687.88,17.47
1714,Australia,Soybeans,2012,22598,534.0,48687.88,16.84
1715,Australia,Soybeans,2012,22598,534.0,48687.88,20.08
1716,Australia,Soybeans,2012,22598,534.0,48687.88,11.79
1717,Australia,Soybeans,2012,22598,534.0,48687.88,14.27
1718,Australia,Soybeans,2012,22598,534.0,48687.88,19.55
1719,Australia,Soybeans,2012,22598,534.0,48687.88,17.47
1720,Australia,Sweet potatoes,2012,331853,534.0,48687.88,16.84
1721,Australia,Sweet potatoes,2012,331853,534.0,48687.88,20.08
1722,Australia,Sweet potatoes,2012,331853,534.0,48687.88,11.79
1723,Australia,Sweet potatoes,2012,331853,534.0,48687.88,14.27
1724,Australia,Sweet potatoes,2012,331853,534.0,48687.88,19.55
1725,Australia,Sweet potatoes,2012,331853,534.0,48687.88,17.47
1726,Australia,Wheat,2012,21511,534.0,48687.88,16.84
1727,Australia,Wheat,2012,21511,534.0,48687.88,20.08
1728,Australia,Wheat,2012,21511,534.0,48687.88,11.79
1729,Australia,Wheat,2012,21511,534.0,48687.88,14.27
1730,Australia,Wheat,2012,21511,534.0,48687.88,19.55
1731,Australia,Wheat,2012,21511,534.0,48687.88,17.47
1732,Australia,Maize,2013,64441,534.0,45177.18,17.39
1733,Australia,Maize,2013,64441,534.0,45177.18,20.14
1734,Australia,Maize,2013,64441,534.0,45177.18,12.19
1735,Australia,Maize,2013,64441,534.0,45177.18,14.74
1736,Australia,Maize,2013,64441,534.0,45177.18,19.98
1737,Australia,Maize,2013,64441,534.0,45177.18,18.09
1738,Australia,Potatoes,2013,385434,534.0,45177.18,17.39
1739,Australia,Potatoes,2013,385434,534.0,45177.18,20.14
1740,Australia,Potatoes,2013,385434,534.0,45177.18,12.19
1741,Australia,Potatoes,2013,385434,534.0,45177.18,14.74
1742,Australia,Potatoes,2013,385434,534.0,45177.18,19.98
1743,Australia,Potatoes,2013,385434,534.0,45177.18,18.09
1744,Australia,"Rice, paddy",2013,102177,534.0,45177.18,17.39
1745,Australia,"Rice, paddy",2013,102177,534.0,45177.18,20.14
1746,Australia,"Rice, paddy",2013,102177,534.0,45177.18,12.19
1747,Australia,"Rice, paddy",2013,102177,534.0,45177.18,14.74
1748,Australia,"Rice, paddy",2013,102177,534.0,45177.18,19.98
1749,Australia,"Rice, paddy",2013,102177,534.0,45177.18,18.09
1750,Australia,Sorghum,2013,34419,534.0,45177.18,17.39
1751,Australia,Sorghum,2013,34419,534.0,45177.18,20.14
1752,Australia,Sorghum,2013,34419,534.0,45177.18,12.19
1753,Australia,Sorghum,2013,34419,534.0,45177.18,14.74
1754,Australia,Sorghum,2013,34419,534.0,45177.18,19.98
1755,Australia,Sorghum,2013,34419,534.0,45177.18,18.09
1756,Australia,Soybeans,2013,22336,534.0,45177.18,17.39
1757,Australia,Soybeans,2013,22336,534.0,45177.18,20.14
1758,Australia,Soybeans,2013,22336,534.0,45177.18,12.19
1759,Australia,Soybeans,2013,22336,534.0,45177.18,14.74
1760,Australia,Soybeans,2013,22336,534.0,45177.18,19.98
1761,Australia,Soybeans,2013,22336,534.0,45177.18,18.09
1762,Australia,Sweet potatoes,2013,344391,534.0,45177.18,17.39
1763,Australia,Sweet potatoes,2013,344391,534.0,45177.18,20.14
1764,Australia,Sweet potatoes,2013,344391,534.0,45177.18,12.19
1765,Australia,Sweet potatoes,2013,344391,534.0,45177.18,14.74
1766,Australia,Sweet potatoes,2013,344391,534.0,45177.18,19.98
1767,Australia,Sweet potatoes,2013,344391,534.0,45177.18,18.09
1768,Australia,Wheat,2013,17609,534.0,45177.18,17.39
1769,Australia,Wheat,2013,17609,534.0,45177.18,20.14
1770,Australia,Wheat,2013,17609,534.0,45177.18,12.19
1771,Australia,Wheat,2013,17609,534.0,45177.18,14.74
1772,Australia,Wheat,2013,17609,534.0,45177.18,19.98
1773,Australia,Wheat,2013,17609,534.0,45177.18,18.09
1774,Austria,Maize,1990,81800,1110.0,4246.0,9.23
1775,Austria,Potatoes,1990,249854,1110.0,4246.0,9.23
1776,Austria,Soybeans,1990,19046,1110.0,4246.0,9.23
1777,Austria,Wheat,1990,50479,1110.0,4246.0,9.23
1778,Austria,Maize,1991,84800,1110.0,4487.0,8.15
1779,Austria,Potatoes,1991,236372,1110.0,4487.0,8.15
1780,Austria,Soybeans,1991,24958,1110.0,4487.0,8.15
1781,Austria,Wheat,1991,50735,1110.0,4487.0,8.15
1782,Austria,Maize,1992,64800,1110.0,3897.0,9.49
1783,Austria,Potatoes,1992,223470,1110.0,3897.0,9.49
1784,Austria,Soybeans,1992,17480,1110.0,3897.0,9.49
1785,Austria,Wheat,1992,53938,1110.0,3897.0,9.49
1786,Austria,Maize,1993,89710,1110.0,3984.0,8.48
1787,Austria,Potatoes,1993,284925,1110.0,3984.0,8.48
1788,Austria,Soybeans,1993,23168,1110.0,3984.0,8.48
1789,Austria,Wheat,1993,42246,1110.0,3984.0,8.48
1790,Austria,Maize,1994,79160,1110.0,3619.0,9.89
1791,Austria,Potatoes,1994,199650,1110.0,3619.0,9.89
1792,Austria,Soybeans,1994,22505,1110.0,3619.0,9.89
1793,Austria,Wheat,1994,52088,1110.0,3619.0,9.89
1794,Austria,Maize,1995,85000,1110.0,3402.0,8.79
1795,Austria,Potatoes,1995,267949,1110.0,3402.0,8.79
1796,Austria,Soybeans,1995,22768,1110.0,3402.0,8.79
1797,Austria,Wheat,1995,50856,1110.0,3402.0,8.79
1798,Austria,Maize,1996,86200,1110.0,3565.0,7.4
1799,Austria,Potatoes,1996,291997,1110.0,3565.0,7.4
1800,Austria,Soybeans,1996,20100,1110.0,3565.0,7.4
1801,Austria,Wheat,1996,50069,1110.0,3565.0,7.4
1802,Austria,Maize,1997,97800,1110.0,3689.6,8.37
1803,Austria,Potatoes,1997,288325,1110.0,3689.6,8.37
1804,Austria,Soybeans,1997,22000,1110.0,3689.6,8.37
1805,Austria,Wheat,1997,52044,1110.0,3689.6,8.37
1806,Austria,Maize,1998,96100,1110.0,3340.3,9.01
1807,Austria,Potatoes,1998,283064,1110.0,3340.3,9.01
1808,Austria,Soybeans,1998,25189,1110.0,3340.3,9.01
1809,Austria,Wheat,1998,50749,1110.0,3340.3,9.01
1810,Austria,Maize,1999,96000,1110.0,3418.6,9.17
1811,Austria,Potatoes,1999,307044,1110.0,3418.6,9.17
1812,Austria,Soybeans,1999,27209,1110.0,3418.6,9.17
1813,Austria,Wheat,1999,54348,1110.0,3418.6,9.17
1814,Austria,Maize,2000,98600,1110.0,3563.2,10.08
1815,Austria,Potatoes,2000,292627,1110.0,3563.2,10.08
1816,Austria,Soybeans,2000,21139,1110.0,3563.2,10.08
1817,Austria,Wheat,2000,44688,1110.0,3563.2,10.08
1818,Austria,Maize,2001,90869,1110.0,3132.2,8.75
1819,Austria,Potatoes,2001,300394,1110.0,3132.2,8.75
1820,Austria,Soybeans,2001,20736,1110.0,3132.2,8.75
1821,Austria,Wheat,2001,52412,1110.0,3132.2,8.75
1822,Austria,Maize,2002,99815,1110.0,3079.2,9.62
1823,Austria,Potatoes,2002,303832,1110.0,3079.2,9.62
1824,Austria,Soybeans,2002,25244,1110.0,3079.2,9.62
1825,Austria,Wheat,2002,49667,1110.0,3079.2,9.62
1826,Austria,Maize,2004,96544,1110.0,3301.7,8.76
1827,Austria,Potatoes,2004,316117,1110.0,3301.7,8.76
1828,Austria,Soybeans,2004,25092,1110.0,3301.7,8.76
1829,Austria,Wheat,2004,59234,1110.0,3301.7,8.76
1830,Austria,Maize,2005,106570,1110.0,3404.0,8.6
1831,Austria,Potatoes,2005,343985,1110.0,3404.0,8.6
1832,Austria,Soybeans,2005,28267,1110.0,3404.0,8.6
1833,Austria,Wheat,2005,50286,1110.0,3404.0,8.6
1834,Austria,Maize,2006,96370,1110.0,3415.7,9.13
1835,Austria,Potatoes,2006,298641,1110.0,3415.7,9.13
1836,Austria,Soybeans,2006,25970,1110.0,3415.7,9.13
1837,Austria,Wheat,2006,49066,1110.0,3415.7,9.13
1838,Austria,Maize,2007,103128,1110.0,3526.6,10.03
1839,Austria,Potatoes,2007,294931,1110.0,3526.6,10.03
1840,Austria,Soybeans,2007,26211,1110.0,3526.6,10.03
1841,Austria,Wheat,2007,47763,1110.0,3526.6,10.03
1842,Austria,Maize,2008,113173,1110.0,4246.7,9.96
1843,Austria,Potatoes,2008,331993,1110.0,4246.7,9.96
1844,Austria,Soybeans,2008,29369,1110.0,4246.7,9.96
1845,Austria,Wheat,2008,56935,1110.0,4246.7,9.96
1846,Austria,Maize,2009,108293,1110.0,3531.8,9.48
1847,Austria,Potatoes,2009,324947,1110.0,3531.8,9.48
1848,Austria,Soybeans,2009,28171,1110.0,3531.8,9.48
1849,Austria,Wheat,2009,49295,1110.0,3531.8,9.48
1850,Austria,Maize,2010,97247,1110.0,3692.4,8.36
1851,Austria,Potatoes,2010,305703,1110.0,3692.4,8.36
1852,Austria,Sorghum,2010,67666,1110.0,3692.4,8.36
1853,Austria,Soybeans,2010,27501,1110.0,3692.4,8.36
1854,Austria,Wheat,2010,50117,1110.0,3692.4,8.36
1855,Austria,Maize,2011,112996,1110.0,3441.5,9.42
1856,Austria,Potatoes,2011,357127,1110.0,3441.5,9.42
1857,Austria,Sorghum,2011,67299,1110.0,3441.5,9.42
1858,Austria,Soybeans,2011,28691,1110.0,3441.5,9.42
1859,Austria,Wheat,2011,58549,1110.0,3441.5,9.42
1860,Austria,Maize,2012,107025,1110.0,3563.3,9.42
1861,Austria,Potatoes,2012,305491,1110.0,3563.3,9.42
1862,Austria,Sorghum,2012,68081,1110.0,3563.3,9.42
1863,Austria,Soybeans,2012,28051,1110.0,3563.3,9.42
1864,Austria,Wheat,2012,41388,1110.0,3563.3,9.42
1865,Austria,Maize,2013,81173,1110.0,3108.6,10.03
1866,Austria,Potatoes,2013,285897,1110.0,3108.6,10.03
1867,Austria,Sorghum,2013,52447,1110.0,3108.6,10.03
1868,Austria,Soybeans,2013,19697,1110.0,3108.6,10.03
1869,Austria,Wheat,2013,53743,1110.0,3108.6,10.03
1870,Azerbaijan,Maize,1992,18740,447.0,148.68,10.93
1871,Azerbaijan,Potatoes,1992,82701,447.0,148.68,10.93
1872,Azerbaijan,"Rice, paddy",1992,7292,447.0,148.68,10.93
1873,Azerbaijan,Sorghum,1992,578,447.0,148.68,10.93
1874,Azerbaijan,Soybeans,1992,1141,447.0,148.68,10.93
1875,Azerbaijan,Wheat,1992,21705,447.0,148.68,10.93
1876,Azerbaijan,Maize,1993,13918,447.0,148.68,10.53
1877,Azerbaijan,Potatoes,1993,78059,447.0,148.68,10.53
1878,Azerbaijan,"Rice, paddy",1993,9461,447.0,148.68,10.53
1879,Azerbaijan,Sorghum,1993,1659,447.0,148.68,10.53
1880,Azerbaijan,Soybeans,1993,811,447.0,148.68,10.53
1881,Azerbaijan,Wheat,1993,16855,447.0,148.68,10.53
1882,Azerbaijan,Maize,1994,14619,447.0,148.68,11.32
1883,Azerbaijan,Potatoes,1994,82623,447.0,148.68,11.32
1884,Azerbaijan,"Rice, paddy",1994,10059,447.0,148.68,11.32
1885,Azerbaijan,Sorghum,1994,2323,447.0,148.68,11.32
1886,Azerbaijan,Soybeans,1994,1905,447.0,148.68,11.32
1887,Azerbaijan,Wheat,1994,16296,447.0,148.68,11.32
1888,Azerbaijan,Maize,1995,11810,447.0,148.68,12.81
1889,Azerbaijan,Potatoes,1995,97450,447.0,148.68,12.81
1890,Azerbaijan,"Rice, paddy",1995,19890,447.0,148.68,12.81
1891,Azerbaijan,Sorghum,1995,1317,447.0,148.68,12.81
1892,Azerbaijan,Soybeans,1995,10000,447.0,148.68,12.81
1893,Azerbaijan,Wheat,1995,14940,447.0,148.68,12.81
1894,Azerbaijan,Maize,1996,17369,447.0,148.68,11.96
1895,Azerbaijan,Potatoes,1996,101359,447.0,148.68,11.96
1896,Azerbaijan,"Rice, paddy",1996,36917,447.0,148.68,11.96
1897,Azerbaijan,Sorghum,1996,1389,447.0,148.68,11.96
1898,Azerbaijan,Soybeans,1996,9363,447.0,148.68,11.96
1899,Azerbaijan,Wheat,1996,16627,447.0,148.68,11.96
1900,Azerbaijan,Maize,1997,24340,447.0,148.68,11.89
1901,Azerbaijan,Potatoes,1997,82711,447.0,148.68,11.89
1902,Azerbaijan,"Rice, paddy",1997,46082,447.0,148.68,11.89
1903,Azerbaijan,Sorghum,1997,833,447.0,148.68,11.89
1904,Azerbaijan,Soybeans,1997,10667,447.0,148.68,11.89
1905,Azerbaijan,Wheat,1997,16914,447.0,148.68,11.89
1906,Azerbaijan,Maize,1998,29541,447.0,148.68,12.79
1907,Azerbaijan,Potatoes,1998,95259,447.0,148.68,12.79
1908,Azerbaijan,"Rice, paddy",1998,48046,447.0,148.68,12.79
1909,Azerbaijan,Sorghum,1998,857,447.0,148.68,12.79
1910,Azerbaijan,Soybeans,1998,11111,447.0,148.68,12.79
1911,Azerbaijan,Wheat,1998,15764,447.0,148.68,12.79
1912,Azerbaijan,Maize,1999,35343,447.0,148.68,12.74
1913,Azerbaijan,Potatoes,1999,95214,447.0,148.68,12.74
1914,Azerbaijan,"Rice, paddy",1999,44415,447.0,148.68,12.74
1915,Azerbaijan,Soybeans,1999,12000,447.0,148.68,12.74
1916,Azerbaijan,Wheat,1999,19992,447.0,148.68,12.74
1917,Azerbaijan,Maize,2000,32484,447.0,148.68,12.61
1918,Azerbaijan,Potatoes,2000,89357,447.0,148.68,12.61
1919,Azerbaijan,"Rice, paddy",2000,50191,447.0,148.68,12.61
1920,Azerbaijan,Sorghum,2000,2434,447.0,148.68,12.61
1921,Azerbaijan,Soybeans,2000,11940,447.0,148.68,12.61
1922,Azerbaijan,Wheat,2000,23223,447.0,148.68,12.61
1923,Azerbaijan,Maize,2001,37823,447.0,148.68,12.97
1924,Azerbaijan,Potatoes,2001,109774,447.0,148.68,12.97
1925,Azerbaijan,"Rice, paddy",2001,48495,447.0,148.68,12.97
1926,Azerbaijan,Soybeans,2001,12222,447.0,148.68,12.97
1927,Azerbaijan,Wheat,2001,26154,447.0,148.68,12.97
1928,Azerbaijan,Maize,2002,43463,447.0,148.68,12.45
1929,Azerbaijan,Potatoes,2002,121132,447.0,148.68,12.45
1930,Azerbaijan,"Rice, paddy",2002,46532,447.0,148.68,12.45
1931,Azerbaijan,Wheat,2002,26028,447.0,148.68,12.45
1932,Azerbaijan,Maize,2004,46071,447.0,148.68,12.76
1933,Azerbaijan,Potatoes,2004,141416,447.0,148.68,12.76
1934,Azerbaijan,"Rice, paddy",2004,39810,447.0,148.68,12.76
1935,Azerbaijan,Soybeans,2004,17568,447.0,148.68,12.76
1936,Azerbaijan,Wheat,2004,25748,447.0,148.68,12.76
1937,Azerbaijan,Maize,2005,47703,447.0,148.68,12.88
1938,Azerbaijan,Potatoes,2005,153215,447.0,148.68,12.88
1939,Azerbaijan,"Rice, paddy",2005,35903,447.0,148.68,12.88
1940,Azerbaijan,Soybeans,2005,5789,447.0,148.68,12.88
1941,Azerbaijan,Wheat,2005,25818,447.0,148.68,12.88
1942,Azerbaijan,Maize,2006,45777,447.0,148.68,12.66
1943,Azerbaijan,Potatoes,2006,149497,447.0,148.68,12.66
1944,Azerbaijan,"Rice, paddy",2006,42375,447.0,148.68,12.66
1945,Azerbaijan,Sorghum,2006,10000,447.0,148.68,12.66
1946,Azerbaijan,Soybeans,2006,4906,447.0,148.68,12.66
1947,Azerbaijan,Wheat,2006,26050,447.0,148.68,12.66
1948,Azerbaijan,Maize,2007,46175,447.0,148.68,12.75
1949,Azerbaijan,Potatoes,2007,154570,447.0,148.68,12.75
1950,Azerbaijan,"Rice, paddy",2007,33886,447.0,148.68,12.75
1951,Azerbaijan,Soybeans,2007,4000,447.0,148.68,12.75
1952,Azerbaijan,Wheat,2007,26722,447.0,148.68,12.75
1953,Azerbaijan,Maize,2008,47784,447.0,262.99,12.3
1954,Azerbaijan,Potatoes,2008,156430,447.0,262.99,12.3
1955,Azerbaijan,"Rice, paddy",2008,27973,447.0,262.99,12.3
1956,Azerbaijan,Sorghum,2008,12000,447.0,262.99,12.3
1957,Azerbaijan,Soybeans,2008,5000,447.0,262.99,12.3
1958,Azerbaijan,Wheat,2008,27251,447.0,262.99,12.3
1959,Azerbaijan,Maize,2009,47990,447.0,316.18,12.6
1960,Azerbaijan,Potatoes,2009,149950,447.0,316.18,12.6
1961,Azerbaijan,"Rice, paddy",2009,25279,447.0,316.18,12.6
1962,Azerbaijan,Soybeans,2009,6677,447.0,316.18,12.6
1963,Azerbaijan,Wheat,2009,25946,447.0,316.18,12.6
1964,Azerbaijan,Maize,2010,45551,447.0,333.85,13.85
1965,Azerbaijan,Potatoes,2010,144945,447.0,333.85,13.85
1966,Azerbaijan,"Rice, paddy",2010,23963,447.0,333.85,13.85
1967,Azerbaijan,Soybeans,2010,7136,447.0,333.85,13.85
1968,Azerbaijan,Wheat,2010,19381,447.0,333.85,13.85
1969,Azerbaijan,Maize,2011,45460,447.0,461.84,11.79
1970,Azerbaijan,Potatoes,2011,143973,447.0,461.84,11.79
1971,Azerbaijan,"Rice, paddy",2011,20947,447.0,461.84,11.79
1972,Azerbaijan,Soybeans,2011,6717,447.0,461.84,11.79
1973,Azerbaijan,Wheat,2011,24376,447.0,461.84,11.79
1974,Azerbaijan,Maize,2012,51029,447.0,516.35,13.0
1975,Azerbaijan,Potatoes,2012,146740,447.0,516.35,13.0
1976,Azerbaijan,"Rice, paddy",2012,22249,447.0,516.35,13.0
1977,Azerbaijan,Sorghum,2012,1500,447.0,516.35,13.0
1978,Azerbaijan,Soybeans,2012,6587,447.0,516.35,13.0
1979,Azerbaijan,Wheat,2012,26144,447.0,516.35,13.0
1980,Azerbaijan,Maize,2013,53903,447.0,489.8,14.12
1981,Azerbaijan,Potatoes,2013,151999,447.0,489.8,14.12
1982,Azerbaijan,"Rice, paddy",2013,22808,447.0,489.8,14.12
1983,Azerbaijan,Sorghum,2013,5000,447.0,489.8,14.12
1984,Azerbaijan,Soybeans,2013,6457,447.0,489.8,14.12
1985,Azerbaijan,Wheat,2013,26719,447.0,489.8,14.12
1986,Bahamas,Cassava,1992,95859,1292.0,484.59,25.1
1987,Bahamas,Maize,1992,16667,1292.0,484.59,25.1
1988,Bahamas,Sweet potatoes,1992,31586,1292.0,484.59,25.1
1989,Bahamas,Cassava,1993,90909,1292.0,484.59,25.26
1990,Bahamas,Maize,1993,16000,1292.0,484.59,25.26
1991,Bahamas,Sweet potatoes,1993,31571,1292.0,484.59,25.26
1992,Bahamas,Cassava,1994,80000,1292.0,484.59,25.73
1993,Bahamas,Maize,1994,17931,1292.0,484.59,25.73
1994,Bahamas,Sweet potatoes,1994,31254,1292.0,484.59,25.73
1995,Bahamas,Cassava,1995,77089,1292.0,484.59,25.44
1996,Bahamas,Maize,1995,17931,1292.0,484.59,25.44
1997,Bahamas,Sweet potatoes,1995,30714,1292.0,484.59,25.44
1998,Bahamas,Cassava,1996,75783,1292.0,484.59,25.06
1999,Bahamas,Maize,1996,17931,1292.0,484.59,25.06
2000,Bahamas,Sweet potatoes,1996,31324,1292.0,484.59,25.06
2001,Bahamas,Cassava,1997,75317,1292.0,484.59,25.81
2002,Bahamas,Maize,1997,17400,1292.0,484.59,25.81
2003,Bahamas,Sweet potatoes,1997,30800,1292.0,484.59,25.81
2004,Bahamas,Cassava,1998,75000,1292.0,484.59,25.94
2005,Bahamas,Maize,1998,19842,1292.0,484.59,25.94
2006,Bahamas,Sweet potatoes,1998,31724,1292.0,484.59,25.94
2007,Bahamas,Cassava,1999,80000,1292.0,484.59,25.31
2008,Bahamas,Maize,1999,21657,1292.0,484.59,25.31
2009,Bahamas,Sweet potatoes,1999,38088,1292.0,484.59,25.31
2010,Bahamas,Cassava,2000,100000,1292.0,484.59,25.16
2011,Bahamas,Maize,2000,24762,1292.0,484.59,25.16
2012,Bahamas,Sweet potatoes,2000,35304,1292.0,484.59,25.16
2013,Bahamas,Cassava,2001,102308,1292.0,375.89,25.23
2014,Bahamas,Maize,2001,30000,1292.0,375.89,25.23
2015,Bahamas,Sweet potatoes,2001,30556,1292.0,375.89,25.23
2016,Bahamas,Cassava,2002,100000,1292.0,384.23,25.79
2017,Bahamas,Maize,2002,30500,1292.0,384.23,25.79
2018,Bahamas,Sweet potatoes,2002,34792,1292.0,384.23,25.79
2019,Bahamas,Cassava,2004,103333,1292.0,269.66,25.46
2020,Bahamas,Maize,2004,35500,1292.0,269.66,25.46
2021,Bahamas,Sweet potatoes,2004,33846,1292.0,269.66,25.46
2022,Bahamas,Cassava,2005,106816,1292.0,315.74,25.43
2023,Bahamas,Maize,2005,36000,1292.0,315.74,25.43
2024,Bahamas,Sweet potatoes,2005,34323,1292.0,315.74,25.43
2025,Bahamas,Cassava,2006,106250,1292.0,268.2,25.34
2026,Bahamas,Maize,2006,38000,1292.0,268.2,25.34
2027,Bahamas,Sweet potatoes,2006,34519,1292.0,268.2,25.34
2028,Bahamas,Cassava,2007,105556,1292.0,268.2,25.71
2029,Bahamas,Maize,2007,40000,1292.0,268.2,25.71
2030,Bahamas,Sweet potatoes,2007,34364,1292.0,268.2,25.71
2031,Bahamas,Cassava,2008,139562,1292.0,268.2,25.63
2032,Bahamas,Maize,2008,47619,1292.0,268.2,25.63
2033,Bahamas,Sweet potatoes,2008,34462,1292.0,268.2,25.63
2034,Bahamas,Cassava,2009,180917,1292.0,268.2,25.46
2035,Bahamas,Maize,2009,60000,1292.0,268.2,25.46
2036,Bahamas,Sweet potatoes,2009,34560,1292.0,268.2,25.46
2037,Bahamas,Cassava,2010,221795,1292.0,268.2,24.77
2038,Bahamas,Maize,2010,75333,1292.0,268.2,24.77
2039,Bahamas,Plantains and others,2010,79048,1292.0,268.2,24.77
2040,Bahamas,Sweet potatoes,2010,34658,1292.0,268.2,24.77
2041,Bahamas,Cassava,2011,225128,1292.0,268.2,25.76
2042,Bahamas,Maize,2011,73085,1292.0,268.2,25.76
2043,Bahamas,Plantains and others,2011,78182,1292.0,268.2,25.76
2044,Bahamas,Sweet potatoes,2011,34757,1292.0,268.2,25.76
2045,Bahamas,Cassava,2012,223000,1292.0,268.2,25.46
2046,Bahamas,Maize,2012,73404,1292.0,268.2,25.46
2047,Bahamas,Plantains and others,2012,77391,1292.0,268.2,25.46
2048,Bahamas,Sweet potatoes,2012,34855,1292.0,268.2,25.46
2049,Bahamas,Cassava,2013,221509,1292.0,268.2,25.88
2050,Bahamas,Maize,2013,74465,1292.0,268.2,25.88
2051,Bahamas,Plantains and others,2013,76928,1292.0,268.2,25.88
2052,Bahamas,Sweet potatoes,2013,34953,1292.0,268.2,25.88
2053,Bahrain,Potatoes,1990,186667,83.0,14.05,26.26
2054,Bahrain,Sweet potatoes,1990,116667,83.0,14.05,26.26
2055,Bahrain,Potatoes,1991,206667,83.0,14.05,25.73
2056,Bahrain,Sweet potatoes,1991,120000,83.0,14.05,25.73
2057,Bahrain,Potatoes,1992,188000,83.0,14.05,25.09
2058,Bahrain,Sweet potatoes,1992,112500,83.0,14.05,25.09
2059,Bahrain,Potatoes,1993,162857,83.0,14.05,26.09
2060,Bahrain,Sweet potatoes,1993,116667,83.0,14.05,26.09
2061,Bahrain,Potatoes,1994,147500,83.0,30.86,26.66
2062,Bahrain,Sweet potatoes,1994,125000,83.0,30.86,26.66
2063,Bahrain,Potatoes,1995,166667,83.0,12.46,26.18
2064,Bahrain,Sweet potatoes,1995,120000,83.0,12.46,26.18
2065,Bahrain,Potatoes,1996,125000,83.0,12.16,26.76
2066,Bahrain,Potatoes,1997,160000,83.0,9.42,26.11
2067,Bahrain,Potatoes,1998,160000,83.0,11.15,27.54
2068,Bahrain,Potatoes,1999,100000,83.0,12.5,27.67
2069,Bahrain,Potatoes,2000,103333,83.0,8.65,26.99
2070,Bahrain,Potatoes,2001,110000,83.0,9.2,27.36
2071,Bahrain,Potatoes,2002,190000,83.0,0.91,27.19
2072,Bahrain,Potatoes,2004,180000,83.0,12.24,27.07
2073,Bahrain,Potatoes,2005,100000,83.0,12.75,26.89
2074,Bahrain,Potatoes,2006,130000,83.0,12.12,27.15
2075,Bahrain,Potatoes,2007,255556,83.0,16.25,27.13
2076,Bahrain,Potatoes,2008,210000,83.0,10.45,26.96
2077,Bahrain,Potatoes,2009,166667,83.0,12.59,27.24
2078,Bahrain,Potatoes,2010,155598,83.0,9.84,28.0
2079,Bahrain,Potatoes,2011,171162,83.0,9.14,27.01
2080,Bahrain,Potatoes,2012,177812,83.0,9.14,27.45
2081,Bahrain,Potatoes,2013,179569,83.0,9.14,27.86
2082,Bangladesh,Maize,1990,10015,2666.0,1266.0,25.98
2083,Bangladesh,Maize,1990,10015,2666.0,1266.0,25.98
2084,Bangladesh,Potatoes,1990,91410,2666.0,1266.0,25.98
2085,Bangladesh,Potatoes,1990,91410,2666.0,1266.0,25.98
2086,Bangladesh,"Rice, paddy",1990,25661,2666.0,1266.0,25.98
2087,Bangladesh,"Rice, paddy",1990,25661,2666.0,1266.0,25.98
2088,Bangladesh,Sorghum,1990,8103,2666.0,1266.0,25.98
2089,Bangladesh,Sorghum,1990,8103,2666.0,1266.0,25.98
2090,Bangladesh,Sweet potatoes,1990,98316,2666.0,1266.0,25.98
2091,Bangladesh,Sweet potatoes,1990,98316,2666.0,1266.0,25.98
2092,Bangladesh,Wheat,1990,15034,2666.0,1266.0,25.98
2093,Bangladesh,Wheat,1990,15034,2666.0,1266.0,25.98
2094,Bangladesh,Maize,1991,9781,2666.0,1287.0,25.85
2095,Bangladesh,Maize,1991,9781,2666.0,1287.0,25.85
2096,Bangladesh,Potatoes,1991,99868,2666.0,1287.0,25.85
2097,Bangladesh,Potatoes,1991,99868,2666.0,1287.0,25.85
2098,Bangladesh,"Rice, paddy",1991,26592,2666.0,1287.0,25.85
2099,Bangladesh,"Rice, paddy",1991,26592,2666.0,1287.0,25.85
2100,Bangladesh,Sorghum,1991,8376,2666.0,1287.0,25.85
2101,Bangladesh,Sorghum,1991,8376,2666.0,1287.0,25.85
2102,Bangladesh,Sweet potatoes,1991,96481,2666.0,1287.0,25.85
2103,Bangladesh,Sweet potatoes,1991,96481,2666.0,1287.0,25.85
2104,Bangladesh,Wheat,1991,16767,2666.0,1287.0,25.85
2105,Bangladesh,Wheat,1991,16767,2666.0,1287.0,25.85
2106,Bangladesh,Maize,1992,9319,2666.0,1453.0,25.86
2107,Bangladesh,Maize,1992,9319,2666.0,1453.0,25.86
2108,Bangladesh,Potatoes,1992,107931,2666.0,1453.0,25.86
2109,Bangladesh,Potatoes,1992,107931,2666.0,1453.0,25.86
2110,Bangladesh,"Rice, paddy",1992,26893,2666.0,1453.0,25.86
2111,Bangladesh,"Rice, paddy",1992,26893,2666.0,1453.0,25.86
2112,Bangladesh,Sorghum,1992,8988,2666.0,1453.0,25.86
2113,Bangladesh,Sorghum,1992,8988,2666.0,1453.0,25.86
2114,Bangladesh,Sweet potatoes,1992,96477,2666.0,1453.0,25.86
2115,Bangladesh,Sweet potatoes,1992,96477,2666.0,1453.0,25.86
2116,Bangladesh,Wheat,1992,18534,2666.0,1453.0,25.86
2117,Bangladesh,Wheat,1992,18534,2666.0,1453.0,25.86
2118,Bangladesh,Maize,1993,9351,2666.0,1487.0,25.73
2119,Bangladesh,Maize,1993,9351,2666.0,1487.0,25.73
2120,Bangladesh,Potatoes,1993,106787,2666.0,1487.0,25.73
2121,Bangladesh,Potatoes,1993,106787,2666.0,1487.0,25.73
2122,Bangladesh,"Rice, paddy",1993,27185,2666.0,1487.0,25.73
2123,Bangladesh,"Rice, paddy",1993,27185,2666.0,1487.0,25.73
2124,Bangladesh,Sorghum,1993,8948,2666.0,1487.0,25.73
2125,Bangladesh,Sorghum,1993,8948,2666.0,1487.0,25.73
2126,Bangladesh,Sweet potatoes,1993,95714,2666.0,1487.0,25.73
2127,Bangladesh,Sweet potatoes,1993,95714,2666.0,1487.0,25.73
2128,Bangladesh,Wheat,1993,18457,2666.0,1487.0,25.73
2129,Bangladesh,Wheat,1993,18457,2666.0,1487.0,25.73
2130,Bangladesh,Maize,1994,9042,2666.0,1594.5,25.91
2131,Bangladesh,Maize,1994,9042,2666.0,1594.5,25.91
2132,Bangladesh,Potatoes,1994,109570,2666.0,1594.5,25.91
2133,Bangladesh,Potatoes,1994,109570,2666.0,1594.5,25.91
2134,Bangladesh,"Rice, paddy",1994,25328,2666.0,1594.5,25.91
2135,Bangladesh,"Rice, paddy",1994,25328,2666.0,1594.5,25.91
2136,Bangladesh,Sorghum,1994,9892,2666.0,1594.5,25.91
2137,Bangladesh,Sorghum,1994,9892,2666.0,1594.5,25.91
2138,Bangladesh,Sweet potatoes,1994,95373,2666.0,1594.5,25.91
2139,Bangladesh,Sweet potatoes,1994,95373,2666.0,1594.5,25.91
2140,Bangladesh,Wheat,1994,18390,2666.0,1594.5,25.91
2141,Bangladesh,Wheat,1994,18390,2666.0,1594.5,25.91
2142,Bangladesh,Maize,1995,10700,2666.0,1702.0,26.09
2143,Bangladesh,Maize,1995,10700,2666.0,1702.0,26.09
2144,Bangladesh,Potatoes,1995,111665,2666.0,1702.0,26.09
2145,Bangladesh,Potatoes,1995,111665,2666.0,1702.0,26.09
2146,Bangladesh,"Rice, paddy",1995,26527,2666.0,1702.0,26.09
2147,Bangladesh,"Rice, paddy",1995,26527,2666.0,1702.0,26.09
2148,Bangladesh,Sorghum,1995,9804,2666.0,1702.0,26.09
2149,Bangladesh,Sorghum,1995,9804,2666.0,1702.0,26.09
2150,Bangladesh,Sweet potatoes,1995,95186,2666.0,1702.0,26.09
2151,Bangladesh,Sweet potatoes,1995,95186,2666.0,1702.0,26.09
2152,Bangladesh,Wheat,1995,19483,2666.0,1702.0,26.09
2153,Bangladesh,Wheat,1995,19483,2666.0,1702.0,26.09
2154,Bangladesh,Maize,1996,10166,2666.0,1919.0,26.15
2155,Bangladesh,Maize,1996,10166,2666.0,1919.0,26.15
2156,Bangladesh,Potatoes,1996,112741,2666.0,1919.0,26.15
2157,Bangladesh,Potatoes,1996,112741,2666.0,1919.0,26.15
2158,Bangladesh,"Rice, paddy",1996,27629,2666.0,1919.0,26.15
2159,Bangladesh,"Rice, paddy",1996,27629,2666.0,1919.0,26.15
2160,Bangladesh,Sorghum,1996,9959,2666.0,1919.0,26.15
2161,Bangladesh,Sorghum,1996,9959,2666.0,1919.0,26.15
2162,Bangladesh,Sweet potatoes,1996,96081,2666.0,1919.0,26.15
2163,Bangladesh,Sweet potatoes,1996,96081,2666.0,1919.0,26.15
2164,Bangladesh,Wheat,1996,19531,2666.0,1919.0,26.15
2165,Bangladesh,Wheat,1996,19531,2666.0,1919.0,26.15
2166,Bangladesh,Maize,1997,10914,2666.0,2035.0,25.55
2167,Bangladesh,Maize,1997,10914,2666.0,2035.0,25.55
2168,Bangladesh,Potatoes,1997,112551,2666.0,2035.0,25.55
2169,Bangladesh,Potatoes,1997,112551,2666.0,2035.0,25.55
2170,Bangladesh,"Rice, paddy",1997,27431,2666.0,2035.0,25.55
2171,Bangladesh,"Rice, paddy",1997,27431,2666.0,2035.0,25.55
2172,Bangladesh,Sorghum,1997,10297,2666.0,2035.0,25.55
2173,Bangladesh,Sorghum,1997,10297,2666.0,2035.0,25.55
2174,Bangladesh,Sweet potatoes,1997,93946,2666.0,2035.0,25.55
2175,Bangladesh,Sweet potatoes,1997,93946,2666.0,2035.0,25.55
2176,Bangladesh,Wheat,1997,20544,2666.0,2035.0,25.55
2177,Bangladesh,Wheat,1997,20544,2666.0,2035.0,25.55
2178,Bangladesh,Maize,1998,7339,2666.0,2068.0,26.13
2179,Bangladesh,Maize,1998,7339,2666.0,2068.0,26.13
2180,Bangladesh,Potatoes,1998,113972,2666.0,2068.0,26.13
2181,Bangladesh,Potatoes,1998,113972,2666.0,2068.0,26.13
2182,Bangladesh,"Rice, paddy",1998,29358,2666.0,2068.0,26.13
2183,Bangladesh,"Rice, paddy",1998,29358,2666.0,2068.0,26.13
2184,Bangladesh,Sorghum,1998,7901,2666.0,2068.0,26.13
2185,Bangladesh,Sorghum,1998,7901,2666.0,2068.0,26.13
2186,Bangladesh,Sweet potatoes,1998,95325,2666.0,2068.0,26.13
2187,Bangladesh,Sweet potatoes,1998,95325,2666.0,2068.0,26.13
2188,Bangladesh,Wheat,1998,22408,2666.0,2068.0,26.13
2189,Bangladesh,Wheat,1998,22408,2666.0,2068.0,26.13
2190,Bangladesh,Maize,1999,12346,2666.0,2532.0,26.31
2191,Bangladesh,Maize,1999,12346,2666.0,2532.0,26.31
2192,Bangladesh,Potatoes,1999,112810,2666.0,2532.0,26.31
2193,Bangladesh,Potatoes,1999,112810,2666.0,2532.0,26.31
2194,Bangladesh,"Rice, paddy",1999,32139,2666.0,2532.0,26.31
2195,Bangladesh,"Rice, paddy",1999,32139,2666.0,2532.0,26.31
2196,Bangladesh,Sorghum,1999,12346,2666.0,2532.0,26.31
2197,Bangladesh,Sorghum,1999,12346,2666.0,2532.0,26.31
2198,Bangladesh,Sweet potatoes,1999,92786,2666.0,2532.0,26.31
2199,Bangladesh,Sweet potatoes,1999,92786,2666.0,2532.0,26.31
2200,Bangladesh,Wheat,1999,21627,2666.0,2532.0,26.31
2201,Bangladesh,Wheat,1999,21627,2666.0,2532.0,26.31
2202,Bangladesh,Maize,2000,20597,2666.0,3170.0,25.91
2203,Bangladesh,Maize,2000,20597,2666.0,3170.0,25.91
2204,Bangladesh,Potatoes,2000,120591,2666.0,3170.0,25.91
2205,Bangladesh,Potatoes,2000,120591,2666.0,3170.0,25.91
2206,Bangladesh,"Rice, paddy",2000,34836,2666.0,3170.0,25.91
2207,Bangladesh,"Rice, paddy",2000,34836,2666.0,3170.0,25.91
2208,Bangladesh,Sorghum,2000,12346,2666.0,3170.0,25.91
2209,Bangladesh,Sorghum,2000,12346,2666.0,3170.0,25.91
2210,Bangladesh,Sweet potatoes,2000,92479,2666.0,3170.0,25.91
2211,Bangladesh,Sweet potatoes,2000,92479,2666.0,3170.0,25.91
2212,Bangladesh,Wheat,2000,22104,2666.0,3170.0,25.91
2213,Bangladesh,Wheat,2000,22104,2666.0,3170.0,25.91
2214,Bangladesh,Maize,2001,32216,2666.0,3295.78,25.93
2215,Bangladesh,Maize,2001,32216,2666.0,3295.78,25.93
2216,Bangladesh,Potatoes,2001,129163,2666.0,3295.78,25.93
2217,Bangladesh,Potatoes,2001,129163,2666.0,3295.78,25.93
2218,Bangladesh,"Rice, paddy",2001,34020,2666.0,3295.78,25.93
2219,Bangladesh,"Rice, paddy",2001,34020,2666.0,3295.78,25.93
2220,Bangladesh,Sorghum,2001,12346,2666.0,3295.78,25.93
2221,Bangladesh,Sorghum,2001,12346,2666.0,3295.78,25.93
2222,Bangladesh,Sweet potatoes,2001,90907,2666.0,3295.78,25.93
2223,Bangladesh,Sweet potatoes,2001,90907,2666.0,3295.78,25.93
2224,Bangladesh,Wheat,2001,21643,2666.0,3295.78,25.93
2225,Bangladesh,Wheat,2001,21643,2666.0,3295.78,25.93
2226,Bangladesh,Maize,2002,40349,2666.0,2954.29,26.1
2227,Bangladesh,Maize,2002,40349,2666.0,2954.29,26.1
2228,Bangladesh,Potatoes,2002,126010,2666.0,2954.29,26.1
2229,Bangladesh,Potatoes,2002,126010,2666.0,2954.29,26.1
2230,Bangladesh,"Rice, paddy",2002,34902,2666.0,2954.29,26.1
2231,Bangladesh,"Rice, paddy",2002,34902,2666.0,2954.29,26.1
2232,Bangladesh,Sorghum,2002,12361,2666.0,2954.29,26.1
2233,Bangladesh,Sorghum,2002,12361,2666.0,2954.29,26.1
2234,Bangladesh,Sweet potatoes,2002,90919,2666.0,2954.29,26.1
2235,Bangladesh,Sweet potatoes,2002,90919,2666.0,2954.29,26.1
2236,Bangladesh,Wheat,2002,21644,2666.0,2954.29,26.1
2237,Bangladesh,Wheat,2002,21644,2666.0,2954.29,26.1
2238,Bangladesh,Maize,2004,48243,2666.0,5587.81,26.14
2239,Bangladesh,Maize,2004,48243,2666.0,5587.81,26.14
2240,Bangladesh,Potatoes,2004,144313,2666.0,5587.81,26.14
2241,Bangladesh,Potatoes,2004,144313,2666.0,5587.81,26.14
2242,Bangladesh,"Rice, paddy",2004,35359,2666.0,5587.81,26.14
2243,Bangladesh,"Rice, paddy",2004,35359,2666.0,5587.81,26.14
2244,Bangladesh,Sorghum,2004,11633,2666.0,5587.81,26.14
2245,Bangladesh,Sorghum,2004,11633,2666.0,5587.81,26.14
2246,Bangladesh,Sweet potatoes,2004,89459,2666.0,5587.81,26.14
2247,Bangladesh,Sweet potatoes,2004,89459,2666.0,5587.81,26.14
2248,Bangladesh,Wheat,2004,19527,2666.0,5587.81,26.14
2249,Bangladesh,Wheat,2004,19527,2666.0,5587.81,26.14
2250,Bangladesh,Maize,2005,53311,2666.0,7605.01,26.19
2251,Bangladesh,Maize,2005,53311,2666.0,7605.01,26.19
2252,Bangladesh,Potatoes,2005,148805,2666.0,7605.01,26.19
2253,Bangladesh,Potatoes,2005,148805,2666.0,7605.01,26.19
2254,Bangladesh,"Rice, paddy",2005,37814,2666.0,7605.01,26.19
2255,Bangladesh,"Rice, paddy",2005,37814,2666.0,7605.01,26.19
2256,Bangladesh,Sorghum,2005,13214,2666.0,7605.01,26.19
2257,Bangladesh,Sorghum,2005,13214,2666.0,7605.01,26.19
2258,Bangladesh,Soybeans,2005,14148,2666.0,7605.01,26.19
2259,Bangladesh,Soybeans,2005,14148,2666.0,7605.01,26.19
2260,Bangladesh,Sweet potatoes,2005,88704,2666.0,7605.01,26.19
2261,Bangladesh,Sweet potatoes,2005,88704,2666.0,7605.01,26.19
2262,Bangladesh,Wheat,2005,17478,2666.0,7605.01,26.19
2263,Bangladesh,Wheat,2005,17478,2666.0,7605.01,26.19
2264,Bangladesh,Maize,2006,52998,2666.0,9074.43,26.44
2265,Bangladesh,Maize,2006,52998,2666.0,9074.43,26.44
2266,Bangladesh,Potatoes,2006,143848,2666.0,9074.43,26.44
2267,Bangladesh,Potatoes,2006,143848,2666.0,9074.43,26.44
2268,Bangladesh,"Rice, paddy",2006,38541,2666.0,9074.43,26.44
2269,Bangladesh,"Rice, paddy",2006,38541,2666.0,9074.43,26.44
2270,Bangladesh,Sorghum,2006,13587,2666.0,9074.43,26.44
2271,Bangladesh,Sorghum,2006,13587,2666.0,9074.43,26.44
2272,Bangladesh,Soybeans,2006,15144,2666.0,9074.43,26.44
2273,Bangladesh,Soybeans,2006,15144,2666.0,9074.43,26.44
2274,Bangladesh,Sweet potatoes,2006,90254,2666.0,9074.43,26.44
2275,Bangladesh,Sweet potatoes,2006,90254,2666.0,9074.43,26.44
2276,Bangladesh,Wheat,2006,15344,2666.0,9074.43,26.44
2277,Bangladesh,Wheat,2006,15344,2666.0,9074.43,26.44
2278,Bangladesh,Maize,2007,59812,2666.0,10962.31,25.95
2279,Bangladesh,Maize,2007,59812,2666.0,10962.31,25.95
2280,Bangladesh,Potatoes,2007,149768,2666.0,10962.31,25.95
2281,Bangladesh,Potatoes,2007,149768,2666.0,10962.31,25.95
2282,Bangladesh,"Rice, paddy",2007,40833,2666.0,10962.31,25.95
2283,Bangladesh,"Rice, paddy",2007,40833,2666.0,10962.31,25.95
2284,Bangladesh,Sorghum,2007,13462,2666.0,10962.31,25.95
2285,Bangladesh,Sorghum,2007,13462,2666.0,10962.31,25.95
2286,Bangladesh,Soybeans,2007,14717,2666.0,10962.31,25.95
2287,Bangladesh,Soybeans,2007,14717,2666.0,10962.31,25.95
2288,Bangladesh,Sweet potatoes,2007,90479,2666.0,10962.31,25.95
2289,Bangladesh,Sweet potatoes,2007,90479,2666.0,10962.31,25.95
2290,Bangladesh,Wheat,2007,18471,2666.0,10962.31,25.95
2291,Bangladesh,Wheat,2007,18471,2666.0,10962.31,25.95
2292,Bangladesh,Maize,2008,60172,2666.0,12936.5,26.0
2293,Bangladesh,Maize,2008,60172,2666.0,12936.5,26.0
2294,Bangladesh,Potatoes,2008,165373,2666.0,12936.5,26.0
2295,Bangladesh,Potatoes,2008,165373,2666.0,12936.5,26.0
2296,Bangladesh,"Rice, paddy",2008,41441,2666.0,12936.5,26.0
2297,Bangladesh,"Rice, paddy",2008,41441,2666.0,12936.5,26.0
2298,Bangladesh,Sorghum,2008,21505,2666.0,12936.5,26.0
2299,Bangladesh,Sorghum,2008,21505,2666.0,12936.5,26.0
2300,Bangladesh,Soybeans,2008,15026,2666.0,12936.5,26.0
2301,Bangladesh,Soybeans,2008,15026,2666.0,12936.5,26.0
2302,Bangladesh,Sweet potatoes,2008,97290,2666.0,12936.5,26.0
2303,Bangladesh,Sweet potatoes,2008,97290,2666.0,12936.5,26.0
2304,Bangladesh,Wheat,2008,21753,2666.0,12936.5,26.0
2305,Bangladesh,Wheat,2008,21753,2666.0,12936.5,26.0
2306,Bangladesh,Maize,2009,56831,2666.0,13790.09,26.54
2307,Bangladesh,Maize,2009,56831,2666.0,13790.09,26.54
2308,Bangladesh,Potatoes,2009,133367,2666.0,13790.09,26.54
2309,Bangladesh,Potatoes,2009,133367,2666.0,13790.09,26.54
2310,Bangladesh,"Rice, paddy",2009,42404,2666.0,13790.09,26.54
2311,Bangladesh,"Rice, paddy",2009,42404,2666.0,13790.09,26.54
2312,Bangladesh,Sorghum,2009,13300,2666.0,13790.09,26.54
2313,Bangladesh,Sorghum,2009,13300,2666.0,13790.09,26.54
2314,Bangladesh,Soybeans,2009,14660,2666.0,13790.09,26.54
2315,Bangladesh,Soybeans,2009,14660,2666.0,13790.09,26.54
2316,Bangladesh,Sweet potatoes,2009,96232,2666.0,13790.09,26.54
2317,Bangladesh,Sweet potatoes,2009,96232,2666.0,13790.09,26.54
2318,Bangladesh,Wheat,2009,21516,2666.0,13790.09,26.54
2319,Bangladesh,Wheat,2009,21516,2666.0,13790.09,26.54
2320,Bangladesh,Maize,2010,58378,2666.0,13283.72,26.65
2321,Bangladesh,Maize,2010,58378,2666.0,13283.72,26.65
2322,Bangladesh,Potatoes,2010,182299,2666.0,13283.72,26.65
2323,Bangladesh,Potatoes,2010,182299,2666.0,13283.72,26.65
2324,Bangladesh,"Rice, paddy",2010,43422,2666.0,13283.72,26.65
2325,Bangladesh,"Rice, paddy",2010,43422,2666.0,13283.72,26.65
2326,Bangladesh,Sorghum,2010,12806,2666.0,13283.72,26.65
2327,Bangladesh,Sorghum,2010,12806,2666.0,13283.72,26.65
2328,Bangladesh,Soybeans,2010,17090,2666.0,13283.72,26.65
2329,Bangladesh,Soybeans,2010,17090,2666.0,13283.72,26.65
2330,Bangladesh,Sweet potatoes,2010,98688,2666.0,13283.72,26.65
2331,Bangladesh,Sweet potatoes,2010,98688,2666.0,13283.72,26.65
2332,Bangladesh,Wheat,2010,23959,2666.0,13283.72,26.65
2333,Bangladesh,Wheat,2010,23959,2666.0,13283.72,26.65
2334,Bangladesh,Maize,2011,61512,2666.0,14798.28,25.8
2335,Bangladesh,Maize,2011,61512,2666.0,14798.28,25.8
2336,Bangladesh,Potatoes,2011,180931,2666.0,14798.28,25.8
2337,Bangladesh,Potatoes,2011,180931,2666.0,14798.28,25.8
2338,Bangladesh,"Rice, paddy",2011,43917,2666.0,14798.28,25.8
2339,Bangladesh,"Rice, paddy",2011,43917,2666.0,14798.28,25.8
2340,Bangladesh,Sorghum,2011,14667,2666.0,14798.28,25.8
2341,Bangladesh,Sorghum,2011,14667,2666.0,14798.28,25.8
2342,Bangladesh,Soybeans,2011,15898,2666.0,14798.28,25.8
2343,Bangladesh,Soybeans,2011,15898,2666.0,14798.28,25.8
2344,Bangladesh,Sweet potatoes,2011,97962,2666.0,14798.28,25.8
2345,Bangladesh,Sweet potatoes,2011,97962,2666.0,14798.28,25.8
2346,Bangladesh,Wheat,2011,26012,2666.0,14798.28,25.8
2347,Bangladesh,Wheat,2011,26012,2666.0,14798.28,25.8
2348,Bangladesh,Maize,2012,65838,2666.0,13289.18,26.28
2349,Bangladesh,Maize,2012,65838,2666.0,13289.18,26.28
2350,Bangladesh,Potatoes,2012,190627,2666.0,13289.18,26.28
2351,Bangladesh,Potatoes,2012,190627,2666.0,13289.18,26.28
2352,Bangladesh,"Rice, paddy",2012,44206,2666.0,13289.18,26.28
2353,Bangladesh,"Rice, paddy",2012,44206,2666.0,13289.18,26.28
2354,Bangladesh,Sorghum,2012,13452,2666.0,13289.18,26.28
2355,Bangladesh,Sorghum,2012,13452,2666.0,13289.18,26.28
2356,Bangladesh,Soybeans,2012,15814,2666.0,13289.18,26.28
2357,Bangladesh,Soybeans,2012,15814,2666.0,13289.18,26.28
2358,Bangladesh,Sweet potatoes,2012,102939,2666.0,13289.18,26.28
2359,Bangladesh,Sweet potatoes,2012,102939,2666.0,13289.18,26.28
2360,Bangladesh,Wheat,2012,27789,2666.0,13289.18,26.28
2361,Bangladesh,Wheat,2012,27789,2666.0,13289.18,26.28
2362,Bangladesh,Maize,2013,65953,2666.0,15330.16,26.59
2363,Bangladesh,Maize,2013,65953,2666.0,15330.16,26.59
2364,Bangladesh,Potatoes,2013,193790,2666.0,15330.16,26.59
2365,Bangladesh,Potatoes,2013,193790,2666.0,15330.16,26.59
2366,Bangladesh,"Rice, paddy",2013,45317,2666.0,15330.16,26.59
2367,Bangladesh,"Rice, paddy",2013,45317,2666.0,15330.16,26.59
2368,Bangladesh,Sorghum,2013,11343,2666.0,15330.16,26.59
2369,Bangladesh,Sorghum,2013,11343,2666.0,15330.16,26.59
2370,Bangladesh,Soybeans,2013,14729,2666.0,15330.16,26.59
2371,Bangladesh,Soybeans,2013,14729,2666.0,15330.16,26.59
2372,Bangladesh,Sweet potatoes,2013,97019,2666.0,15330.16,26.59
2373,Bangladesh,Sweet potatoes,2013,97019,2666.0,15330.16,26.59
2374,Bangladesh,Wheat,2013,30138,2666.0,15330.16,26.59
2375,Bangladesh,Wheat,2013,30138,2666.0,15330.16,26.59
2376,Belarus,Maize,1992,30000,618.0,8306.31,6.74
2377,Belarus,Potatoes,1992,115326,618.0,8306.31,6.74
2378,Belarus,Wheat,1992,27983,618.0,8306.31,6.74
2379,Belarus,Maize,1993,12000,618.0,8306.31,5.61
2380,Belarus,Potatoes,1993,155463,618.0,8306.31,5.61
2381,Belarus,Wheat,1993,26826,618.0,8306.31,5.61
2382,Belarus,Maize,1994,5000,618.0,8306.31,6.26
2383,Belarus,Potatoes,1994,118235,618.0,8306.31,6.26
2384,Belarus,Wheat,1994,22802,618.0,8306.31,6.26
2385,Belarus,Maize,1995,24545,618.0,8306.31,6.68
2386,Belarus,Potatoes,1995,131092,618.0,8306.31,6.68
2387,Belarus,Wheat,1995,24791,618.0,8306.31,6.68
2388,Belarus,Maize,1996,23000,618.0,8306.31,5.32
2389,Belarus,Potatoes,1996,151328,618.0,8306.31,5.32
2390,Belarus,Wheat,1996,21989,618.0,8306.31,5.32
2391,Belarus,Maize,1997,20333,618.0,8306.31,5.98
2392,Belarus,Potatoes,1997,99173,618.0,8306.31,5.98
2393,Belarus,Wheat,1997,25132,618.0,8306.31,5.98
2394,Belarus,Maize,1998,26522,618.0,8306.31,6.11
2395,Belarus,Potatoes,1998,108971,618.0,8306.31,6.11
2396,Belarus,Wheat,1998,21347,618.0,8306.31,6.11
2397,Belarus,Maize,1999,26053,618.0,8306.31,7.38
2398,Belarus,Potatoes,1999,113330,618.0,8306.31,7.38
2399,Belarus,Wheat,1999,17322,618.0,8306.31,7.38
2400,Belarus,Maize,2000,23077,618.0,8306.31,7.52
2401,Belarus,Potatoes,2000,131888,618.0,8306.31,7.52
2402,Belarus,Wheat,2000,21367,618.0,8306.31,7.52
2403,Belarus,Maize,2001,25917,618.0,8306.31,6.71
2404,Belarus,Potatoes,2001,122132,618.0,8306.31,6.71
2405,Belarus,Wheat,2001,21255,618.0,8306.31,6.71
2406,Belarus,Maize,2002,32889,618.0,8306.31,7.34
2407,Belarus,Potatoes,2002,134922,618.0,8306.31,7.34
2408,Belarus,Wheat,2002,26919,618.0,8306.31,7.34
2409,Belarus,Maize,2004,35297,618.0,8306.31,6.49
2410,Belarus,Potatoes,2004,195459,618.0,8306.31,6.49
2411,Belarus,Wheat,2004,33040,618.0,8306.31,6.49
2412,Belarus,Maize,2005,39965,618.0,8306.31,6.53
2413,Belarus,Potatoes,2005,177299,618.0,8306.31,6.53
2414,Belarus,Wheat,2005,32812,618.0,8306.31,6.53
2415,Belarus,Maize,2006,39390,618.0,8306.31,6.6
2416,Belarus,Potatoes,2006,191956,618.0,8306.31,6.6
2417,Belarus,Wheat,2006,28191,618.0,8306.31,6.6
2418,Belarus,Maize,2007,50653,618.0,8306.31,7.51
2419,Belarus,Potatoes,2007,211948,618.0,8306.31,7.51
2420,Belarus,Wheat,2007,32771,618.0,8306.31,7.51
2421,Belarus,Maize,2008,43890,618.0,8306.31,7.75
2422,Belarus,Potatoes,2008,220735,618.0,8306.31,7.75
2423,Belarus,Wheat,2008,39752,618.0,8306.31,7.75
2424,Belarus,Maize,2009,46818,618.0,8306.31,6.75
2425,Belarus,Potatoes,2009,186040,618.0,8306.31,6.75
2426,Belarus,Wheat,2009,35428,618.0,8306.31,6.75
2427,Belarus,Maize,2010,49306,618.0,8306.31,6.71
2428,Belarus,Potatoes,2010,213518,618.0,8306.31,6.71
2429,Belarus,Wheat,2010,28851,618.0,8306.31,6.71
2430,Belarus,Maize,2011,65950,618.0,8306.31,7.29
2431,Belarus,Potatoes,2011,209564,618.0,8306.31,7.29
2432,Belarus,Wheat,2011,33088,618.0,8306.31,7.29
2433,Belarus,Maize,2012,50407,618.0,9578.67,6.33
2434,Belarus,Potatoes,2012,208131,618.0,9578.67,6.33
2435,Belarus,Wheat,2012,35822,618.0,9578.67,6.33
2436,Belarus,Maize,2013,55656,618.0,9163.51,7.83
2437,Belarus,Potatoes,2013,193536,618.0,9163.51,7.83
2438,Belarus,Wheat,2013,30610,618.0,9163.51,7.83
2439,Belgium,Maize,2000,111006,847.0,9560.49,11.37
2440,Belgium,Potatoes,2000,444058,847.0,9560.49,11.37
2441,Belgium,Wheat,2000,79198,847.0,9560.49,11.37
2442,Belgium,Maize,2001,113522,847.0,8529.07,10.94
2443,Belgium,Potatoes,2001,412267,847.0,8529.07,10.94
2444,Belgium,Wheat,2001,80475,847.0,8529.07,10.94
2445,Belgium,Maize,2002,111962,847.0,9204.0,11.44
2446,Belgium,Potatoes,2002,471475,847.0,9204.0,11.44
2447,Belgium,Wheat,2002,82757,847.0,9204.0,11.44
2448,Belgium,Maize,2004,122246,847.0,9186.0,10.94
2449,Belgium,Potatoes,2004,483955,847.0,9186.0,10.94
2450,Belgium,Wheat,2004,89806,847.0,9186.0,10.94
2451,Belgium,Maize,2005,116872,847.0,9776.0,11.16
2452,Belgium,Potatoes,2005,428135,847.0,9776.0,11.16
2453,Belgium,Wheat,2005,82733,847.0,9776.0,11.16
2454,Belgium,Maize,2006,101929,847.0,8244.02,11.48
2455,Belgium,Potatoes,2006,385452,847.0,8244.02,11.48
2456,Belgium,Wheat,2006,82549,847.0,8244.02,11.48
2457,Belgium,Maize,2007,131278,847.0,6712.05,11.52
2458,Belgium,Potatoes,2007,469491,847.0,6712.05,11.52
2459,Belgium,Wheat,2007,78908,847.0,6712.05,11.52
2460,Belgium,Maize,2008,119258,847.0,6516.47,10.9
2461,Belgium,Potatoes,2008,460711,847.0,6516.47,10.9
2462,Belgium,Wheat,2008,87585,847.0,6516.47,10.9
2463,Belgium,Maize,2009,121174,847.0,5496.04,11.0
2464,Belgium,Potatoes,2009,447083,847.0,5496.04,11.0
2465,Belgium,Wheat,2009,94652,847.0,5496.04,11.0
2466,Belgium,Maize,2010,119283,847.0,4644.53,9.74
2467,Belgium,Potatoes,2010,422676,847.0,4644.53,9.74
2468,Belgium,Wheat,2010,88272,847.0,4644.53,9.74
2469,Belgium,Maize,2011,119360,847.0,5740.44,11.69
2470,Belgium,Potatoes,2011,501412,847.0,5740.44,11.69
2471,Belgium,Wheat,2011,84046,847.0,5740.44,11.69
2472,Belgium,Maize,2012,102438,847.0,6139.3,10.68
2473,Belgium,Potatoes,2012,454233,847.0,6139.3,10.68
2474,Belgium,Wheat,2012,84522,847.0,6139.3,10.68
2475,Belgium,Maize,2013,111500,847.0,5905.6,10.36
2476,Belgium,Potatoes,2013,454642,847.0,5905.6,10.36
2477,Belgium,Wheat,2013,89349,847.0,5905.6,10.36
2478,Botswana,Maize,1990,2899,416.0,17.0,19.54
2479,Botswana,Sorghum,1990,2500,416.0,17.0,19.54
2480,Botswana,Wheat,1990,26178,416.0,17.0,19.54
2481,Botswana,Maize,1991,3962,416.0,19.0,19.29
2482,Botswana,Sorghum,1991,3663,416.0,19.0,19.29
2483,Botswana,Wheat,1991,22464,416.0,19.0,19.29
2484,Botswana,Maize,1992,1899,416.0,17.0,20.59
2485,Botswana,Sorghum,1992,2909,416.0,17.0,20.59
2486,Botswana,Wheat,1992,21653,416.0,17.0,20.59
2487,Botswana,Maize,1993,1353,416.0,17.0,19.97
2488,Botswana,Sorghum,1993,5236,416.0,17.0,19.97
2489,Botswana,Wheat,1993,20843,416.0,17.0,19.97
2490,Botswana,Maize,1994,1698,416.0,17.0,19.26
2491,Botswana,Sorghum,1994,2182,416.0,17.0,19.26
2492,Botswana,Wheat,1994,20032,416.0,17.0,19.26
2493,Botswana,Maize,1995,9477,416.0,17.0,19.96
2494,Botswana,Sorghum,1995,3597,416.0,17.0,19.96
2495,Botswana,Wheat,1995,19222,416.0,17.0,19.96
2496,Botswana,Maize,1996,2463,416.0,17.0,19.1
2497,Botswana,Sorghum,1996,3592,416.0,17.0,19.1
2498,Botswana,Wheat,1996,19009,416.0,17.0,19.1
2499,Botswana,Maize,1997,2867,416.0,17.0,19.26
2500,Botswana,Sorghum,1997,2455,416.0,17.0,19.26
2501,Botswana,Wheat,1997,17235,416.0,17.0,19.26
2502,Botswana,Maize,1998,910,416.0,17.0,20.05
2503,Botswana,Sorghum,1998,3364,416.0,17.0,20.05
2504,Botswana,Wheat,1998,16667,416.0,17.0,20.05
2505,Botswana,Maize,1999,1111,416.0,17.0,20.24
2506,Botswana,Sorghum,1999,2669,416.0,17.0,20.24
2507,Botswana,Wheat,1999,16337,416.0,17.0,20.24
2508,Botswana,Maize,2000,1123,416.0,17.0,18.97
2509,Botswana,Sorghum,2000,1573,416.0,17.0,18.97
2510,Botswana,Wheat,2000,15878,416.0,17.0,18.97
2511,Botswana,Maize,2001,1992,416.0,17.0,19.36
2512,Botswana,Sorghum,2001,11538,416.0,17.0,19.36
2513,Botswana,Wheat,2001,15714,416.0,17.0,19.36
2514,Botswana,Maize,2002,2947,416.0,17.0,19.89
2515,Botswana,Sorghum,2002,4218,416.0,17.0,19.89
2516,Botswana,Wheat,2002,14563,416.0,17.0,19.89
2517,Botswana,Maize,2004,1743,416.0,17.0,19.41
2518,Botswana,Sorghum,2004,3343,416.0,17.0,19.41
2519,Botswana,Wheat,2004,12692,416.0,17.0,19.41
2520,Botswana,Maize,2005,2297,416.0,17.0,20.42
2521,Botswana,Sorghum,2005,18316,416.0,17.0,20.42
2522,Botswana,Wheat,2005,11614,416.0,17.0,20.42
2523,Botswana,Maize,2006,2511,416.0,17.0,18.97
2524,Botswana,Sorghum,2006,5024,416.0,17.0,18.97
2525,Botswana,Wheat,2006,10452,416.0,17.0,18.97
2526,Botswana,Maize,2007,1219,416.0,17.0,19.71
2527,Botswana,Sorghum,2007,9979,416.0,17.0,19.71
2528,Botswana,Wheat,2007,9000,416.0,17.0,19.71
2529,Botswana,Maize,2008,1844,416.0,17.0,19.63
2530,Botswana,Sorghum,2008,5507,416.0,17.0,19.63
2531,Botswana,Wheat,2008,8000,416.0,17.0,19.63
2532,Botswana,Maize,2009,2429,416.0,17.0,19.25
2533,Botswana,Sorghum,2009,5042,416.0,17.0,19.25
2534,Botswana,Maize,2010,1617,416.0,17.0,19.98
2535,Botswana,Sorghum,2010,5701,416.0,17.0,19.98
2536,Botswana,Maize,2011,3473,416.0,17.0,19.19
2537,Botswana,Sorghum,2011,6690,416.0,17.0,19.19
2538,Botswana,Maize,2012,1370,416.0,17.0,19.83
2539,Botswana,Sorghum,2012,6779,416.0,17.0,19.83
2540,Botswana,Maize,2013,849,416.0,17.0,18.69
2541,Botswana,Sorghum,2013,3168,416.0,17.0,18.69
2542,Brazil,Cassava,1990,125529,1761.0,49695.0,21.88
2543,Brazil,Cassava,1990,125529,1761.0,49695.0,20.29
2544,Brazil,Cassava,1990,125529,1761.0,49695.0,17.77
2545,Brazil,Cassava,1990,125529,1761.0,49695.0,17.77
2546,Brazil,Cassava,1990,125529,1761.0,49695.0,27.65
2547,Brazil,Cassava,1990,125529,1761.0,49695.0,20.29
2548,Brazil,Cassava,1990,125529,1761.0,49695.0,27.07
2549,Brazil,Cassava,1990,125529,1761.0,49695.0,18.47
2550,Brazil,Cassava,1990,125529,1761.0,49695.0,25.76
2551,Brazil,Cassava,1990,125529,1761.0,49695.0,24.64
2552,Brazil,Cassava,1990,125529,1761.0,49695.0,25.29
2553,Brazil,Maize,1990,18735,1761.0,49695.0,21.88
2554,Brazil,Maize,1990,18735,1761.0,49695.0,20.29
2555,Brazil,Maize,1990,18735,1761.0,49695.0,17.77
2556,Brazil,Maize,1990,18735,1761.0,49695.0,17.77
2557,Brazil,Maize,1990,18735,1761.0,49695.0,27.65
2558,Brazil,Maize,1990,18735,1761.0,49695.0,20.29
2559,Brazil,Maize,1990,18735,1761.0,49695.0,27.07
2560,Brazil,Maize,1990,18735,1761.0,49695.0,18.47
2561,Brazil,Maize,1990,18735,1761.0,49695.0,25.76
2562,Brazil,Maize,1990,18735,1761.0,49695.0,24.64
2563,Brazil,Maize,1990,18735,1761.0,49695.0,25.29
2564,Brazil,Potatoes,1990,141084,1761.0,49695.0,21.88
2565,Brazil,Potatoes,1990,141084,1761.0,49695.0,20.29
2566,Brazil,Potatoes,1990,141084,1761.0,49695.0,17.77
2567,Brazil,Potatoes,1990,141084,1761.0,49695.0,17.77
2568,Brazil,Potatoes,1990,141084,1761.0,49695.0,27.65
2569,Brazil,Potatoes,1990,141084,1761.0,49695.0,20.29
2570,Brazil,Potatoes,1990,141084,1761.0,49695.0,27.07
2571,Brazil,Potatoes,1990,141084,1761.0,49695.0,18.47
2572,Brazil,Potatoes,1990,141084,1761.0,49695.0,25.76
2573,Brazil,Potatoes,1990,141084,1761.0,49695.0,24.64
2574,Brazil,Potatoes,1990,141084,1761.0,49695.0,25.29
2575,Brazil,"Rice, paddy",1990,18803,1761.0,49695.0,21.88
2576,Brazil,"Rice, paddy",1990,18803,1761.0,49695.0,20.29
2577,Brazil,"Rice, paddy",1990,18803,1761.0,49695.0,17.77
2578,Brazil,"Rice, paddy",1990,18803,1761.0,49695.0,17.77
2579,Brazil,"Rice, paddy",1990,18803,1761.0,49695.0,27.65
2580,Brazil,"Rice, paddy",1990,18803,1761.0,49695.0,20.29
2581,Brazil,"Rice, paddy",1990,18803,1761.0,49695.0,27.07
2582,Brazil,"Rice, paddy",1990,18803,1761.0,49695.0,18.47
2583,Brazil,"Rice, paddy",1990,18803,1761.0,49695.0,25.76
2584,Brazil,"Rice, paddy",1990,18803,1761.0,49695.0,24.64
2585,Brazil,"Rice, paddy",1990,18803,1761.0,49695.0,25.29
2586,Brazil,Sorghum,1990,17150,1761.0,49695.0,21.88
2587,Brazil,Sorghum,1990,17150,1761.0,49695.0,20.29
2588,Brazil,Sorghum,1990,17150,1761.0,49695.0,17.77
2589,Brazil,Sorghum,1990,17150,1761.0,49695.0,17.77
2590,Brazil,Sorghum,1990,17150,1761.0,49695.0,27.65
2591,Brazil,Sorghum,1990,17150,1761.0,49695.0,20.29
2592,Brazil,Sorghum,1990,17150,1761.0,49695.0,27.07
2593,Brazil,Sorghum,1990,17150,1761.0,49695.0,18.47
2594,Brazil,Sorghum,1990,17150,1761.0,49695.0,25.76
2595,Brazil,Sorghum,1990,17150,1761.0,49695.0,24.64
2596,Brazil,Sorghum,1990,17150,1761.0,49695.0,25.29
2597,Brazil,Soybeans,1990,17322,1761.0,49695.0,21.88
2598,Brazil,Soybeans,1990,17322,1761.0,49695.0,20.29
2599,Brazil,Soybeans,1990,17322,1761.0,49695.0,17.77
2600,Brazil,Soybeans,1990,17322,1761.0,49695.0,17.77
2601,Brazil,Soybeans,1990,17322,1761.0,49695.0,27.65
2602,Brazil,Soybeans,1990,17322,1761.0,49695.0,20.29
2603,Brazil,Soybeans,1990,17322,1761.0,49695.0,27.07
2604,Brazil,Soybeans,1990,17322,1761.0,49695.0,18.47
2605,Brazil,Soybeans,1990,17322,1761.0,49695.0,25.76
2606,Brazil,Soybeans,1990,17322,1761.0,49695.0,24.64
2607,Brazil,Soybeans,1990,17322,1761.0,49695.0,25.29
2608,Brazil,Sweet potatoes,1990,101661,1761.0,49695.0,21.88
2609,Brazil,Sweet potatoes,1990,101661,1761.0,49695.0,20.29
2610,Brazil,Sweet potatoes,1990,101661,1761.0,49695.0,17.77
2611,Brazil,Sweet potatoes,1990,101661,1761.0,49695.0,17.77
2612,Brazil,Sweet potatoes,1990,101661,1761.0,49695.0,27.65
2613,Brazil,Sweet potatoes,1990,101661,1761.0,49695.0,20.29
2614,Brazil,Sweet potatoes,1990,101661,1761.0,49695.0,27.07
2615,Brazil,Sweet potatoes,1990,101661,1761.0,49695.0,18.47
2616,Brazil,Sweet potatoes,1990,101661,1761.0,49695.0,25.76
2617,Brazil,Sweet potatoes,1990,101661,1761.0,49695.0,24.64
2618,Brazil,Sweet potatoes,1990,101661,1761.0,49695.0,25.29
2619,Brazil,Wheat,1990,11540,1761.0,49695.0,21.88
2620,Brazil,Wheat,1990,11540,1761.0,49695.0,20.29
2621,Brazil,Wheat,1990,11540,1761.0,49695.0,17.77
2622,Brazil,Wheat,1990,11540,1761.0,49695.0,17.77
2623,Brazil,Wheat,1990,11540,1761.0,49695.0,27.65
2624,Brazil,Wheat,1990,11540,1761.0,49695.0,20.29
2625,Brazil,Wheat,1990,11540,1761.0,49695.0,27.07
2626,Brazil,Wheat,1990,11540,1761.0,49695.0,18.47
2627,Brazil,Wheat,1990,11540,1761.0,49695.0,25.76
2628,Brazil,Wheat,1990,11540,1761.0,49695.0,24.64
2629,Brazil,Wheat,1990,11540,1761.0,49695.0,25.29
2630,Brazil,Yams,1990,91489,1761.0,49695.0,21.88
2631,Brazil,Yams,1990,91489,1761.0,49695.0,20.29
2632,Brazil,Yams,1990,91489,1761.0,49695.0,17.77
2633,Brazil,Yams,1990,91489,1761.0,49695.0,17.77
2634,Brazil,Yams,1990,91489,1761.0,49695.0,27.65
2635,Brazil,Yams,1990,91489,1761.0,49695.0,20.29
2636,Brazil,Yams,1990,91489,1761.0,49695.0,27.07
2637,Brazil,Yams,1990,91489,1761.0,49695.0,18.47
2638,Brazil,Yams,1990,91489,1761.0,49695.0,25.76
2639,Brazil,Yams,1990,91489,1761.0,49695.0,24.64
2640,Brazil,Yams,1990,91489,1761.0,49695.0,25.29
2641,Brazil,Cassava,1991,126164,1761.0,58349.44,21.43
2642,Brazil,Cassava,1991,126164,1761.0,58349.44,20.13
2643,Brazil,Cassava,1991,126164,1761.0,58349.44,17.95
2644,Brazil,Cassava,1991,126164,1761.0,58349.44,17.95
2645,Brazil,Cassava,1991,126164,1761.0,58349.44,27.34
2646,Brazil,Cassava,1991,126164,1761.0,58349.44,20.13
2647,Brazil,Cassava,1991,126164,1761.0,58349.44,27.21
2648,Brazil,Cassava,1991,126164,1761.0,58349.44,19.11
2649,Brazil,Cassava,1991,126164,1761.0,58349.44,25.57
2650,Brazil,Cassava,1991,126164,1761.0,58349.44,24.25
2651,Brazil,Cassava,1991,126164,1761.0,58349.44,25.06
2652,Brazil,Maize,1991,18084,1761.0,58349.44,21.43
2653,Brazil,Maize,1991,18084,1761.0,58349.44,20.13
2654,Brazil,Maize,1991,18084,1761.0,58349.44,17.95
2655,Brazil,Maize,1991,18084,1761.0,58349.44,17.95
2656,Brazil,Maize,1991,18084,1761.0,58349.44,27.34
2657,Brazil,Maize,1991,18084,1761.0,58349.44,20.13
2658,Brazil,Maize,1991,18084,1761.0,58349.44,27.21
2659,Brazil,Maize,1991,18084,1761.0,58349.44,19.11
2660,Brazil,Maize,1991,18084,1761.0,58349.44,25.57
2661,Brazil,Maize,1991,18084,1761.0,58349.44,24.25
2662,Brazil,Maize,1991,18084,1761.0,58349.44,25.06
2663,Brazil,Potatoes,1991,140264,1761.0,58349.44,21.43
2664,Brazil,Potatoes,1991,140264,1761.0,58349.44,20.13
2665,Brazil,Potatoes,1991,140264,1761.0,58349.44,17.95
2666,Brazil,Potatoes,1991,140264,1761.0,58349.44,17.95
2667,Brazil,Potatoes,1991,140264,1761.0,58349.44,27.34
2668,Brazil,Potatoes,1991,140264,1761.0,58349.44,20.13
2669,Brazil,Potatoes,1991,140264,1761.0,58349.44,27.21
2670,Brazil,Potatoes,1991,140264,1761.0,58349.44,19.11
2671,Brazil,Potatoes,1991,140264,1761.0,58349.44,25.57
2672,Brazil,Potatoes,1991,140264,1761.0,58349.44,24.25
2673,Brazil,Potatoes,1991,140264,1761.0,58349.44,25.06
2674,Brazil,"Rice, paddy",1991,23020,1761.0,58349.44,21.43
2675,Brazil,"Rice, paddy",1991,23020,1761.0,58349.44,20.13
2676,Brazil,"Rice, paddy",1991,23020,1761.0,58349.44,17.95
2677,Brazil,"Rice, paddy",1991,23020,1761.0,58349.44,17.95
2678,Brazil,"Rice, paddy",1991,23020,1761.0,58349.44,27.34
2679,Brazil,"Rice, paddy",1991,23020,1761.0,58349.44,20.13
2680,Brazil,"Rice, paddy",1991,23020,1761.0,58349.44,27.21
2681,Brazil,"Rice, paddy",1991,23020,1761.0,58349.44,19.11
2682,Brazil,"Rice, paddy",1991,23020,1761.0,58349.44,25.57
2683,Brazil,"Rice, paddy",1991,23020,1761.0,58349.44,24.25
2684,Brazil,"Rice, paddy",1991,23020,1761.0,58349.44,25.06
2685,Brazil,Sorghum,1991,14834,1761.0,58349.44,21.43
2686,Brazil,Sorghum,1991,14834,1761.0,58349.44,20.13
2687,Brazil,Sorghum,1991,14834,1761.0,58349.44,17.95
2688,Brazil,Sorghum,1991,14834,1761.0,58349.44,17.95
2689,Brazil,Sorghum,1991,14834,1761.0,58349.44,27.34
2690,Brazil,Sorghum,1991,14834,1761.0,58349.44,20.13
2691,Brazil,Sorghum,1991,14834,1761.0,58349.44,27.21
2692,Brazil,Sorghum,1991,14834,1761.0,58349.44,19.11
2693,Brazil,Sorghum,1991,14834,1761.0,58349.44,25.57
2694,Brazil,Sorghum,1991,14834,1761.0,58349.44,24.25
2695,Brazil,Sorghum,1991,14834,1761.0,58349.44,25.06
2696,Brazil,Soybeans,1991,15533,1761.0,58349.44,21.43
2697,Brazil,Soybeans,1991,15533,1761.0,58349.44,20.13
2698,Brazil,Soybeans,1991,15533,1761.0,58349.44,17.95
2699,Brazil,Soybeans,1991,15533,1761.0,58349.44,17.95
2700,Brazil,Soybeans,1991,15533,1761.0,58349.44,27.34
2701,Brazil,Soybeans,1991,15533,1761.0,58349.44,20.13
2702,Brazil,Soybeans,1991,15533,1761.0,58349.44,27.21
2703,Brazil,Soybeans,1991,15533,1761.0,58349.44,19.11
2704,Brazil,Soybeans,1991,15533,1761.0,58349.44,25.57
2705,Brazil,Soybeans,1991,15533,1761.0,58349.44,24.25
2706,Brazil,Soybeans,1991,15533,1761.0,58349.44,25.06
2707,Brazil,Sweet potatoes,1991,101504,1761.0,58349.44,21.43
2708,Brazil,Sweet potatoes,1991,101504,1761.0,58349.44,20.13
2709,Brazil,Sweet potatoes,1991,101504,1761.0,58349.44,17.95
2710,Brazil,Sweet potatoes,1991,101504,1761.0,58349.44,17.95
2711,Brazil,Sweet potatoes,1991,101504,1761.0,58349.44,27.34
2712,Brazil,Sweet potatoes,1991,101504,1761.0,58349.44,20.13
2713,Brazil,Sweet potatoes,1991,101504,1761.0,58349.44,27.21
2714,Brazil,Sweet potatoes,1991,101504,1761.0,58349.44,19.11
2715,Brazil,Sweet potatoes,1991,101504,1761.0,58349.44,25.57
2716,Brazil,Sweet potatoes,1991,101504,1761.0,58349.44,24.25
2717,Brazil,Sweet potatoes,1991,101504,1761.0,58349.44,25.06
2718,Brazil,Wheat,1991,14232,1761.0,58349.44,21.43
2719,Brazil,Wheat,1991,14232,1761.0,58349.44,20.13
2720,Brazil,Wheat,1991,14232,1761.0,58349.44,17.95
2721,Brazil,Wheat,1991,14232,1761.0,58349.44,17.95
2722,Brazil,Wheat,1991,14232,1761.0,58349.44,27.34
2723,Brazil,Wheat,1991,14232,1761.0,58349.44,20.13
2724,Brazil,Wheat,1991,14232,1761.0,58349.44,27.21
2725,Brazil,Wheat,1991,14232,1761.0,58349.44,19.11
2726,Brazil,Wheat,1991,14232,1761.0,58349.44,25.57
2727,Brazil,Wheat,1991,14232,1761.0,58349.44,24.25
2728,Brazil,Wheat,1991,14232,1761.0,58349.44,25.06
2729,Brazil,Yams,1991,91353,1761.0,58349.44,21.43
2730,Brazil,Yams,1991,91353,1761.0,58349.44,20.13
2731,Brazil,Yams,1991,91353,1761.0,58349.44,17.95
2732,Brazil,Yams,1991,91353,1761.0,58349.44,17.95
2733,Brazil,Yams,1991,91353,1761.0,58349.44,27.34
2734,Brazil,Yams,1991,91353,1761.0,58349.44,20.13
2735,Brazil,Yams,1991,91353,1761.0,58349.44,27.21
2736,Brazil,Yams,1991,91353,1761.0,58349.44,19.11
2737,Brazil,Yams,1991,91353,1761.0,58349.44,25.57
2738,Brazil,Yams,1991,91353,1761.0,58349.44,24.25
2739,Brazil,Yams,1991,91353,1761.0,58349.44,25.06
2740,Brazil,Cassava,1992,120019,1761.0,67003.89,21.35
2741,Brazil,Cassava,1992,120019,1761.0,67003.89,20.21
2742,Brazil,Cassava,1992,120019,1761.0,67003.89,17.8
2743,Brazil,Cassava,1992,120019,1761.0,67003.89,17.8
2744,Brazil,Cassava,1992,120019,1761.0,67003.89,27.58
2745,Brazil,Cassava,1992,120019,1761.0,67003.89,20.21
2746,Brazil,Cassava,1992,120019,1761.0,67003.89,27.42
2747,Brazil,Cassava,1992,120019,1761.0,67003.89,18.72
2748,Brazil,Cassava,1992,120019,1761.0,67003.89,25.61
2749,Brazil,Cassava,1992,120019,1761.0,67003.89,24.24
2750,Brazil,Cassava,1992,120019,1761.0,67003.89,24.97
2751,Brazil,Maize,1992,22828,1761.0,67003.89,21.35
2752,Brazil,Maize,1992,22828,1761.0,67003.89,20.21
2753,Brazil,Maize,1992,22828,1761.0,67003.89,17.8
2754,Brazil,Maize,1992,22828,1761.0,67003.89,17.8
2755,Brazil,Maize,1992,22828,1761.0,67003.89,27.58
2756,Brazil,Maize,1992,22828,1761.0,67003.89,20.21
2757,Brazil,Maize,1992,22828,1761.0,67003.89,27.42
2758,Brazil,Maize,1992,22828,1761.0,67003.89,18.72
2759,Brazil,Maize,1992,22828,1761.0,67003.89,25.61
2760,Brazil,Maize,1992,22828,1761.0,67003.89,24.24
2761,Brazil,Maize,1992,22828,1761.0,67003.89,24.97
2762,Brazil,Potatoes,1992,140432,1761.0,67003.89,21.35
2763,Brazil,Potatoes,1992,140432,1761.0,67003.89,20.21
2764,Brazil,Potatoes,1992,140432,1761.0,67003.89,17.8
2765,Brazil,Potatoes,1992,140432,1761.0,67003.89,17.8
2766,Brazil,Potatoes,1992,140432,1761.0,67003.89,27.58
2767,Brazil,Potatoes,1992,140432,1761.0,67003.89,20.21
2768,Brazil,Potatoes,1992,140432,1761.0,67003.89,27.42
2769,Brazil,Potatoes,1992,140432,1761.0,67003.89,18.72
2770,Brazil,Potatoes,1992,140432,1761.0,67003.89,25.61
2771,Brazil,Potatoes,1992,140432,1761.0,67003.89,24.24
2772,Brazil,Potatoes,1992,140432,1761.0,67003.89,24.97
2773,Brazil,"Rice, paddy",1992,21349,1761.0,67003.89,21.35
2774,Brazil,"Rice, paddy",1992,21349,1761.0,67003.89,20.21
2775,Brazil,"Rice, paddy",1992,21349,1761.0,67003.89,17.8
2776,Brazil,"Rice, paddy",1992,21349,1761.0,67003.89,17.8
2777,Brazil,"Rice, paddy",1992,21349,1761.0,67003.89,27.58
2778,Brazil,"Rice, paddy",1992,21349,1761.0,67003.89,20.21
2779,Brazil,"Rice, paddy",1992,21349,1761.0,67003.89,27.42
2780,Brazil,"Rice, paddy",1992,21349,1761.0,67003.89,18.72
2781,Brazil,"Rice, paddy",1992,21349,1761.0,67003.89,25.61
2782,Brazil,"Rice, paddy",1992,21349,1761.0,67003.89,24.24
2783,Brazil,"Rice, paddy",1992,21349,1761.0,67003.89,24.97
2784,Brazil,Sorghum,1992,17190,1761.0,67003.89,21.35
2785,Brazil,Sorghum,1992,17190,1761.0,67003.89,20.21
2786,Brazil,Sorghum,1992,17190,1761.0,67003.89,17.8
2787,Brazil,Sorghum,1992,17190,1761.0,67003.89,17.8
2788,Brazil,Sorghum,1992,17190,1761.0,67003.89,27.58
2789,Brazil,Sorghum,1992,17190,1761.0,67003.89,20.21
2790,Brazil,Sorghum,1992,17190,1761.0,67003.89,27.42
2791,Brazil,Sorghum,1992,17190,1761.0,67003.89,18.72
2792,Brazil,Sorghum,1992,17190,1761.0,67003.89,25.61
2793,Brazil,Sorghum,1992,17190,1761.0,67003.89,24.24
2794,Brazil,Sorghum,1992,17190,1761.0,67003.89,24.97
2795,Brazil,Soybeans,1992,20352,1761.0,67003.89,21.35
2796,Brazil,Soybeans,1992,20352,1761.0,67003.89,20.21
2797,Brazil,Soybeans,1992,20352,1761.0,67003.89,17.8
2798,Brazil,Soybeans,1992,20352,1761.0,67003.89,17.8
2799,Brazil,Soybeans,1992,20352,1761.0,67003.89,27.58
2800,Brazil,Soybeans,1992,20352,1761.0,67003.89,20.21
2801,Brazil,Soybeans,1992,20352,1761.0,67003.89,27.42
2802,Brazil,Soybeans,1992,20352,1761.0,67003.89,18.72
2803,Brazil,Soybeans,1992,20352,1761.0,67003.89,25.61
2804,Brazil,Soybeans,1992,20352,1761.0,67003.89,24.24
2805,Brazil,Soybeans,1992,20352,1761.0,67003.89,24.97
2806,Brazil,Sweet potatoes,1992,104452,1761.0,67003.89,21.35
2807,Brazil,Sweet potatoes,1992,104452,1761.0,67003.89,20.21
2808,Brazil,Sweet potatoes,1992,104452,1761.0,67003.89,17.8
2809,Brazil,Sweet potatoes,1992,104452,1761.0,67003.89,17.8
2810,Brazil,Sweet potatoes,1992,104452,1761.0,67003.89,27.58
2811,Brazil,Sweet potatoes,1992,104452,1761.0,67003.89,20.21
2812,Brazil,Sweet potatoes,1992,104452,1761.0,67003.89,27.42
2813,Brazil,Sweet potatoes,1992,104452,1761.0,67003.89,18.72
2814,Brazil,Sweet potatoes,1992,104452,1761.0,67003.89,25.61
2815,Brazil,Sweet potatoes,1992,104452,1761.0,67003.89,24.24
2816,Brazil,Sweet potatoes,1992,104452,1761.0,67003.89,24.97
2817,Brazil,Wheat,1992,14295,1761.0,67003.89,21.35
2818,Brazil,Wheat,1992,14295,1761.0,67003.89,20.21
2819,Brazil,Wheat,1992,14295,1761.0,67003.89,17.8
2820,Brazil,Wheat,1992,14295,1761.0,67003.89,17.8
2821,Brazil,Wheat,1992,14295,1761.0,67003.89,27.58
2822,Brazil,Wheat,1992,14295,1761.0,67003.89,20.21
2823,Brazil,Wheat,1992,14295,1761.0,67003.89,27.42
2824,Brazil,Wheat,1992,14295,1761.0,67003.89,18.72
2825,Brazil,Wheat,1992,14295,1761.0,67003.89,25.61
2826,Brazil,Wheat,1992,14295,1761.0,67003.89,24.24
2827,Brazil,Wheat,1992,14295,1761.0,67003.89,24.97
2828,Brazil,Yams,1992,91413,1761.0,67003.89,21.35
2829,Brazil,Yams,1992,91413,1761.0,67003.89,20.21
2830,Brazil,Yams,1992,91413,1761.0,67003.89,17.8
2831,Brazil,Yams,1992,91413,1761.0,67003.89,17.8
2832,Brazil,Yams,1992,91413,1761.0,67003.89,27.58
2833,Brazil,Yams,1992,91413,1761.0,67003.89,20.21
2834,Brazil,Yams,1992,91413,1761.0,67003.89,27.42
2835,Brazil,Yams,1992,91413,1761.0,67003.89,18.72
2836,Brazil,Yams,1992,91413,1761.0,67003.89,25.61
2837,Brazil,Yams,1992,91413,1761.0,67003.89,24.24
2838,Brazil,Yams,1992,91413,1761.0,67003.89,24.97
2839,Brazil,Cassava,1993,120628,1761.0,75658.33,21.94
2840,Brazil,Cassava,1993,120628,1761.0,75658.33,20.49
2841,Brazil,Cassava,1993,120628,1761.0,75658.33,17.93
2842,Brazil,Cassava,1993,120628,1761.0,75658.33,17.93
2843,Brazil,Cassava,1993,120628,1761.0,75658.33,28.18
2844,Brazil,Cassava,1993,120628,1761.0,75658.33,20.49
2845,Brazil,Cassava,1993,120628,1761.0,75658.33,26.89
2846,Brazil,Cassava,1993,120628,1761.0,75658.33,18.69
2847,Brazil,Cassava,1993,120628,1761.0,75658.33,26.06
2848,Brazil,Cassava,1993,120628,1761.0,75658.33,24.65
2849,Brazil,Cassava,1993,120628,1761.0,75658.33,25.41
2850,Brazil,Maize,1993,25321,1761.0,75658.33,21.94
2851,Brazil,Maize,1993,25321,1761.0,75658.33,20.49
2852,Brazil,Maize,1993,25321,1761.0,75658.33,17.93
2853,Brazil,Maize,1993,25321,1761.0,75658.33,17.93
2854,Brazil,Maize,1993,25321,1761.0,75658.33,28.18
2855,Brazil,Maize,1993,25321,1761.0,75658.33,20.49
2856,Brazil,Maize,1993,25321,1761.0,75658.33,26.89
2857,Brazil,Maize,1993,25321,1761.0,75658.33,18.69
2858,Brazil,Maize,1993,25321,1761.0,75658.33,26.06
2859,Brazil,Maize,1993,25321,1761.0,75658.33,24.65
2860,Brazil,Maize,1993,25321,1761.0,75658.33,25.41
2861,Brazil,Potatoes,1993,146090,1761.0,75658.33,21.94
2862,Brazil,Potatoes,1993,146090,1761.0,75658.33,20.49
2863,Brazil,Potatoes,1993,146090,1761.0,75658.33,17.93
2864,Brazil,Potatoes,1993,146090,1761.0,75658.33,17.93
2865,Brazil,Potatoes,1993,146090,1761.0,75658.33,28.18
2866,Brazil,Potatoes,1993,146090,1761.0,75658.33,20.49
2867,Brazil,Potatoes,1993,146090,1761.0,75658.33,26.89
2868,Brazil,Potatoes,1993,146090,1761.0,75658.33,18.69
2869,Brazil,Potatoes,1993,146090,1761.0,75658.33,26.06
2870,Brazil,Potatoes,1993,146090,1761.0,75658.33,24.65
2871,Brazil,Potatoes,1993,146090,1761.0,75658.33,25.41
2872,Brazil,"Rice, paddy",1993,22912,1761.0,75658.33,21.94
2873,Brazil,"Rice, paddy",1993,22912,1761.0,75658.33,20.49
2874,Brazil,"Rice, paddy",1993,22912,1761.0,75658.33,17.93
2875,Brazil,"Rice, paddy",1993,22912,1761.0,75658.33,17.93
2876,Brazil,"Rice, paddy",1993,22912,1761.0,75658.33,28.18
2877,Brazil,"Rice, paddy",1993,22912,1761.0,75658.33,20.49
2878,Brazil,"Rice, paddy",1993,22912,1761.0,75658.33,26.89
2879,Brazil,"Rice, paddy",1993,22912,1761.0,75658.33,18.69
2880,Brazil,"Rice, paddy",1993,22912,1761.0,75658.33,26.06
2881,Brazil,"Rice, paddy",1993,22912,1761.0,75658.33,24.65
2882,Brazil,"Rice, paddy",1993,22912,1761.0,75658.33,25.41
2883,Brazil,Sorghum,1993,20167,1761.0,75658.33,21.94
2884,Brazil,Sorghum,1993,20167,1761.0,75658.33,20.49
2885,Brazil,Sorghum,1993,20167,1761.0,75658.33,17.93
2886,Brazil,Sorghum,1993,20167,1761.0,75658.33,17.93
2887,Brazil,Sorghum,1993,20167,1761.0,75658.33,28.18
2888,Brazil,Sorghum,1993,20167,1761.0,75658.33,20.49
2889,Brazil,Sorghum,1993,20167,1761.0,75658.33,26.89
2890,Brazil,Sorghum,1993,20167,1761.0,75658.33,18.69
2891,Brazil,Sorghum,1993,20167,1761.0,75658.33,26.06
2892,Brazil,Sorghum,1993,20167,1761.0,75658.33,24.65
2893,Brazil,Sorghum,1993,20167,1761.0,75658.33,25.41
2894,Brazil,Soybeans,1993,21241,1761.0,75658.33,21.94
2895,Brazil,Soybeans,1993,21241,1761.0,75658.33,20.49
2896,Brazil,Soybeans,1993,21241,1761.0,75658.33,17.93
2897,Brazil,Soybeans,1993,21241,1761.0,75658.33,17.93
2898,Brazil,Soybeans,1993,21241,1761.0,75658.33,28.18
2899,Brazil,Soybeans,1993,21241,1761.0,75658.33,20.49
2900,Brazil,Soybeans,1993,21241,1761.0,75658.33,26.89
2901,Brazil,Soybeans,1993,21241,1761.0,75658.33,18.69
2902,Brazil,Soybeans,1993,21241,1761.0,75658.33,26.06
2903,Brazil,Soybeans,1993,21241,1761.0,75658.33,24.65
2904,Brazil,Soybeans,1993,21241,1761.0,75658.33,25.41
2905,Brazil,Sweet potatoes,1993,107920,1761.0,75658.33,21.94
2906,Brazil,Sweet potatoes,1993,107920,1761.0,75658.33,20.49
2907,Brazil,Sweet potatoes,1993,107920,1761.0,75658.33,17.93
2908,Brazil,Sweet potatoes,1993,107920,1761.0,75658.33,17.93
2909,Brazil,Sweet potatoes,1993,107920,1761.0,75658.33,28.18
2910,Brazil,Sweet potatoes,1993,107920,1761.0,75658.33,20.49
2911,Brazil,Sweet potatoes,1993,107920,1761.0,75658.33,26.89
2912,Brazil,Sweet potatoes,1993,107920,1761.0,75658.33,18.69
2913,Brazil,Sweet potatoes,1993,107920,1761.0,75658.33,26.06
2914,Brazil,Sweet potatoes,1993,107920,1761.0,75658.33,24.65
2915,Brazil,Sweet potatoes,1993,107920,1761.0,75658.33,25.41
2916,Brazil,Wheat,1993,14825,1761.0,75658.33,21.94
2917,Brazil,Wheat,1993,14825,1761.0,75658.33,20.49
2918,Brazil,Wheat,1993,14825,1761.0,75658.33,17.93
2919,Brazil,Wheat,1993,14825,1761.0,75658.33,17.93
2920,Brazil,Wheat,1993,14825,1761.0,75658.33,28.18
2921,Brazil,Wheat,1993,14825,1761.0,75658.33,20.49
2922,Brazil,Wheat,1993,14825,1761.0,75658.33,26.89
2923,Brazil,Wheat,1993,14825,1761.0,75658.33,18.69
2924,Brazil,Wheat,1993,14825,1761.0,75658.33,26.06
2925,Brazil,Wheat,1993,14825,1761.0,75658.33,24.65
2926,Brazil,Wheat,1993,14825,1761.0,75658.33,25.41
2927,Brazil,Yams,1993,91471,1761.0,75658.33,21.94
2928,Brazil,Yams,1993,91471,1761.0,75658.33,20.49
2929,Brazil,Yams,1993,91471,1761.0,75658.33,17.93
2930,Brazil,Yams,1993,91471,1761.0,75658.33,17.93
2931,Brazil,Yams,1993,91471,1761.0,75658.33,28.18
2932,Brazil,Yams,1993,91471,1761.0,75658.33,20.49
2933,Brazil,Yams,1993,91471,1761.0,75658.33,26.89
2934,Brazil,Yams,1993,91471,1761.0,75658.33,18.69
2935,Brazil,Yams,1993,91471,1761.0,75658.33,26.06
2936,Brazil,Yams,1993,91471,1761.0,75658.33,24.65
2937,Brazil,Yams,1993,91471,1761.0,75658.33,25.41
2938,Brazil,Cassava,1994,132173,1761.0,84312.78,21.91
2939,Brazil,Cassava,1994,132173,1761.0,84312.78,20.77
2940,Brazil,Cassava,1994,132173,1761.0,84312.78,18.42
2941,Brazil,Cassava,1994,132173,1761.0,84312.78,18.42
2942,Brazil,Cassava,1994,132173,1761.0,84312.78,27.53
2943,Brazil,Cassava,1994,132173,1761.0,84312.78,20.77
2944,Brazil,Cassava,1994,132173,1761.0,84312.78,26.9
2945,Brazil,Cassava,1994,132173,1761.0,84312.78,19.15
2946,Brazil,Cassava,1994,132173,1761.0,84312.78,26.05
2947,Brazil,Cassava,1994,132173,1761.0,84312.78,24.71
2948,Brazil,Cassava,1994,132173,1761.0,84312.78,25.42
2949,Brazil,Maize,1994,23629,1761.0,84312.78,21.91
2950,Brazil,Maize,1994,23629,1761.0,84312.78,20.77
2951,Brazil,Maize,1994,23629,1761.0,84312.78,18.42
2952,Brazil,Maize,1994,23629,1761.0,84312.78,18.42
2953,Brazil,Maize,1994,23629,1761.0,84312.78,27.53
2954,Brazil,Maize,1994,23629,1761.0,84312.78,20.77
2955,Brazil,Maize,1994,23629,1761.0,84312.78,26.9
2956,Brazil,Maize,1994,23629,1761.0,84312.78,19.15
2957,Brazil,Maize,1994,23629,1761.0,84312.78,26.05
2958,Brazil,Maize,1994,23629,1761.0,84312.78,24.71
2959,Brazil,Maize,1994,23629,1761.0,84312.78,25.42
2960,Brazil,Potatoes,1994,144802,1761.0,84312.78,21.91
2961,Brazil,Potatoes,1994,144802,1761.0,84312.78,20.77
2962,Brazil,Potatoes,1994,144802,1761.0,84312.78,18.42
2963,Brazil,Potatoes,1994,144802,1761.0,84312.78,18.42
2964,Brazil,Potatoes,1994,144802,1761.0,84312.78,27.53
2965,Brazil,Potatoes,1994,144802,1761.0,84312.78,20.77
2966,Brazil,Potatoes,1994,144802,1761.0,84312.78,26.9
2967,Brazil,Potatoes,1994,144802,1761.0,84312.78,19.15
2968,Brazil,Potatoes,1994,144802,1761.0,84312.78,26.05
2969,Brazil,Potatoes,1994,144802,1761.0,84312.78,24.71
2970,Brazil,Potatoes,1994,144802,1761.0,84312.78,25.42
2971,Brazil,"Rice, paddy",1994,23876,1761.0,84312.78,21.91
2972,Brazil,"Rice, paddy",1994,23876,1761.0,84312.78,20.77
2973,Brazil,"Rice, paddy",1994,23876,1761.0,84312.78,18.42
2974,Brazil,"Rice, paddy",1994,23876,1761.0,84312.78,18.42
2975,Brazil,"Rice, paddy",1994,23876,1761.0,84312.78,27.53
2976,Brazil,"Rice, paddy",1994,23876,1761.0,84312.78,20.77
2977,Brazil,"Rice, paddy",1994,23876,1761.0,84312.78,26.9
2978,Brazil,"Rice, paddy",1994,23876,1761.0,84312.78,19.15
2979,Brazil,"Rice, paddy",1994,23876,1761.0,84312.78,26.05
2980,Brazil,"Rice, paddy",1994,23876,1761.0,84312.78,24.71
2981,Brazil,"Rice, paddy",1994,23876,1761.0,84312.78,25.42
2982,Brazil,Sorghum,1994,19056,1761.0,84312.78,21.91
2983,Brazil,Sorghum,1994,19056,1761.0,84312.78,20.77
2984,Brazil,Sorghum,1994,19056,1761.0,84312.78,18.42
2985,Brazil,Sorghum,1994,19056,1761.0,84312.78,18.42
2986,Brazil,Sorghum,1994,19056,1761.0,84312.78,27.53
2987,Brazil,Sorghum,1994,19056,1761.0,84312.78,20.77
2988,Brazil,Sorghum,1994,19056,1761.0,84312.78,26.9
2989,Brazil,Sorghum,1994,19056,1761.0,84312.78,19.15
2990,Brazil,Sorghum,1994,19056,1761.0,84312.78,26.05
2991,Brazil,Sorghum,1994,19056,1761.0,84312.78,24.71
2992,Brazil,Sorghum,1994,19056,1761.0,84312.78,25.42
2993,Brazil,Soybeans,1994,21632,1761.0,84312.78,21.91
2994,Brazil,Soybeans,1994,21632,1761.0,84312.78,20.77
2995,Brazil,Soybeans,1994,21632,1761.0,84312.78,18.42
2996,Brazil,Soybeans,1994,21632,1761.0,84312.78,18.42
2997,Brazil,Soybeans,1994,21632,1761.0,84312.78,27.53
2998,Brazil,Soybeans,1994,21632,1761.0,84312.78,20.77
2999,Brazil,Soybeans,1994,21632,1761.0,84312.78,26.9
3000,Brazil,Soybeans,1994,21632,1761.0,84312.78,19.15
3001,Brazil,Soybeans,1994,21632,1761.0,84312.78,26.05
3002,Brazil,Soybeans,1994,21632,1761.0,84312.78,24.71
3003,Brazil,Soybeans,1994,21632,1761.0,84312.78,25.42
3004,Brazil,Sweet potatoes,1994,113070,1761.0,84312.78,21.91
3005,Brazil,Sweet potatoes,1994,113070,1761.0,84312.78,20.77
3006,Brazil,Sweet potatoes,1994,113070,1761.0,84312.78,18.42
3007,Brazil,Sweet potatoes,1994,113070,1761.0,84312.78,18.42
3008,Brazil,Sweet potatoes,1994,113070,1761.0,84312.78,27.53
3009,Brazil,Sweet potatoes,1994,113070,1761.0,84312.78,20.77
3010,Brazil,Sweet potatoes,1994,113070,1761.0,84312.78,26.9
3011,Brazil,Sweet potatoes,1994,113070,1761.0,84312.78,19.15
3012,Brazil,Sweet potatoes,1994,113070,1761.0,84312.78,26.05
3013,Brazil,Sweet potatoes,1994,113070,1761.0,84312.78,24.71
3014,Brazil,Sweet potatoes,1994,113070,1761.0,84312.78,25.42
3015,Brazil,Wheat,1994,15541,1761.0,84312.78,21.91
3016,Brazil,Wheat,1994,15541,1761.0,84312.78,20.77
3017,Brazil,Wheat,1994,15541,1761.0,84312.78,18.42
3018,Brazil,Wheat,1994,15541,1761.0,84312.78,18.42
3019,Brazil,Wheat,1994,15541,1761.0,84312.78,27.53
3020,Brazil,Wheat,1994,15541,1761.0,84312.78,20.77
3021,Brazil,Wheat,1994,15541,1761.0,84312.78,26.9
3022,Brazil,Wheat,1994,15541,1761.0,84312.78,19.15
3023,Brazil,Wheat,1994,15541,1761.0,84312.78,26.05
3024,Brazil,Wheat,1994,15541,1761.0,84312.78,24.71
3025,Brazil,Wheat,1994,15541,1761.0,84312.78,25.42
3026,Brazil,Yams,1994,91667,1761.0,84312.78,21.91
3027,Brazil,Yams,1994,91667,1761.0,84312.78,20.77
3028,Brazil,Yams,1994,91667,1761.0,84312.78,18.42
3029,Brazil,Yams,1994,91667,1761.0,84312.78,18.42
3030,Brazil,Yams,1994,91667,1761.0,84312.78,27.53
3031,Brazil,Yams,1994,91667,1761.0,84312.78,20.77
3032,Brazil,Yams,1994,91667,1761.0,84312.78,26.9
3033,Brazil,Yams,1994,91667,1761.0,84312.78,19.15
3034,Brazil,Yams,1994,91667,1761.0,84312.78,26.05
3035,Brazil,Yams,1994,91667,1761.0,84312.78,24.71
3036,Brazil,Yams,1994,91667,1761.0,84312.78,25.42
3037,Brazil,Cassava,1995,130631,1761.0,92967.22,22.07
3038,Brazil,Cassava,1995,130631,1761.0,92967.22,20.61
3039,Brazil,Cassava,1995,130631,1761.0,92967.22,18.27
3040,Brazil,Cassava,1995,130631,1761.0,92967.22,18.27
3041,Brazil,Cassava,1995,130631,1761.0,92967.22,27.52
3042,Brazil,Cassava,1995,130631,1761.0,92967.22,20.61
3043,Brazil,Cassava,1995,130631,1761.0,92967.22,27.34
3044,Brazil,Cassava,1995,130631,1761.0,92967.22,18.89
3045,Brazil,Cassava,1995,130631,1761.0,92967.22,26.05
3046,Brazil,Cassava,1995,130631,1761.0,92967.22,24.77
3047,Brazil,Cassava,1995,130631,1761.0,92967.22,25.65
3048,Brazil,Maize,1995,26005,1761.0,92967.22,22.07
3049,Brazil,Maize,1995,26005,1761.0,92967.22,20.61
3050,Brazil,Maize,1995,26005,1761.0,92967.22,18.27
3051,Brazil,Maize,1995,26005,1761.0,92967.22,18.27
3052,Brazil,Maize,1995,26005,1761.0,92967.22,27.52
3053,Brazil,Maize,1995,26005,1761.0,92967.22,20.61
3054,Brazil,Maize,1995,26005,1761.0,92967.22,27.34
3055,Brazil,Maize,1995,26005,1761.0,92967.22,18.89
3056,Brazil,Maize,1995,26005,1761.0,92967.22,26.05
3057,Brazil,Maize,1995,26005,1761.0,92967.22,24.77
3058,Brazil,Maize,1995,26005,1761.0,92967.22,25.65
3059,Brazil,Potatoes,1995,152304,1761.0,92967.22,22.07
3060,Brazil,Potatoes,1995,152304,1761.0,92967.22,20.61
3061,Brazil,Potatoes,1995,152304,1761.0,92967.22,18.27
3062,Brazil,Potatoes,1995,152304,1761.0,92967.22,18.27
3063,Brazil,Potatoes,1995,152304,1761.0,92967.22,27.52
3064,Brazil,Potatoes,1995,152304,1761.0,92967.22,20.61
3065,Brazil,Potatoes,1995,152304,1761.0,92967.22,27.34
3066,Brazil,Potatoes,1995,152304,1761.0,92967.22,18.89
3067,Brazil,Potatoes,1995,152304,1761.0,92967.22,26.05
3068,Brazil,Potatoes,1995,152304,1761.0,92967.22,24.77
3069,Brazil,Potatoes,1995,152304,1761.0,92967.22,25.65
3070,Brazil,"Rice, paddy",1995,25668,1761.0,92967.22,22.07
3071,Brazil,"Rice, paddy",1995,25668,1761.0,92967.22,20.61
3072,Brazil,"Rice, paddy",1995,25668,1761.0,92967.22,18.27
3073,Brazil,"Rice, paddy",1995,25668,1761.0,92967.22,18.27
3074,Brazil,"Rice, paddy",1995,25668,1761.0,92967.22,27.52
3075,Brazil,"Rice, paddy",1995,25668,1761.0,92967.22,20.61
3076,Brazil,"Rice, paddy",1995,25668,1761.0,92967.22,27.34
3077,Brazil,"Rice, paddy",1995,25668,1761.0,92967.22,18.89
3078,Brazil,"Rice, paddy",1995,25668,1761.0,92967.22,26.05
3079,Brazil,"Rice, paddy",1995,25668,1761.0,92967.22,24.77
3080,Brazil,"Rice, paddy",1995,25668,1761.0,92967.22,25.65
3081,Brazil,Sorghum,1995,17981,1761.0,92967.22,22.07
3082,Brazil,Sorghum,1995,17981,1761.0,92967.22,20.61
3083,Brazil,Sorghum,1995,17981,1761.0,92967.22,18.27
3084,Brazil,Sorghum,1995,17981,1761.0,92967.22,18.27
3085,Brazil,Sorghum,1995,17981,1761.0,92967.22,27.52
3086,Brazil,Sorghum,1995,17981,1761.0,92967.22,20.61
3087,Brazil,Sorghum,1995,17981,1761.0,92967.22,27.34
3088,Brazil,Sorghum,1995,17981,1761.0,92967.22,18.89
3089,Brazil,Sorghum,1995,17981,1761.0,92967.22,26.05
3090,Brazil,Sorghum,1995,17981,1761.0,92967.22,24.77
3091,Brazil,Sorghum,1995,17981,1761.0,92967.22,25.65
3092,Brazil,Soybeans,1995,21998,1761.0,92967.22,22.07
3093,Brazil,Soybeans,1995,21998,1761.0,92967.22,20.61
3094,Brazil,Soybeans,1995,21998,1761.0,92967.22,18.27
3095,Brazil,Soybeans,1995,21998,1761.0,92967.22,18.27
3096,Brazil,Soybeans,1995,21998,1761.0,92967.22,27.52
3097,Brazil,Soybeans,1995,21998,1761.0,92967.22,20.61
3098,Brazil,Soybeans,1995,21998,1761.0,92967.22,27.34
3099,Brazil,Soybeans,1995,21998,1761.0,92967.22,18.89
3100,Brazil,Soybeans,1995,21998,1761.0,92967.22,26.05
3101,Brazil,Soybeans,1995,21998,1761.0,92967.22,24.77
3102,Brazil,Soybeans,1995,21998,1761.0,92967.22,25.65
3103,Brazil,Sweet potatoes,1995,110676,1761.0,92967.22,22.07
3104,Brazil,Sweet potatoes,1995,110676,1761.0,92967.22,20.61
3105,Brazil,Sweet potatoes,1995,110676,1761.0,92967.22,18.27
3106,Brazil,Sweet potatoes,1995,110676,1761.0,92967.22,18.27
3107,Brazil,Sweet potatoes,1995,110676,1761.0,92967.22,27.52
3108,Brazil,Sweet potatoes,1995,110676,1761.0,92967.22,20.61
3109,Brazil,Sweet potatoes,1995,110676,1761.0,92967.22,27.34
3110,Brazil,Sweet potatoes,1995,110676,1761.0,92967.22,18.89
3111,Brazil,Sweet potatoes,1995,110676,1761.0,92967.22,26.05
3112,Brazil,Sweet potatoes,1995,110676,1761.0,92967.22,24.77
3113,Brazil,Sweet potatoes,1995,110676,1761.0,92967.22,25.65
3114,Brazil,Wheat,1995,15420,1761.0,92967.22,22.07
3115,Brazil,Wheat,1995,15420,1761.0,92967.22,20.61
3116,Brazil,Wheat,1995,15420,1761.0,92967.22,18.27
3117,Brazil,Wheat,1995,15420,1761.0,92967.22,18.27
3118,Brazil,Wheat,1995,15420,1761.0,92967.22,27.52
3119,Brazil,Wheat,1995,15420,1761.0,92967.22,20.61
3120,Brazil,Wheat,1995,15420,1761.0,92967.22,27.34
3121,Brazil,Wheat,1995,15420,1761.0,92967.22,18.89
3122,Brazil,Wheat,1995,15420,1761.0,92967.22,26.05
3123,Brazil,Wheat,1995,15420,1761.0,92967.22,24.77
3124,Brazil,Wheat,1995,15420,1761.0,92967.22,25.65
3125,Brazil,Yams,1995,91587,1761.0,92967.22,22.07
3126,Brazil,Yams,1995,91587,1761.0,92967.22,20.61
3127,Brazil,Yams,1995,91587,1761.0,92967.22,18.27
3128,Brazil,Yams,1995,91587,1761.0,92967.22,18.27
3129,Brazil,Yams,1995,91587,1761.0,92967.22,27.52
3130,Brazil,Yams,1995,91587,1761.0,92967.22,20.61
3131,Brazil,Yams,1995,91587,1761.0,92967.22,27.34
3132,Brazil,Yams,1995,91587,1761.0,92967.22,18.89
3133,Brazil,Yams,1995,91587,1761.0,92967.22,26.05
3134,Brazil,Yams,1995,91587,1761.0,92967.22,24.77
3135,Brazil,Yams,1995,91587,1761.0,92967.22,25.65
3136,Brazil,Cassava,1996,117588,1761.0,101621.67,21.56
3137,Brazil,Cassava,1996,117588,1761.0,101621.67,20.18
3138,Brazil,Cassava,1996,117588,1761.0,101621.67,17.83
3139,Brazil,Cassava,1996,117588,1761.0,101621.67,17.83
3140,Brazil,Cassava,1996,117588,1761.0,101621.67,27.6
3141,Brazil,Cassava,1996,117588,1761.0,101621.67,20.18
3142,Brazil,Cassava,1996,117588,1761.0,101621.67,27.07
3143,Brazil,Cassava,1996,117588,1761.0,101621.67,18.63
3144,Brazil,Cassava,1996,117588,1761.0,101621.67,25.94
3145,Brazil,Cassava,1996,117588,1761.0,101621.67,24.28
3146,Brazil,Cassava,1996,117588,1761.0,101621.67,25.45
3147,Brazil,Maize,1996,24761,1761.0,101621.67,21.56
3148,Brazil,Maize,1996,24761,1761.0,101621.67,20.18
3149,Brazil,Maize,1996,24761,1761.0,101621.67,17.83
3150,Brazil,Maize,1996,24761,1761.0,101621.67,17.83
3151,Brazil,Maize,1996,24761,1761.0,101621.67,27.6
3152,Brazil,Maize,1996,24761,1761.0,101621.67,20.18
3153,Brazil,Maize,1996,24761,1761.0,101621.67,27.07
3154,Brazil,Maize,1996,24761,1761.0,101621.67,18.63
3155,Brazil,Maize,1996,24761,1761.0,101621.67,25.94
3156,Brazil,Maize,1996,24761,1761.0,101621.67,24.28
3157,Brazil,Maize,1996,24761,1761.0,101621.67,25.45
3158,Brazil,Potatoes,1996,146506,1761.0,101621.67,21.56
3159,Brazil,Potatoes,1996,146506,1761.0,101621.67,20.18
3160,Brazil,Potatoes,1996,146506,1761.0,101621.67,17.83
3161,Brazil,Potatoes,1996,146506,1761.0,101621.67,17.83
3162,Brazil,Potatoes,1996,146506,1761.0,101621.67,27.6
3163,Brazil,Potatoes,1996,146506,1761.0,101621.67,20.18
3164,Brazil,Potatoes,1996,146506,1761.0,101621.67,27.07
3165,Brazil,Potatoes,1996,146506,1761.0,101621.67,18.63
3166,Brazil,Potatoes,1996,146506,1761.0,101621.67,25.94
3167,Brazil,Potatoes,1996,146506,1761.0,101621.67,24.28
3168,Brazil,Potatoes,1996,146506,1761.0,101621.67,25.45
3169,Brazil,"Rice, paddy",1996,26578,1761.0,101621.67,21.56
3170,Brazil,"Rice, paddy",1996,26578,1761.0,101621.67,20.18
3171,Brazil,"Rice, paddy",1996,26578,1761.0,101621.67,17.83
3172,Brazil,"Rice, paddy",1996,26578,1761.0,101621.67,17.83
3173,Brazil,"Rice, paddy",1996,26578,1761.0,101621.67,27.6
3174,Brazil,"Rice, paddy",1996,26578,1761.0,101621.67,20.18
3175,Brazil,"Rice, paddy",1996,26578,1761.0,101621.67,27.07
3176,Brazil,"Rice, paddy",1996,26578,1761.0,101621.67,18.63
3177,Brazil,"Rice, paddy",1996,26578,1761.0,101621.67,25.94
3178,Brazil,"Rice, paddy",1996,26578,1761.0,101621.67,24.28
3179,Brazil,"Rice, paddy",1996,26578,1761.0,101621.67,25.45
3180,Brazil,Sorghum,1996,18118,1761.0,101621.67,21.56
3181,Brazil,Sorghum,1996,18118,1761.0,101621.67,20.18
3182,Brazil,Sorghum,1996,18118,1761.0,101621.67,17.83
3183,Brazil,Sorghum,1996,18118,1761.0,101621.67,17.83
3184,Brazil,Sorghum,1996,18118,1761.0,101621.67,27.6
3185,Brazil,Sorghum,1996,18118,1761.0,101621.67,20.18
3186,Brazil,Sorghum,1996,18118,1761.0,101621.67,27.07
3187,Brazil,Sorghum,1996,18118,1761.0,101621.67,18.63
3188,Brazil,Sorghum,1996,18118,1761.0,101621.67,25.94
3189,Brazil,Sorghum,1996,18118,1761.0,101621.67,24.28
3190,Brazil,Sorghum,1996,18118,1761.0,101621.67,25.45
3191,Brazil,Soybeans,1996,22493,1761.0,101621.67,21.56
3192,Brazil,Soybeans,1996,22493,1761.0,101621.67,20.18
3193,Brazil,Soybeans,1996,22493,1761.0,101621.67,17.83
3194,Brazil,Soybeans,1996,22493,1761.0,101621.67,17.83
3195,Brazil,Soybeans,1996,22493,1761.0,101621.67,27.6
3196,Brazil,Soybeans,1996,22493,1761.0,101621.67,20.18
3197,Brazil,Soybeans,1996,22493,1761.0,101621.67,27.07
3198,Brazil,Soybeans,1996,22493,1761.0,101621.67,18.63
3199,Brazil,Soybeans,1996,22493,1761.0,101621.67,25.94
3200,Brazil,Soybeans,1996,22493,1761.0,101621.67,24.28
3201,Brazil,Soybeans,1996,22493,1761.0,101621.67,25.45
3202,Brazil,Sweet potatoes,1996,86415,1761.0,101621.67,21.56
3203,Brazil,Sweet potatoes,1996,86415,1761.0,101621.67,20.18
3204,Brazil,Sweet potatoes,1996,86415,1761.0,101621.67,17.83
3205,Brazil,Sweet potatoes,1996,86415,1761.0,101621.67,17.83
3206,Brazil,Sweet potatoes,1996,86415,1761.0,101621.67,27.6
3207,Brazil,Sweet potatoes,1996,86415,1761.0,101621.67,20.18
3208,Brazil,Sweet potatoes,1996,86415,1761.0,101621.67,27.07
3209,Brazil,Sweet potatoes,1996,86415,1761.0,101621.67,18.63
3210,Brazil,Sweet potatoes,1996,86415,1761.0,101621.67,25.94
3211,Brazil,Sweet potatoes,1996,86415,1761.0,101621.67,24.28
3212,Brazil,Sweet potatoes,1996,86415,1761.0,101621.67,25.45
3213,Brazil,Wheat,1996,18334,1761.0,101621.67,21.56
3214,Brazil,Wheat,1996,18334,1761.0,101621.67,20.18
3215,Brazil,Wheat,1996,18334,1761.0,101621.67,17.83
3216,Brazil,Wheat,1996,18334,1761.0,101621.67,17.83
3217,Brazil,Wheat,1996,18334,1761.0,101621.67,27.6
3218,Brazil,Wheat,1996,18334,1761.0,101621.67,20.18
3219,Brazil,Wheat,1996,18334,1761.0,101621.67,27.07
3220,Brazil,Wheat,1996,18334,1761.0,101621.67,18.63
3221,Brazil,Wheat,1996,18334,1761.0,101621.67,25.94
3222,Brazil,Wheat,1996,18334,1761.0,101621.67,24.28
3223,Brazil,Wheat,1996,18334,1761.0,101621.67,25.45
3224,Brazil,Yams,1996,91837,1761.0,101621.67,21.56
3225,Brazil,Yams,1996,91837,1761.0,101621.67,20.18
3226,Brazil,Yams,1996,91837,1761.0,101621.67,17.83
3227,Brazil,Yams,1996,91837,1761.0,101621.67,17.83
3228,Brazil,Yams,1996,91837,1761.0,101621.67,27.6
3229,Brazil,Yams,1996,91837,1761.0,101621.67,20.18
3230,Brazil,Yams,1996,91837,1761.0,101621.67,27.07
3231,Brazil,Yams,1996,91837,1761.0,101621.67,18.63
3232,Brazil,Yams,1996,91837,1761.0,101621.67,25.94
3233,Brazil,Yams,1996,91837,1761.0,101621.67,24.28
3234,Brazil,Yams,1996,91837,1761.0,101621.67,25.45
3235,Brazil,Cassava,1997,128200,1761.0,110276.11,21.91
3236,Brazil,Cassava,1997,128200,1761.0,110276.11,20.77
3237,Brazil,Cassava,1997,128200,1761.0,110276.11,18.36
3238,Brazil,Cassava,1997,128200,1761.0,110276.11,18.36
3239,Brazil,Cassava,1997,128200,1761.0,110276.11,27.85
3240,Brazil,Cassava,1997,128200,1761.0,110276.11,20.77
3241,Brazil,Cassava,1997,128200,1761.0,110276.11,27.57
3242,Brazil,Cassava,1997,128200,1761.0,110276.11,19.12
3243,Brazil,Cassava,1997,128200,1761.0,110276.11,25.96
3244,Brazil,Cassava,1997,128200,1761.0,110276.11,24.71
3245,Brazil,Cassava,1997,128200,1761.0,110276.11,25.2
3246,Brazil,Maize,1997,26228,1761.0,110276.11,21.91
3247,Brazil,Maize,1997,26228,1761.0,110276.11,20.77
3248,Brazil,Maize,1997,26228,1761.0,110276.11,18.36
3249,Brazil,Maize,1997,26228,1761.0,110276.11,18.36
3250,Brazil,Maize,1997,26228,1761.0,110276.11,27.85
3251,Brazil,Maize,1997,26228,1761.0,110276.11,20.77
3252,Brazil,Maize,1997,26228,1761.0,110276.11,27.57
3253,Brazil,Maize,1997,26228,1761.0,110276.11,19.12
3254,Brazil,Maize,1997,26228,1761.0,110276.11,25.96
3255,Brazil,Maize,1997,26228,1761.0,110276.11,24.71
3256,Brazil,Maize,1997,26228,1761.0,110276.11,25.2
3257,Brazil,Potatoes,1997,152748,1761.0,110276.11,21.91
3258,Brazil,Potatoes,1997,152748,1761.0,110276.11,20.77
3259,Brazil,Potatoes,1997,152748,1761.0,110276.11,18.36
3260,Brazil,Potatoes,1997,152748,1761.0,110276.11,18.36
3261,Brazil,Potatoes,1997,152748,1761.0,110276.11,27.85
3262,Brazil,Potatoes,1997,152748,1761.0,110276.11,20.77
3263,Brazil,Potatoes,1997,152748,1761.0,110276.11,27.57
3264,Brazil,Potatoes,1997,152748,1761.0,110276.11,19.12
3265,Brazil,Potatoes,1997,152748,1761.0,110276.11,25.96
3266,Brazil,Potatoes,1997,152748,1761.0,110276.11,24.71
3267,Brazil,Potatoes,1997,152748,1761.0,110276.11,25.2
3268,Brazil,"Rice, paddy",1997,27310,1761.0,110276.11,21.91
3269,Brazil,"Rice, paddy",1997,27310,1761.0,110276.11,20.77
3270,Brazil,"Rice, paddy",1997,27310,1761.0,110276.11,18.36
3271,Brazil,"Rice, paddy",1997,27310,1761.0,110276.11,18.36
3272,Brazil,"Rice, paddy",1997,27310,1761.0,110276.11,27.85
3273,Brazil,"Rice, paddy",1997,27310,1761.0,110276.11,20.77
3274,Brazil,"Rice, paddy",1997,27310,1761.0,110276.11,27.57
3275,Brazil,"Rice, paddy",1997,27310,1761.0,110276.11,19.12
3276,Brazil,"Rice, paddy",1997,27310,1761.0,110276.11,25.96
3277,Brazil,"Rice, paddy",1997,27310,1761.0,110276.11,24.71
3278,Brazil,"Rice, paddy",1997,27310,1761.0,110276.11,25.2
3279,Brazil,Sorghum,1997,19757,1761.0,110276.11,21.91
3280,Brazil,Sorghum,1997,19757,1761.0,110276.11,20.77
3281,Brazil,Sorghum,1997,19757,1761.0,110276.11,18.36
3282,Brazil,Sorghum,1997,19757,1761.0,110276.11,18.36
3283,Brazil,Sorghum,1997,19757,1761.0,110276.11,27.85
3284,Brazil,Sorghum,1997,19757,1761.0,110276.11,20.77
3285,Brazil,Sorghum,1997,19757,1761.0,110276.11,27.57
3286,Brazil,Sorghum,1997,19757,1761.0,110276.11,19.12
3287,Brazil,Sorghum,1997,19757,1761.0,110276.11,25.96
3288,Brazil,Sorghum,1997,19757,1761.0,110276.11,24.71
3289,Brazil,Sorghum,1997,19757,1761.0,110276.11,25.2
3290,Brazil,Soybeans,1997,22977,1761.0,110276.11,21.91
3291,Brazil,Soybeans,1997,22977,1761.0,110276.11,20.77
3292,Brazil,Soybeans,1997,22977,1761.0,110276.11,18.36
3293,Brazil,Soybeans,1997,22977,1761.0,110276.11,18.36
3294,Brazil,Soybeans,1997,22977,1761.0,110276.11,27.85
3295,Brazil,Soybeans,1997,22977,1761.0,110276.11,20.77
3296,Brazil,Soybeans,1997,22977,1761.0,110276.11,27.57
3297,Brazil,Soybeans,1997,22977,1761.0,110276.11,19.12
3298,Brazil,Soybeans,1997,22977,1761.0,110276.11,25.96
3299,Brazil,Soybeans,1997,22977,1761.0,110276.11,24.71
3300,Brazil,Soybeans,1997,22977,1761.0,110276.11,25.2
3301,Brazil,Sweet potatoes,1997,98387,1761.0,110276.11,21.91
3302,Brazil,Sweet potatoes,1997,98387,1761.0,110276.11,20.77
3303,Brazil,Sweet potatoes,1997,98387,1761.0,110276.11,18.36
3304,Brazil,Sweet potatoes,1997,98387,1761.0,110276.11,18.36
3305,Brazil,Sweet potatoes,1997,98387,1761.0,110276.11,27.85
3306,Brazil,Sweet potatoes,1997,98387,1761.0,110276.11,20.77
3307,Brazil,Sweet potatoes,1997,98387,1761.0,110276.11,27.57
3308,Brazil,Sweet potatoes,1997,98387,1761.0,110276.11,19.12
3309,Brazil,Sweet potatoes,1997,98387,1761.0,110276.11,25.96
3310,Brazil,Sweet potatoes,1997,98387,1761.0,110276.11,24.71
3311,Brazil,Sweet potatoes,1997,98387,1761.0,110276.11,25.2
3312,Brazil,Wheat,1997,16359,1761.0,110276.11,21.91
3313,Brazil,Wheat,1997,16359,1761.0,110276.11,20.77
3314,Brazil,Wheat,1997,16359,1761.0,110276.11,18.36
3315,Brazil,Wheat,1997,16359,1761.0,110276.11,18.36
3316,Brazil,Wheat,1997,16359,1761.0,110276.11,27.85
3317,Brazil,Wheat,1997,16359,1761.0,110276.11,20.77
3318,Brazil,Wheat,1997,16359,1761.0,110276.11,27.57
3319,Brazil,Wheat,1997,16359,1761.0,110276.11,19.12
3320,Brazil,Wheat,1997,16359,1761.0,110276.11,25.96
3321,Brazil,Wheat,1997,16359,1761.0,110276.11,24.71
3322,Brazil,Wheat,1997,16359,1761.0,110276.11,25.2
3323,Brazil,Yams,1997,91773,1761.0,110276.11,21.91
3324,Brazil,Yams,1997,91773,1761.0,110276.11,20.77
3325,Brazil,Yams,1997,91773,1761.0,110276.11,18.36
3326,Brazil,Yams,1997,91773,1761.0,110276.11,18.36
3327,Brazil,Yams,1997,91773,1761.0,110276.11,27.85
3328,Brazil,Yams,1997,91773,1761.0,110276.11,20.77
3329,Brazil,Yams,1997,91773,1761.0,110276.11,27.57
3330,Brazil,Yams,1997,91773,1761.0,110276.11,19.12
3331,Brazil,Yams,1997,91773,1761.0,110276.11,25.96
3332,Brazil,Yams,1997,91773,1761.0,110276.11,24.71
3333,Brazil,Yams,1997,91773,1761.0,110276.11,25.2
3334,Brazil,Cassava,1998,123522,1761.0,118930.56,22.35
3335,Brazil,Cassava,1998,123522,1761.0,118930.56,20.71
3336,Brazil,Cassava,1998,123522,1761.0,118930.56,18.2
3337,Brazil,Cassava,1998,123522,1761.0,118930.56,18.2
3338,Brazil,Cassava,1998,123522,1761.0,118930.56,28.76
3339,Brazil,Cassava,1998,123522,1761.0,118930.56,20.71
3340,Brazil,Cassava,1998,123522,1761.0,118930.56,27.54
3341,Brazil,Cassava,1998,123522,1761.0,118930.56,18.49
3342,Brazil,Cassava,1998,123522,1761.0,118930.56,26.63
3343,Brazil,Cassava,1998,123522,1761.0,118930.56,24.78
3344,Brazil,Cassava,1998,123522,1761.0,118930.56,26.08
3345,Brazil,Maize,1998,27964,1761.0,118930.56,22.35
3346,Brazil,Maize,1998,27964,1761.0,118930.56,20.71
3347,Brazil,Maize,1998,27964,1761.0,118930.56,18.2
3348,Brazil,Maize,1998,27964,1761.0,118930.56,18.2
3349,Brazil,Maize,1998,27964,1761.0,118930.56,28.76
3350,Brazil,Maize,1998,27964,1761.0,118930.56,20.71
3351,Brazil,Maize,1998,27964,1761.0,118930.56,27.54
3352,Brazil,Maize,1998,27964,1761.0,118930.56,18.49
3353,Brazil,Maize,1998,27964,1761.0,118930.56,26.63
3354,Brazil,Maize,1998,27964,1761.0,118930.56,24.78
3355,Brazil,Maize,1998,27964,1761.0,118930.56,26.08
3356,Brazil,Potatoes,1998,156439,1761.0,118930.56,22.35
3357,Brazil,Potatoes,1998,156439,1761.0,118930.56,20.71
3358,Brazil,Potatoes,1998,156439,1761.0,118930.56,18.2
3359,Brazil,Potatoes,1998,156439,1761.0,118930.56,18.2
3360,Brazil,Potatoes,1998,156439,1761.0,118930.56,28.76
3361,Brazil,Potatoes,1998,156439,1761.0,118930.56,20.71
3362,Brazil,Potatoes,1998,156439,1761.0,118930.56,27.54
3363,Brazil,Potatoes,1998,156439,1761.0,118930.56,18.49
3364,Brazil,Potatoes,1998,156439,1761.0,118930.56,26.63
3365,Brazil,Potatoes,1998,156439,1761.0,118930.56,24.78
3366,Brazil,Potatoes,1998,156439,1761.0,118930.56,26.08
3367,Brazil,"Rice, paddy",1998,25198,1761.0,118930.56,22.35
3368,Brazil,"Rice, paddy",1998,25198,1761.0,118930.56,20.71
3369,Brazil,"Rice, paddy",1998,25198,1761.0,118930.56,18.2
3370,Brazil,"Rice, paddy",1998,25198,1761.0,118930.56,18.2
3371,Brazil,"Rice, paddy",1998,25198,1761.0,118930.56,28.76
3372,Brazil,"Rice, paddy",1998,25198,1761.0,118930.56,20.71
3373,Brazil,"Rice, paddy",1998,25198,1761.0,118930.56,27.54
3374,Brazil,"Rice, paddy",1998,25198,1761.0,118930.56,18.49
3375,Brazil,"Rice, paddy",1998,25198,1761.0,118930.56,26.63
3376,Brazil,"Rice, paddy",1998,25198,1761.0,118930.56,24.78
3377,Brazil,"Rice, paddy",1998,25198,1761.0,118930.56,26.08
3378,Brazil,Sorghum,1998,17768,1761.0,118930.56,22.35
3379,Brazil,Sorghum,1998,17768,1761.0,118930.56,20.71
3380,Brazil,Sorghum,1998,17768,1761.0,118930.56,18.2
3381,Brazil,Sorghum,1998,17768,1761.0,118930.56,18.2
3382,Brazil,Sorghum,1998,17768,1761.0,118930.56,28.76
3383,Brazil,Sorghum,1998,17768,1761.0,118930.56,20.71
3384,Brazil,Sorghum,1998,17768,1761.0,118930.56,27.54
3385,Brazil,Sorghum,1998,17768,1761.0,118930.56,18.49
3386,Brazil,Sorghum,1998,17768,1761.0,118930.56,26.63
3387,Brazil,Sorghum,1998,17768,1761.0,118930.56,24.78
3388,Brazil,Sorghum,1998,17768,1761.0,118930.56,26.08
3389,Brazil,Soybeans,1998,23533,1761.0,118930.56,22.35
3390,Brazil,Soybeans,1998,23533,1761.0,118930.56,20.71
3391,Brazil,Soybeans,1998,23533,1761.0,118930.56,18.2
3392,Brazil,Soybeans,1998,23533,1761.0,118930.56,18.2
3393,Brazil,Soybeans,1998,23533,1761.0,118930.56,28.76
3394,Brazil,Soybeans,1998,23533,1761.0,118930.56,20.71
3395,Brazil,Soybeans,1998,23533,1761.0,118930.56,27.54
3396,Brazil,Soybeans,1998,23533,1761.0,118930.56,18.49
3397,Brazil,Soybeans,1998,23533,1761.0,118930.56,26.63
3398,Brazil,Soybeans,1998,23533,1761.0,118930.56,24.78
3399,Brazil,Soybeans,1998,23533,1761.0,118930.56,26.08
3400,Brazil,Sweet potatoes,1998,103928,1761.0,118930.56,22.35
3401,Brazil,Sweet potatoes,1998,103928,1761.0,118930.56,20.71
3402,Brazil,Sweet potatoes,1998,103928,1761.0,118930.56,18.2
3403,Brazil,Sweet potatoes,1998,103928,1761.0,118930.56,18.2
3404,Brazil,Sweet potatoes,1998,103928,1761.0,118930.56,28.76
3405,Brazil,Sweet potatoes,1998,103928,1761.0,118930.56,20.71
3406,Brazil,Sweet potatoes,1998,103928,1761.0,118930.56,27.54
3407,Brazil,Sweet potatoes,1998,103928,1761.0,118930.56,18.49
3408,Brazil,Sweet potatoes,1998,103928,1761.0,118930.56,26.63
3409,Brazil,Sweet potatoes,1998,103928,1761.0,118930.56,24.78
3410,Brazil,Sweet potatoes,1998,103928,1761.0,118930.56,26.08
3411,Brazil,Wheat,1998,16111,1761.0,118930.56,22.35
3412,Brazil,Wheat,1998,16111,1761.0,118930.56,20.71
3413,Brazil,Wheat,1998,16111,1761.0,118930.56,18.2
3414,Brazil,Wheat,1998,16111,1761.0,118930.56,18.2
3415,Brazil,Wheat,1998,16111,1761.0,118930.56,28.76
3416,Brazil,Wheat,1998,16111,1761.0,118930.56,20.71
3417,Brazil,Wheat,1998,16111,1761.0,118930.56,27.54
3418,Brazil,Wheat,1998,16111,1761.0,118930.56,18.49
3419,Brazil,Wheat,1998,16111,1761.0,118930.56,26.63
3420,Brazil,Wheat,1998,16111,1761.0,118930.56,24.78
3421,Brazil,Wheat,1998,16111,1761.0,118930.56,26.08
3422,Brazil,Yams,1998,91823,1761.0,118930.56,22.35
3423,Brazil,Yams,1998,91823,1761.0,118930.56,20.71
3424,Brazil,Yams,1998,91823,1761.0,118930.56,18.2
3425,Brazil,Yams,1998,91823,1761.0,118930.56,18.2
3426,Brazil,Yams,1998,91823,1761.0,118930.56,28.76
3427,Brazil,Yams,1998,91823,1761.0,118930.56,20.71
3428,Brazil,Yams,1998,91823,1761.0,118930.56,27.54
3429,Brazil,Yams,1998,91823,1761.0,118930.56,18.49
3430,Brazil,Yams,1998,91823,1761.0,118930.56,26.63
3431,Brazil,Yams,1998,91823,1761.0,118930.56,24.78
3432,Brazil,Yams,1998,91823,1761.0,118930.56,26.08
3433,Brazil,Cassava,1999,132795,1761.0,127585.0,21.59
3434,Brazil,Cassava,1999,132795,1761.0,127585.0,20.04
3435,Brazil,Cassava,1999,132795,1761.0,127585.0,17.66
3436,Brazil,Cassava,1999,132795,1761.0,127585.0,17.66
3437,Brazil,Cassava,1999,132795,1761.0,127585.0,27.64
3438,Brazil,Cassava,1999,132795,1761.0,127585.0,20.04
3439,Brazil,Cassava,1999,132795,1761.0,127585.0,26.66
3440,Brazil,Cassava,1999,132795,1761.0,127585.0,18.39
3441,Brazil,Cassava,1999,132795,1761.0,127585.0,25.88
3442,Brazil,Cassava,1999,132795,1761.0,127585.0,24.01
3443,Brazil,Cassava,1999,132795,1761.0,127585.0,25.32
3444,Brazil,Maize,1999,27765,1761.0,127585.0,21.59
3445,Brazil,Maize,1999,27765,1761.0,127585.0,20.04
3446,Brazil,Maize,1999,27765,1761.0,127585.0,17.66
3447,Brazil,Maize,1999,27765,1761.0,127585.0,17.66
3448,Brazil,Maize,1999,27765,1761.0,127585.0,27.64
3449,Brazil,Maize,1999,27765,1761.0,127585.0,20.04
3450,Brazil,Maize,1999,27765,1761.0,127585.0,26.66
3451,Brazil,Maize,1999,27765,1761.0,127585.0,18.39
3452,Brazil,Maize,1999,27765,1761.0,127585.0,25.88
3453,Brazil,Maize,1999,27765,1761.0,127585.0,24.01
3454,Brazil,Maize,1999,27765,1761.0,127585.0,25.32
3455,Brazil,Potatoes,1999,164604,1761.0,127585.0,21.59
3456,Brazil,Potatoes,1999,164604,1761.0,127585.0,20.04
3457,Brazil,Potatoes,1999,164604,1761.0,127585.0,17.66
3458,Brazil,Potatoes,1999,164604,1761.0,127585.0,17.66
3459,Brazil,Potatoes,1999,164604,1761.0,127585.0,27.64
3460,Brazil,Potatoes,1999,164604,1761.0,127585.0,20.04
3461,Brazil,Potatoes,1999,164604,1761.0,127585.0,26.66
3462,Brazil,Potatoes,1999,164604,1761.0,127585.0,18.39
3463,Brazil,Potatoes,1999,164604,1761.0,127585.0,25.88
3464,Brazil,Potatoes,1999,164604,1761.0,127585.0,24.01
3465,Brazil,Potatoes,1999,164604,1761.0,127585.0,25.32
3466,Brazil,"Rice, paddy",1999,30708,1761.0,127585.0,21.59
3467,Brazil,"Rice, paddy",1999,30708,1761.0,127585.0,20.04
3468,Brazil,"Rice, paddy",1999,30708,1761.0,127585.0,17.66
3469,Brazil,"Rice, paddy",1999,30708,1761.0,127585.0,17.66
3470,Brazil,"Rice, paddy",1999,30708,1761.0,127585.0,27.64
3471,Brazil,"Rice, paddy",1999,30708,1761.0,127585.0,20.04
3472,Brazil,"Rice, paddy",1999,30708,1761.0,127585.0,26.66
3473,Brazil,"Rice, paddy",1999,30708,1761.0,127585.0,18.39
3474,Brazil,"Rice, paddy",1999,30708,1761.0,127585.0,25.88
3475,Brazil,"Rice, paddy",1999,30708,1761.0,127585.0,24.01
3476,Brazil,"Rice, paddy",1999,30708,1761.0,127585.0,25.32
3477,Brazil,Sorghum,1999,15711,1761.0,127585.0,21.59
3478,Brazil,Sorghum,1999,15711,1761.0,127585.0,20.04
3479,Brazil,Sorghum,1999,15711,1761.0,127585.0,17.66
3480,Brazil,Sorghum,1999,15711,1761.0,127585.0,17.66
3481,Brazil,Sorghum,1999,15711,1761.0,127585.0,27.64
3482,Brazil,Sorghum,1999,15711,1761.0,127585.0,20.04
3483,Brazil,Sorghum,1999,15711,1761.0,127585.0,26.66
3484,Brazil,Sorghum,1999,15711,1761.0,127585.0,18.39
3485,Brazil,Sorghum,1999,15711,1761.0,127585.0,25.88
3486,Brazil,Sorghum,1999,15711,1761.0,127585.0,24.01
3487,Brazil,Sorghum,1999,15711,1761.0,127585.0,25.32
3488,Brazil,Soybeans,1999,23724,1761.0,127585.0,21.59
3489,Brazil,Soybeans,1999,23724,1761.0,127585.0,20.04
3490,Brazil,Soybeans,1999,23724,1761.0,127585.0,17.66
3491,Brazil,Soybeans,1999,23724,1761.0,127585.0,17.66
3492,Brazil,Soybeans,1999,23724,1761.0,127585.0,27.64
3493,Brazil,Soybeans,1999,23724,1761.0,127585.0,20.04
3494,Brazil,Soybeans,1999,23724,1761.0,127585.0,26.66
3495,Brazil,Soybeans,1999,23724,1761.0,127585.0,18.39
3496,Brazil,Soybeans,1999,23724,1761.0,127585.0,25.88
3497,Brazil,Soybeans,1999,23724,1761.0,127585.0,24.01
3498,Brazil,Soybeans,1999,23724,1761.0,127585.0,25.32
3499,Brazil,Sweet potatoes,1999,109463,1761.0,127585.0,21.59
3500,Brazil,Sweet potatoes,1999,109463,1761.0,127585.0,20.04
3501,Brazil,Sweet potatoes,1999,109463,1761.0,127585.0,17.66
3502,Brazil,Sweet potatoes,1999,109463,1761.0,127585.0,17.66
3503,Brazil,Sweet potatoes,1999,109463,1761.0,127585.0,27.64
3504,Brazil,Sweet potatoes,1999,109463,1761.0,127585.0,20.04
3505,Brazil,Sweet potatoes,1999,109463,1761.0,127585.0,26.66
3506,Brazil,Sweet potatoes,1999,109463,1761.0,127585.0,18.39
3507,Brazil,Sweet potatoes,1999,109463,1761.0,127585.0,25.88
3508,Brazil,Sweet potatoes,1999,109463,1761.0,127585.0,24.01
3509,Brazil,Sweet potatoes,1999,109463,1761.0,127585.0,25.32
3510,Brazil,Wheat,1999,19699,1761.0,127585.0,21.59
3511,Brazil,Wheat,1999,19699,1761.0,127585.0,20.04
3512,Brazil,Wheat,1999,19699,1761.0,127585.0,17.66
3513,Brazil,Wheat,1999,19699,1761.0,127585.0,17.66
3514,Brazil,Wheat,1999,19699,1761.0,127585.0,27.64
3515,Brazil,Wheat,1999,19699,1761.0,127585.0,20.04
3516,Brazil,Wheat,1999,19699,1761.0,127585.0,26.66
3517,Brazil,Wheat,1999,19699,1761.0,127585.0,18.39
3518,Brazil,Wheat,1999,19699,1761.0,127585.0,25.88
3519,Brazil,Wheat,1999,19699,1761.0,127585.0,24.01
3520,Brazil,Wheat,1999,19699,1761.0,127585.0,25.32
3521,Brazil,Yams,1999,92000,1761.0,127585.0,21.59
3522,Brazil,Yams,1999,92000,1761.0,127585.0,20.04
3523,Brazil,Yams,1999,92000,1761.0,127585.0,17.66
3524,Brazil,Yams,1999,92000,1761.0,127585.0,17.66
3525,Brazil,Yams,1999,92000,1761.0,127585.0,27.64
3526,Brazil,Yams,1999,92000,1761.0,127585.0,20.04
3527,Brazil,Yams,1999,92000,1761.0,127585.0,26.66
3528,Brazil,Yams,1999,92000,1761.0,127585.0,18.39
3529,Brazil,Yams,1999,92000,1761.0,127585.0,25.88
3530,Brazil,Yams,1999,92000,1761.0,127585.0,24.01
3531,Brazil,Yams,1999,92000,1761.0,127585.0,25.32
3532,Brazil,Cassava,2000,134815,1761.0,140423.0,21.69
3533,Brazil,Cassava,2000,134815,1761.0,140423.0,20.32
3534,Brazil,Cassava,2000,134815,1761.0,140423.0,18.01
3535,Brazil,Cassava,2000,134815,1761.0,140423.0,18.01
3536,Brazil,Cassava,2000,134815,1761.0,140423.0,27.5
3537,Brazil,Cassava,2000,134815,1761.0,140423.0,20.32
3538,Brazil,Cassava,2000,134815,1761.0,140423.0,26.82
3539,Brazil,Cassava,2000,134815,1761.0,140423.0,18.65
3540,Brazil,Cassava,2000,134815,1761.0,140423.0,25.71
3541,Brazil,Cassava,2000,134815,1761.0,140423.0,24.36
3542,Brazil,Cassava,2000,134815,1761.0,140423.0,25.35
3543,Brazil,Maize,2000,27182,1761.0,140423.0,21.69
3544,Brazil,Maize,2000,27182,1761.0,140423.0,20.32
3545,Brazil,Maize,2000,27182,1761.0,140423.0,18.01
3546,Brazil,Maize,2000,27182,1761.0,140423.0,18.01
3547,Brazil,Maize,2000,27182,1761.0,140423.0,27.5
3548,Brazil,Maize,2000,27182,1761.0,140423.0,20.32
3549,Brazil,Maize,2000,27182,1761.0,140423.0,26.82
3550,Brazil,Maize,2000,27182,1761.0,140423.0,18.65
3551,Brazil,Maize,2000,27182,1761.0,140423.0,25.71
3552,Brazil,Maize,2000,27182,1761.0,140423.0,24.36
3553,Brazil,Maize,2000,27182,1761.0,140423.0,25.35
3554,Brazil,Potatoes,2000,171813,1761.0,140423.0,21.69
3555,Brazil,Potatoes,2000,171813,1761.0,140423.0,20.32
3556,Brazil,Potatoes,2000,171813,1761.0,140423.0,18.01
3557,Brazil,Potatoes,2000,171813,1761.0,140423.0,18.01
3558,Brazil,Potatoes,2000,171813,1761.0,140423.0,27.5
3559,Brazil,Potatoes,2000,171813,1761.0,140423.0,20.32
3560,Brazil,Potatoes,2000,171813,1761.0,140423.0,26.82
3561,Brazil,Potatoes,2000,171813,1761.0,140423.0,18.65
3562,Brazil,Potatoes,2000,171813,1761.0,140423.0,25.71
3563,Brazil,Potatoes,2000,171813,1761.0,140423.0,24.36
3564,Brazil,Potatoes,2000,171813,1761.0,140423.0,25.35
3565,Brazil,"Rice, paddy",2000,30382,1761.0,140423.0,21.69
3566,Brazil,"Rice, paddy",2000,30382,1761.0,140423.0,20.32
3567,Brazil,"Rice, paddy",2000,30382,1761.0,140423.0,18.01
3568,Brazil,"Rice, paddy",2000,30382,1761.0,140423.0,18.01
3569,Brazil,"Rice, paddy",2000,30382,1761.0,140423.0,27.5
3570,Brazil,"Rice, paddy",2000,30382,1761.0,140423.0,20.32
3571,Brazil,"Rice, paddy",2000,30382,1761.0,140423.0,26.82
3572,Brazil,"Rice, paddy",2000,30382,1761.0,140423.0,18.65
3573,Brazil,"Rice, paddy",2000,30382,1761.0,140423.0,25.71
3574,Brazil,"Rice, paddy",2000,30382,1761.0,140423.0,24.36
3575,Brazil,"Rice, paddy",2000,30382,1761.0,140423.0,25.35
3576,Brazil,Sorghum,2000,15013,1761.0,140423.0,21.69
3577,Brazil,Sorghum,2000,15013,1761.0,140423.0,20.32
3578,Brazil,Sorghum,2000,15013,1761.0,140423.0,18.01
3579,Brazil,Sorghum,2000,15013,1761.0,140423.0,18.01
3580,Brazil,Sorghum,2000,15013,1761.0,140423.0,27.5
3581,Brazil,Sorghum,2000,15013,1761.0,140423.0,20.32
3582,Brazil,Sorghum,2000,15013,1761.0,140423.0,26.82
3583,Brazil,Sorghum,2000,15013,1761.0,140423.0,18.65
3584,Brazil,Sorghum,2000,15013,1761.0,140423.0,25.71
3585,Brazil,Sorghum,2000,15013,1761.0,140423.0,24.36
3586,Brazil,Sorghum,2000,15013,1761.0,140423.0,25.35
3587,Brazil,Soybeans,2000,24033,1761.0,140423.0,21.69
3588,Brazil,Soybeans,2000,24033,1761.0,140423.0,20.32
3589,Brazil,Soybeans,2000,24033,1761.0,140423.0,18.01
3590,Brazil,Soybeans,2000,24033,1761.0,140423.0,18.01
3591,Brazil,Soybeans,2000,24033,1761.0,140423.0,27.5
3592,Brazil,Soybeans,2000,24033,1761.0,140423.0,20.32
3593,Brazil,Soybeans,2000,24033,1761.0,140423.0,26.82
3594,Brazil,Soybeans,2000,24033,1761.0,140423.0,18.65
3595,Brazil,Soybeans,2000,24033,1761.0,140423.0,25.71
3596,Brazil,Soybeans,2000,24033,1761.0,140423.0,24.36
3597,Brazil,Soybeans,2000,24033,1761.0,140423.0,25.35
3598,Brazil,Sweet potatoes,2000,110351,1761.0,140423.0,21.69
3599,Brazil,Sweet potatoes,2000,110351,1761.0,140423.0,20.32
3600,Brazil,Sweet potatoes,2000,110351,1761.0,140423.0,18.01
3601,Brazil,Sweet potatoes,2000,110351,1761.0,140423.0,18.01
3602,Brazil,Sweet potatoes,2000,110351,1761.0,140423.0,27.5
3603,Brazil,Sweet potatoes,2000,110351,1761.0,140423.0,20.32
3604,Brazil,Sweet potatoes,2000,110351,1761.0,140423.0,26.82
3605,Brazil,Sweet potatoes,2000,110351,1761.0,140423.0,18.65
3606,Brazil,Sweet potatoes,2000,110351,1761.0,140423.0,25.71
3607,Brazil,Sweet potatoes,2000,110351,1761.0,140423.0,24.36
3608,Brazil,Sweet potatoes,2000,110351,1761.0,140423.0,25.35
3609,Brazil,Wheat,2000,15156,1761.0,140423.0,21.69
3610,Brazil,Wheat,2000,15156,1761.0,140423.0,20.32
3611,Brazil,Wheat,2000,15156,1761.0,140423.0,18.01
3612,Brazil,Wheat,2000,15156,1761.0,140423.0,18.01
3613,Brazil,Wheat,2000,15156,1761.0,140423.0,27.5
3614,Brazil,Wheat,2000,15156,1761.0,140423.0,20.32
3615,Brazil,Wheat,2000,15156,1761.0,140423.0,26.82
3616,Brazil,Wheat,2000,15156,1761.0,140423.0,18.65
3617,Brazil,Wheat,2000,15156,1761.0,140423.0,25.71
3618,Brazil,Wheat,2000,15156,1761.0,140423.0,24.36
3619,Brazil,Wheat,2000,15156,1761.0,140423.0,25.35
3620,Brazil,Yams,2000,91522,1761.0,140423.0,21.69
3621,Brazil,Yams,2000,91522,1761.0,140423.0,20.32
3622,Brazil,Yams,2000,91522,1761.0,140423.0,18.01
3623,Brazil,Yams,2000,91522,1761.0,140423.0,18.01
3624,Brazil,Yams,2000,91522,1761.0,140423.0,27.5
3625,Brazil,Yams,2000,91522,1761.0,140423.0,20.32
3626,Brazil,Yams,2000,91522,1761.0,140423.0,26.82
3627,Brazil,Yams,2000,91522,1761.0,140423.0,18.65
3628,Brazil,Yams,2000,91522,1761.0,140423.0,25.71
3629,Brazil,Yams,2000,91522,1761.0,140423.0,24.36
3630,Brazil,Yams,2000,91522,1761.0,140423.0,25.35
3631,Brazil,Cassava,2001,135418,1761.0,151523.0,22.14
3632,Brazil,Cassava,2001,135418,1761.0,151523.0,20.96
3633,Brazil,Cassava,2001,135418,1761.0,151523.0,18.67
3634,Brazil,Cassava,2001,135418,1761.0,151523.0,18.67
3635,Brazil,Cassava,2001,135418,1761.0,151523.0,27.69
3636,Brazil,Cassava,2001,135418,1761.0,151523.0,20.96
3637,Brazil,Cassava,2001,135418,1761.0,151523.0,27.08
3638,Brazil,Cassava,2001,135418,1761.0,151523.0,19.73
3639,Brazil,Cassava,2001,135418,1761.0,151523.0,26.08
3640,Brazil,Cassava,2001,135418,1761.0,151523.0,24.99
3641,Brazil,Cassava,2001,135418,1761.0,151523.0,25.59
3642,Brazil,Maize,2001,34019,1761.0,151523.0,22.14
3643,Brazil,Maize,2001,34019,1761.0,151523.0,20.96
3644,Brazil,Maize,2001,34019,1761.0,151523.0,18.67
3645,Brazil,Maize,2001,34019,1761.0,151523.0,18.67
3646,Brazil,Maize,2001,34019,1761.0,151523.0,27.69
3647,Brazil,Maize,2001,34019,1761.0,151523.0,20.96
3648,Brazil,Maize,2001,34019,1761.0,151523.0,27.08
3649,Brazil,Maize,2001,34019,1761.0,151523.0,19.73
3650,Brazil,Maize,2001,34019,1761.0,151523.0,26.08
3651,Brazil,Maize,2001,34019,1761.0,151523.0,24.99
3652,Brazil,Maize,2001,34019,1761.0,151523.0,25.59
3653,Brazil,Potatoes,2001,184997,1761.0,151523.0,22.14
3654,Brazil,Potatoes,2001,184997,1761.0,151523.0,20.96
3655,Brazil,Potatoes,2001,184997,1761.0,151523.0,18.67
3656,Brazil,Potatoes,2001,184997,1761.0,151523.0,18.67
3657,Brazil,Potatoes,2001,184997,1761.0,151523.0,27.69
3658,Brazil,Potatoes,2001,184997,1761.0,151523.0,20.96
3659,Brazil,Potatoes,2001,184997,1761.0,151523.0,27.08
3660,Brazil,Potatoes,2001,184997,1761.0,151523.0,19.73
3661,Brazil,Potatoes,2001,184997,1761.0,151523.0,26.08
3662,Brazil,Potatoes,2001,184997,1761.0,151523.0,24.99
3663,Brazil,Potatoes,2001,184997,1761.0,151523.0,25.59
3664,Brazil,"Rice, paddy",2001,32405,1761.0,151523.0,22.14
3665,Brazil,"Rice, paddy",2001,32405,1761.0,151523.0,20.96
3666,Brazil,"Rice, paddy",2001,32405,1761.0,151523.0,18.67
3667,Brazil,"Rice, paddy",2001,32405,1761.0,151523.0,18.67
3668,Brazil,"Rice, paddy",2001,32405,1761.0,151523.0,27.69
3669,Brazil,"Rice, paddy",2001,32405,1761.0,151523.0,20.96
3670,Brazil,"Rice, paddy",2001,32405,1761.0,151523.0,27.08
3671,Brazil,"Rice, paddy",2001,32405,1761.0,151523.0,19.73
3672,Brazil,"Rice, paddy",2001,32405,1761.0,151523.0,26.08
3673,Brazil,"Rice, paddy",2001,32405,1761.0,151523.0,24.99
3674,Brazil,"Rice, paddy",2001,32405,1761.0,151523.0,25.59
3675,Brazil,Sorghum,2001,18654,1761.0,151523.0,22.14
3676,Brazil,Sorghum,2001,18654,1761.0,151523.0,20.96
3677,Brazil,Sorghum,2001,18654,1761.0,151523.0,18.67
3678,Brazil,Sorghum,2001,18654,1761.0,151523.0,18.67
3679,Brazil,Sorghum,2001,18654,1761.0,151523.0,27.69
3680,Brazil,Sorghum,2001,18654,1761.0,151523.0,20.96
3681,Brazil,Sorghum,2001,18654,1761.0,151523.0,27.08
3682,Brazil,Sorghum,2001,18654,1761.0,151523.0,19.73
3683,Brazil,Sorghum,2001,18654,1761.0,151523.0,26.08
3684,Brazil,Sorghum,2001,18654,1761.0,151523.0,24.99
3685,Brazil,Sorghum,2001,18654,1761.0,151523.0,25.59
3686,Brazil,Soybeans,2001,27105,1761.0,151523.0,22.14
3687,Brazil,Soybeans,2001,27105,1761.0,151523.0,20.96
3688,Brazil,Soybeans,2001,27105,1761.0,151523.0,18.67
3689,Brazil,Soybeans,2001,27105,1761.0,151523.0,18.67
3690,Brazil,Soybeans,2001,27105,1761.0,151523.0,27.69
3691,Brazil,Soybeans,2001,27105,1761.0,151523.0,20.96
3692,Brazil,Soybeans,2001,27105,1761.0,151523.0,27.08
3693,Brazil,Soybeans,2001,27105,1761.0,151523.0,19.73
3694,Brazil,Soybeans,2001,27105,1761.0,151523.0,26.08
3695,Brazil,Soybeans,2001,27105,1761.0,151523.0,24.99
3696,Brazil,Soybeans,2001,27105,1761.0,151523.0,25.59
3697,Brazil,Sweet potatoes,2001,113496,1761.0,151523.0,22.14
3698,Brazil,Sweet potatoes,2001,113496,1761.0,151523.0,20.96
3699,Brazil,Sweet potatoes,2001,113496,1761.0,151523.0,18.67
3700,Brazil,Sweet potatoes,2001,113496,1761.0,151523.0,18.67
3701,Brazil,Sweet potatoes,2001,113496,1761.0,151523.0,27.69
3702,Brazil,Sweet potatoes,2001,113496,1761.0,151523.0,20.96
3703,Brazil,Sweet potatoes,2001,113496,1761.0,151523.0,27.08
3704,Brazil,Sweet potatoes,2001,113496,1761.0,151523.0,19.73
3705,Brazil,Sweet potatoes,2001,113496,1761.0,151523.0,26.08
3706,Brazil,Sweet potatoes,2001,113496,1761.0,151523.0,24.99
3707,Brazil,Sweet potatoes,2001,113496,1761.0,151523.0,25.59
3708,Brazil,Wheat,2001,19488,1761.0,151523.0,22.14
3709,Brazil,Wheat,2001,19488,1761.0,151523.0,20.96
3710,Brazil,Wheat,2001,19488,1761.0,151523.0,18.67
3711,Brazil,Wheat,2001,19488,1761.0,151523.0,18.67
3712,Brazil,Wheat,2001,19488,1761.0,151523.0,27.69
3713,Brazil,Wheat,2001,19488,1761.0,151523.0,20.96
3714,Brazil,Wheat,2001,19488,1761.0,151523.0,27.08
3715,Brazil,Wheat,2001,19488,1761.0,151523.0,19.73
3716,Brazil,Wheat,2001,19488,1761.0,151523.0,26.08
3717,Brazil,Wheat,2001,19488,1761.0,151523.0,24.99
3718,Brazil,Wheat,2001,19488,1761.0,151523.0,25.59
3719,Brazil,Yams,2001,90385,1761.0,151523.0,22.14
3720,Brazil,Yams,2001,90385,1761.0,151523.0,20.96
3721,Brazil,Yams,2001,90385,1761.0,151523.0,18.67
3722,Brazil,Yams,2001,90385,1761.0,151523.0,18.67
3723,Brazil,Yams,2001,90385,1761.0,151523.0,27.69
3724,Brazil,Yams,2001,90385,1761.0,151523.0,20.96
3725,Brazil,Yams,2001,90385,1761.0,151523.0,27.08
3726,Brazil,Yams,2001,90385,1761.0,151523.0,19.73
3727,Brazil,Yams,2001,90385,1761.0,151523.0,26.08
3728,Brazil,Yams,2001,90385,1761.0,151523.0,24.99
3729,Brazil,Yams,2001,90385,1761.0,151523.0,25.59
3730,Brazil,Cassava,2002,137949,1761.0,145552.0,22.5
3731,Brazil,Cassava,2002,137949,1761.0,145552.0,21.3
3732,Brazil,Cassava,2002,137949,1761.0,145552.0,19.09
3733,Brazil,Cassava,2002,137949,1761.0,145552.0,19.09
3734,Brazil,Cassava,2002,137949,1761.0,145552.0,27.85
3735,Brazil,Cassava,2002,137949,1761.0,145552.0,21.3
3736,Brazil,Cassava,2002,137949,1761.0,145552.0,27.27
3737,Brazil,Cassava,2002,137949,1761.0,145552.0,19.49
3738,Brazil,Cassava,2002,137949,1761.0,145552.0,26.01
3739,Brazil,Cassava,2002,137949,1761.0,145552.0,25.18
3740,Brazil,Cassava,2002,137949,1761.0,145552.0,25.56
3741,Brazil,Maize,2002,30559,1761.0,145552.0,22.5
3742,Brazil,Maize,2002,30559,1761.0,145552.0,21.3
3743,Brazil,Maize,2002,30559,1761.0,145552.0,19.09
3744,Brazil,Maize,2002,30559,1761.0,145552.0,19.09
3745,Brazil,Maize,2002,30559,1761.0,145552.0,27.85
3746,Brazil,Maize,2002,30559,1761.0,145552.0,21.3
3747,Brazil,Maize,2002,30559,1761.0,145552.0,27.27
3748,Brazil,Maize,2002,30559,1761.0,145552.0,19.49
3749,Brazil,Maize,2002,30559,1761.0,145552.0,26.01
3750,Brazil,Maize,2002,30559,1761.0,145552.0,25.18
3751,Brazil,Maize,2002,30559,1761.0,145552.0,25.56
3752,Brazil,Potatoes,2002,194038,1761.0,145552.0,22.5
3753,Brazil,Potatoes,2002,194038,1761.0,145552.0,21.3
3754,Brazil,Potatoes,2002,194038,1761.0,145552.0,19.09
3755,Brazil,Potatoes,2002,194038,1761.0,145552.0,19.09
3756,Brazil,Potatoes,2002,194038,1761.0,145552.0,27.85
3757,Brazil,Potatoes,2002,194038,1761.0,145552.0,21.3
3758,Brazil,Potatoes,2002,194038,1761.0,145552.0,27.27
3759,Brazil,Potatoes,2002,194038,1761.0,145552.0,19.49
3760,Brazil,Potatoes,2002,194038,1761.0,145552.0,26.01
3761,Brazil,Potatoes,2002,194038,1761.0,145552.0,25.18
3762,Brazil,Potatoes,2002,194038,1761.0,145552.0,25.56
3763,Brazil,"Rice, paddy",2002,33246,1761.0,145552.0,22.5
3764,Brazil,"Rice, paddy",2002,33246,1761.0,145552.0,21.3
3765,Brazil,"Rice, paddy",2002,33246,1761.0,145552.0,19.09
3766,Brazil,"Rice, paddy",2002,33246,1761.0,145552.0,19.09
3767,Brazil,"Rice, paddy",2002,33246,1761.0,145552.0,27.85
3768,Brazil,"Rice, paddy",2002,33246,1761.0,145552.0,21.3
3769,Brazil,"Rice, paddy",2002,33246,1761.0,145552.0,27.27
3770,Brazil,"Rice, paddy",2002,33246,1761.0,145552.0,19.49
3771,Brazil,"Rice, paddy",2002,33246,1761.0,145552.0,26.01
3772,Brazil,"Rice, paddy",2002,33246,1761.0,145552.0,25.18
3773,Brazil,"Rice, paddy",2002,33246,1761.0,145552.0,25.56
3774,Brazil,Sorghum,2002,18573,1761.0,145552.0,22.5
3775,Brazil,Sorghum,2002,18573,1761.0,145552.0,21.3
3776,Brazil,Sorghum,2002,18573,1761.0,145552.0,19.09
3777,Brazil,Sorghum,2002,18573,1761.0,145552.0,19.09
3778,Brazil,Sorghum,2002,18573,1761.0,145552.0,27.85
3779,Brazil,Sorghum,2002,18573,1761.0,145552.0,21.3
3780,Brazil,Sorghum,2002,18573,1761.0,145552.0,27.27
3781,Brazil,Sorghum,2002,18573,1761.0,145552.0,19.49
3782,Brazil,Sorghum,2002,18573,1761.0,145552.0,26.01
3783,Brazil,Sorghum,2002,18573,1761.0,145552.0,25.18
3784,Brazil,Sorghum,2002,18573,1761.0,145552.0,25.56
3785,Brazil,Soybeans,2002,25739,1761.0,145552.0,22.5
3786,Brazil,Soybeans,2002,25739,1761.0,145552.0,21.3
3787,Brazil,Soybeans,2002,25739,1761.0,145552.0,19.09
3788,Brazil,Soybeans,2002,25739,1761.0,145552.0,19.09
3789,Brazil,Soybeans,2002,25739,1761.0,145552.0,27.85
3790,Brazil,Soybeans,2002,25739,1761.0,145552.0,21.3
3791,Brazil,Soybeans,2002,25739,1761.0,145552.0,27.27
3792,Brazil,Soybeans,2002,25739,1761.0,145552.0,19.49
3793,Brazil,Soybeans,2002,25739,1761.0,145552.0,26.01
3794,Brazil,Soybeans,2002,25739,1761.0,145552.0,25.18
3795,Brazil,Soybeans,2002,25739,1761.0,145552.0,25.56
3796,Brazil,Sweet potatoes,2002,113463,1761.0,145552.0,22.5
3797,Brazil,Sweet potatoes,2002,113463,1761.0,145552.0,21.3
3798,Brazil,Sweet potatoes,2002,113463,1761.0,145552.0,19.09
3799,Brazil,Sweet potatoes,2002,113463,1761.0,145552.0,19.09
3800,Brazil,Sweet potatoes,2002,113463,1761.0,145552.0,27.85
3801,Brazil,Sweet potatoes,2002,113463,1761.0,145552.0,21.3
3802,Brazil,Sweet potatoes,2002,113463,1761.0,145552.0,27.27
3803,Brazil,Sweet potatoes,2002,113463,1761.0,145552.0,19.49
3804,Brazil,Sweet potatoes,2002,113463,1761.0,145552.0,26.01
3805,Brazil,Sweet potatoes,2002,113463,1761.0,145552.0,25.18
3806,Brazil,Sweet potatoes,2002,113463,1761.0,145552.0,25.56
3807,Brazil,Wheat,2002,14754,1761.0,145552.0,22.5
3808,Brazil,Wheat,2002,14754,1761.0,145552.0,21.3
3809,Brazil,Wheat,2002,14754,1761.0,145552.0,19.09
3810,Brazil,Wheat,2002,14754,1761.0,145552.0,19.09
3811,Brazil,Wheat,2002,14754,1761.0,145552.0,27.85
3812,Brazil,Wheat,2002,14754,1761.0,145552.0,21.3
3813,Brazil,Wheat,2002,14754,1761.0,145552.0,27.27
3814,Brazil,Wheat,2002,14754,1761.0,145552.0,19.49
3815,Brazil,Wheat,2002,14754,1761.0,145552.0,26.01
3816,Brazil,Wheat,2002,14754,1761.0,145552.0,25.18
3817,Brazil,Wheat,2002,14754,1761.0,145552.0,25.56
3818,Brazil,Yams,2002,92000,1761.0,145552.0,22.5
3819,Brazil,Yams,2002,92000,1761.0,145552.0,21.3
3820,Brazil,Yams,2002,92000,1761.0,145552.0,19.09
3821,Brazil,Yams,2002,92000,1761.0,145552.0,19.09
3822,Brazil,Yams,2002,92000,1761.0,145552.0,27.85
3823,Brazil,Yams,2002,92000,1761.0,145552.0,21.3
3824,Brazil,Yams,2002,92000,1761.0,145552.0,27.27
3825,Brazil,Yams,2002,92000,1761.0,145552.0,19.49
3826,Brazil,Yams,2002,92000,1761.0,145552.0,26.01
3827,Brazil,Yams,2002,92000,1761.0,145552.0,25.18
3828,Brazil,Yams,2002,92000,1761.0,145552.0,25.56
3829,Brazil,Cassava,2004,136343,1761.0,214725.0,21.59
3830,Brazil,Cassava,2004,136343,1761.0,214725.0,20.05
3831,Brazil,Cassava,2004,136343,1761.0,214725.0,17.88
3832,Brazil,Cassava,2004,136343,1761.0,214725.0,17.88
3833,Brazil,Cassava,2004,136343,1761.0,214725.0,27.72
3834,Brazil,Cassava,2004,136343,1761.0,214725.0,20.05
3835,Brazil,Cassava,2004,136343,1761.0,214725.0,27.24
3836,Brazil,Cassava,2004,136343,1761.0,214725.0,18.75
3837,Brazil,Cassava,2004,136343,1761.0,214725.0,25.94
3838,Brazil,Cassava,2004,136343,1761.0,214725.0,24.24
3839,Brazil,Cassava,2004,136343,1761.0,214725.0,25.37
3840,Brazil,Maize,2004,33671,1761.0,214725.0,21.59
3841,Brazil,Maize,2004,33671,1761.0,214725.0,20.05
3842,Brazil,Maize,2004,33671,1761.0,214725.0,17.88
3843,Brazil,Maize,2004,33671,1761.0,214725.0,17.88
3844,Brazil,Maize,2004,33671,1761.0,214725.0,27.72
3845,Brazil,Maize,2004,33671,1761.0,214725.0,20.05
3846,Brazil,Maize,2004,33671,1761.0,214725.0,27.24
3847,Brazil,Maize,2004,33671,1761.0,214725.0,18.75
3848,Brazil,Maize,2004,33671,1761.0,214725.0,25.94
3849,Brazil,Maize,2004,33671,1761.0,214725.0,24.24
3850,Brazil,Maize,2004,33671,1761.0,214725.0,25.37
3851,Brazil,Potatoes,2004,213525,1761.0,214725.0,21.59
3852,Brazil,Potatoes,2004,213525,1761.0,214725.0,20.05
3853,Brazil,Potatoes,2004,213525,1761.0,214725.0,17.88
3854,Brazil,Potatoes,2004,213525,1761.0,214725.0,17.88
3855,Brazil,Potatoes,2004,213525,1761.0,214725.0,27.72
3856,Brazil,Potatoes,2004,213525,1761.0,214725.0,20.05
3857,Brazil,Potatoes,2004,213525,1761.0,214725.0,27.24
3858,Brazil,Potatoes,2004,213525,1761.0,214725.0,18.75
3859,Brazil,Potatoes,2004,213525,1761.0,214725.0,25.94
3860,Brazil,Potatoes,2004,213525,1761.0,214725.0,24.24
3861,Brazil,Potatoes,2004,213525,1761.0,214725.0,25.37
3862,Brazil,"Rice, paddy",2004,35565,1761.0,214725.0,21.59
3863,Brazil,"Rice, paddy",2004,35565,1761.0,214725.0,20.05
3864,Brazil,"Rice, paddy",2004,35565,1761.0,214725.0,17.88
3865,Brazil,"Rice, paddy",2004,35565,1761.0,214725.0,17.88
3866,Brazil,"Rice, paddy",2004,35565,1761.0,214725.0,27.72
3867,Brazil,"Rice, paddy",2004,35565,1761.0,214725.0,20.05
3868,Brazil,"Rice, paddy",2004,35565,1761.0,214725.0,27.24
3869,Brazil,"Rice, paddy",2004,35565,1761.0,214725.0,18.75
3870,Brazil,"Rice, paddy",2004,35565,1761.0,214725.0,25.94
3871,Brazil,"Rice, paddy",2004,35565,1761.0,214725.0,24.24
3872,Brazil,"Rice, paddy",2004,35565,1761.0,214725.0,25.37
3873,Brazil,Sorghum,2004,23187,1761.0,214725.0,21.59
3874,Brazil,Sorghum,2004,23187,1761.0,214725.0,20.05
3875,Brazil,Sorghum,2004,23187,1761.0,214725.0,17.88
3876,Brazil,Sorghum,2004,23187,1761.0,214725.0,17.88
3877,Brazil,Sorghum,2004,23187,1761.0,214725.0,27.72
3878,Brazil,Sorghum,2004,23187,1761.0,214725.0,20.05
3879,Brazil,Sorghum,2004,23187,1761.0,214725.0,27.24
3880,Brazil,Sorghum,2004,23187,1761.0,214725.0,18.75
3881,Brazil,Sorghum,2004,23187,1761.0,214725.0,25.94
3882,Brazil,Sorghum,2004,23187,1761.0,214725.0,24.24
3883,Brazil,Sorghum,2004,23187,1761.0,214725.0,25.37
3884,Brazil,Soybeans,2004,23005,1761.0,214725.0,21.59
3885,Brazil,Soybeans,2004,23005,1761.0,214725.0,20.05
3886,Brazil,Soybeans,2004,23005,1761.0,214725.0,17.88
3887,Brazil,Soybeans,2004,23005,1761.0,214725.0,17.88
3888,Brazil,Soybeans,2004,23005,1761.0,214725.0,27.72
3889,Brazil,Soybeans,2004,23005,1761.0,214725.0,20.05
3890,Brazil,Soybeans,2004,23005,1761.0,214725.0,27.24
3891,Brazil,Soybeans,2004,23005,1761.0,214725.0,18.75
3892,Brazil,Soybeans,2004,23005,1761.0,214725.0,25.94
3893,Brazil,Soybeans,2004,23005,1761.0,214725.0,24.24
3894,Brazil,Soybeans,2004,23005,1761.0,214725.0,25.37
3895,Brazil,Sweet potatoes,2004,114957,1761.0,214725.0,21.59
3896,Brazil,Sweet potatoes,2004,114957,1761.0,214725.0,20.05
3897,Brazil,Sweet potatoes,2004,114957,1761.0,214725.0,17.88
3898,Brazil,Sweet potatoes,2004,114957,1761.0,214725.0,17.88
3899,Brazil,Sweet potatoes,2004,114957,1761.0,214725.0,27.72
3900,Brazil,Sweet potatoes,2004,114957,1761.0,214725.0,20.05
3901,Brazil,Sweet potatoes,2004,114957,1761.0,214725.0,27.24
3902,Brazil,Sweet potatoes,2004,114957,1761.0,214725.0,18.75
3903,Brazil,Sweet potatoes,2004,114957,1761.0,214725.0,25.94
3904,Brazil,Sweet potatoes,2004,114957,1761.0,214725.0,24.24
3905,Brazil,Sweet potatoes,2004,114957,1761.0,214725.0,25.37
3906,Brazil,Wheat,2004,20728,1761.0,214725.0,21.59
3907,Brazil,Wheat,2004,20728,1761.0,214725.0,20.05
3908,Brazil,Wheat,2004,20728,1761.0,214725.0,17.88
3909,Brazil,Wheat,2004,20728,1761.0,214725.0,17.88
3910,Brazil,Wheat,2004,20728,1761.0,214725.0,27.72
3911,Brazil,Wheat,2004,20728,1761.0,214725.0,20.05
3912,Brazil,Wheat,2004,20728,1761.0,214725.0,27.24
3913,Brazil,Wheat,2004,20728,1761.0,214725.0,18.75
3914,Brazil,Wheat,2004,20728,1761.0,214725.0,25.94
3915,Brazil,Wheat,2004,20728,1761.0,214725.0,24.24
3916,Brazil,Wheat,2004,20728,1761.0,214725.0,25.37
3917,Brazil,Yams,2004,92345,1761.0,214725.0,21.59
3918,Brazil,Yams,2004,92345,1761.0,214725.0,20.05
3919,Brazil,Yams,2004,92345,1761.0,214725.0,17.88
3920,Brazil,Yams,2004,92345,1761.0,214725.0,17.88
3921,Brazil,Yams,2004,92345,1761.0,214725.0,27.72
3922,Brazil,Yams,2004,92345,1761.0,214725.0,20.05
3923,Brazil,Yams,2004,92345,1761.0,214725.0,27.24
3924,Brazil,Yams,2004,92345,1761.0,214725.0,18.75
3925,Brazil,Yams,2004,92345,1761.0,214725.0,25.94
3926,Brazil,Yams,2004,92345,1761.0,214725.0,24.24
3927,Brazil,Yams,2004,92345,1761.0,214725.0,25.37
3928,Brazil,Cassava,2005,136059,1761.0,232232.0,22.05
3929,Brazil,Cassava,2005,136059,1761.0,232232.0,20.78
3930,Brazil,Cassava,2005,136059,1761.0,232232.0,18.53
3931,Brazil,Cassava,2005,136059,1761.0,232232.0,18.53
3932,Brazil,Cassava,2005,136059,1761.0,232232.0,28.17
3933,Brazil,Cassava,2005,136059,1761.0,232232.0,20.78
3934,Brazil,Cassava,2005,136059,1761.0,232232.0,27.6
3935,Brazil,Cassava,2005,136059,1761.0,232232.0,19.42
3936,Brazil,Cassava,2005,136059,1761.0,232232.0,26.27
3937,Brazil,Cassava,2005,136059,1761.0,232232.0,24.79
3938,Brazil,Cassava,2005,136059,1761.0,232232.0,25.7
3939,Brazil,Maize,2005,30403,1761.0,232232.0,22.05
3940,Brazil,Maize,2005,30403,1761.0,232232.0,20.78
3941,Brazil,Maize,2005,30403,1761.0,232232.0,18.53
3942,Brazil,Maize,2005,30403,1761.0,232232.0,18.53
3943,Brazil,Maize,2005,30403,1761.0,232232.0,28.17
3944,Brazil,Maize,2005,30403,1761.0,232232.0,20.78
3945,Brazil,Maize,2005,30403,1761.0,232232.0,27.6
3946,Brazil,Maize,2005,30403,1761.0,232232.0,19.42
3947,Brazil,Maize,2005,30403,1761.0,232232.0,26.27
3948,Brazil,Maize,2005,30403,1761.0,232232.0,24.79
3949,Brazil,Maize,2005,30403,1761.0,232232.0,25.7
3950,Brazil,Potatoes,2005,220095,1761.0,232232.0,22.05
3951,Brazil,Potatoes,2005,220095,1761.0,232232.0,20.78
3952,Brazil,Potatoes,2005,220095,1761.0,232232.0,18.53
3953,Brazil,Potatoes,2005,220095,1761.0,232232.0,18.53
3954,Brazil,Potatoes,2005,220095,1761.0,232232.0,28.17
3955,Brazil,Potatoes,2005,220095,1761.0,232232.0,20.78
3956,Brazil,Potatoes,2005,220095,1761.0,232232.0,27.6
3957,Brazil,Potatoes,2005,220095,1761.0,232232.0,19.42
3958,Brazil,Potatoes,2005,220095,1761.0,232232.0,26.27
3959,Brazil,Potatoes,2005,220095,1761.0,232232.0,24.79
3960,Brazil,Potatoes,2005,220095,1761.0,232232.0,25.7
3961,Brazil,"Rice, paddy",2005,33691,1761.0,232232.0,22.05
3962,Brazil,"Rice, paddy",2005,33691,1761.0,232232.0,20.78
3963,Brazil,"Rice, paddy",2005,33691,1761.0,232232.0,18.53
3964,Brazil,"Rice, paddy",2005,33691,1761.0,232232.0,18.53
3965,Brazil,"Rice, paddy",2005,33691,1761.0,232232.0,28.17
3966,Brazil,"Rice, paddy",2005,33691,1761.0,232232.0,20.78
3967,Brazil,"Rice, paddy",2005,33691,1761.0,232232.0,27.6
3968,Brazil,"Rice, paddy",2005,33691,1761.0,232232.0,19.42
3969,Brazil,"Rice, paddy",2005,33691,1761.0,232232.0,26.27
3970,Brazil,"Rice, paddy",2005,33691,1761.0,232232.0,24.79
3971,Brazil,"Rice, paddy",2005,33691,1761.0,232232.0,25.7
3972,Brazil,Sorghum,2005,19296,1761.0,232232.0,22.05
3973,Brazil,Sorghum,2005,19296,1761.0,232232.0,20.78
3974,Brazil,Sorghum,2005,19296,1761.0,232232.0,18.53
3975,Brazil,Sorghum,2005,19296,1761.0,232232.0,18.53
3976,Brazil,Sorghum,2005,19296,1761.0,232232.0,28.17
3977,Brazil,Sorghum,2005,19296,1761.0,232232.0,20.78
3978,Brazil,Sorghum,2005,19296,1761.0,232232.0,27.6
3979,Brazil,Sorghum,2005,19296,1761.0,232232.0,19.42
3980,Brazil,Sorghum,2005,19296,1761.0,232232.0,26.27
3981,Brazil,Sorghum,2005,19296,1761.0,232232.0,24.79
3982,Brazil,Sorghum,2005,19296,1761.0,232232.0,25.7
3983,Brazil,Soybeans,2005,22303,1761.0,232232.0,22.05
3984,Brazil,Soybeans,2005,22303,1761.0,232232.0,20.78
3985,Brazil,Soybeans,2005,22303,1761.0,232232.0,18.53
3986,Brazil,Soybeans,2005,22303,1761.0,232232.0,18.53
3987,Brazil,Soybeans,2005,22303,1761.0,232232.0,28.17
3988,Brazil,Soybeans,2005,22303,1761.0,232232.0,20.78
3989,Brazil,Soybeans,2005,22303,1761.0,232232.0,27.6
3990,Brazil,Soybeans,2005,22303,1761.0,232232.0,19.42
3991,Brazil,Soybeans,2005,22303,1761.0,232232.0,26.27
3992,Brazil,Soybeans,2005,22303,1761.0,232232.0,24.79
3993,Brazil,Soybeans,2005,22303,1761.0,232232.0,25.7
3994,Brazil,Sweet potatoes,2005,113360,1761.0,232232.0,22.05
3995,Brazil,Sweet potatoes,2005,113360,1761.0,232232.0,20.78
3996,Brazil,Sweet potatoes,2005,113360,1761.0,232232.0,18.53
3997,Brazil,Sweet potatoes,2005,113360,1761.0,232232.0,18.53
3998,Brazil,Sweet potatoes,2005,113360,1761.0,232232.0,28.17
3999,Brazil,Sweet potatoes,2005,113360,1761.0,232232.0,20.78
4000,Brazil,Sweet potatoes,2005,113360,1761.0,232232.0,27.6
4001,Brazil,Sweet potatoes,2005,113360,1761.0,232232.0,19.42
4002,Brazil,Sweet potatoes,2005,113360,1761.0,232232.0,26.27
4003,Brazil,Sweet potatoes,2005,113360,1761.0,232232.0,24.79
4004,Brazil,Sweet potatoes,2005,113360,1761.0,232232.0,25.7
4005,Brazil,Wheat,2005,19735,1761.0,232232.0,22.05
4006,Brazil,Wheat,2005,19735,1761.0,232232.0,20.78
4007,Brazil,Wheat,2005,19735,1761.0,232232.0,18.53
4008,Brazil,Wheat,2005,19735,1761.0,232232.0,18.53
4009,Brazil,Wheat,2005,19735,1761.0,232232.0,28.17
4010,Brazil,Wheat,2005,19735,1761.0,232232.0,20.78
4011,Brazil,Wheat,2005,19735,1761.0,232232.0,27.6
4012,Brazil,Wheat,2005,19735,1761.0,232232.0,19.42
4013,Brazil,Wheat,2005,19735,1761.0,232232.0,26.27
4014,Brazil,Wheat,2005,19735,1761.0,232232.0,24.79
4015,Brazil,Wheat,2005,19735,1761.0,232232.0,25.7
4016,Brazil,Yams,2005,92462,1761.0,232232.0,22.05
4017,Brazil,Yams,2005,92462,1761.0,232232.0,20.78
4018,Brazil,Yams,2005,92462,1761.0,232232.0,18.53
4019,Brazil,Yams,2005,92462,1761.0,232232.0,18.53
4020,Brazil,Yams,2005,92462,1761.0,232232.0,28.17
4021,Brazil,Yams,2005,92462,1761.0,232232.0,20.78
4022,Brazil,Yams,2005,92462,1761.0,232232.0,27.6
4023,Brazil,Yams,2005,92462,1761.0,232232.0,19.42
4024,Brazil,Yams,2005,92462,1761.0,232232.0,26.27
4025,Brazil,Yams,2005,92462,1761.0,232232.0,24.79
4026,Brazil,Yams,2005,92462,1761.0,232232.0,25.7
4027,Brazil,Cassava,2006,140463,1761.0,238716.0,21.82
4028,Brazil,Cassava,2006,140463,1761.0,238716.0,20.6
4029,Brazil,Cassava,2006,140463,1761.0,238716.0,18.47
4030,Brazil,Cassava,2006,140463,1761.0,238716.0,18.47
4031,Brazil,Cassava,2006,140463,1761.0,238716.0,27.76
4032,Brazil,Cassava,2006,140463,1761.0,238716.0,20.6
4033,Brazil,Cassava,2006,140463,1761.0,238716.0,27.34
4034,Brazil,Cassava,2006,140463,1761.0,238716.0,19.35
4035,Brazil,Cassava,2006,140463,1761.0,238716.0,26.26
4036,Brazil,Cassava,2006,140463,1761.0,238716.0,24.57
4037,Brazil,Cassava,2006,140463,1761.0,238716.0,25.41
4038,Brazil,Maize,2006,33823,1761.0,238716.0,21.82
4039,Brazil,Maize,2006,33823,1761.0,238716.0,20.6
4040,Brazil,Maize,2006,33823,1761.0,238716.0,18.47
4041,Brazil,Maize,2006,33823,1761.0,238716.0,18.47
4042,Brazil,Maize,2006,33823,1761.0,238716.0,27.76
4043,Brazil,Maize,2006,33823,1761.0,238716.0,20.6
4044,Brazil,Maize,2006,33823,1761.0,238716.0,27.34
4045,Brazil,Maize,2006,33823,1761.0,238716.0,19.35
4046,Brazil,Maize,2006,33823,1761.0,238716.0,26.26
4047,Brazil,Maize,2006,33823,1761.0,238716.0,24.57
4048,Brazil,Maize,2006,33823,1761.0,238716.0,25.41
4049,Brazil,Potatoes,2006,223802,1761.0,238716.0,21.82
4050,Brazil,Potatoes,2006,223802,1761.0,238716.0,20.6
4051,Brazil,Potatoes,2006,223802,1761.0,238716.0,18.47
4052,Brazil,Potatoes,2006,223802,1761.0,238716.0,18.47
4053,Brazil,Potatoes,2006,223802,1761.0,238716.0,27.76
4054,Brazil,Potatoes,2006,223802,1761.0,238716.0,20.6
4055,Brazil,Potatoes,2006,223802,1761.0,238716.0,27.34
4056,Brazil,Potatoes,2006,223802,1761.0,238716.0,19.35
4057,Brazil,Potatoes,2006,223802,1761.0,238716.0,26.26
4058,Brazil,Potatoes,2006,223802,1761.0,238716.0,24.57
4059,Brazil,Potatoes,2006,223802,1761.0,238716.0,25.41
4060,Brazil,"Rice, paddy",2006,38798,1761.0,238716.0,21.82
4061,Brazil,"Rice, paddy",2006,38798,1761.0,238716.0,20.6
4062,Brazil,"Rice, paddy",2006,38798,1761.0,238716.0,18.47
4063,Brazil,"Rice, paddy",2006,38798,1761.0,238716.0,18.47
4064,Brazil,"Rice, paddy",2006,38798,1761.0,238716.0,27.76
4065,Brazil,"Rice, paddy",2006,38798,1761.0,238716.0,20.6
4066,Brazil,"Rice, paddy",2006,38798,1761.0,238716.0,27.34
4067,Brazil,"Rice, paddy",2006,38798,1761.0,238716.0,19.35
4068,Brazil,"Rice, paddy",2006,38798,1761.0,238716.0,26.26
4069,Brazil,"Rice, paddy",2006,38798,1761.0,238716.0,24.57
4070,Brazil,"Rice, paddy",2006,38798,1761.0,238716.0,25.41
4071,Brazil,Sorghum,2006,22223,1761.0,238716.0,21.82
4072,Brazil,Sorghum,2006,22223,1761.0,238716.0,20.6
4073,Brazil,Sorghum,2006,22223,1761.0,238716.0,18.47
4074,Brazil,Sorghum,2006,22223,1761.0,238716.0,18.47
4075,Brazil,Sorghum,2006,22223,1761.0,238716.0,27.76
4076,Brazil,Sorghum,2006,22223,1761.0,238716.0,20.6
4077,Brazil,Sorghum,2006,22223,1761.0,238716.0,27.34
4078,Brazil,Sorghum,2006,22223,1761.0,238716.0,19.35
4079,Brazil,Sorghum,2006,22223,1761.0,238716.0,26.26
4080,Brazil,Sorghum,2006,22223,1761.0,238716.0,24.57
4081,Brazil,Sorghum,2006,22223,1761.0,238716.0,25.41
4082,Brazil,Soybeans,2006,23796,1761.0,238716.0,21.82
4083,Brazil,Soybeans,2006,23796,1761.0,238716.0,20.6
4084,Brazil,Soybeans,2006,23796,1761.0,238716.0,18.47
4085,Brazil,Soybeans,2006,23796,1761.0,238716.0,18.47
4086,Brazil,Soybeans,2006,23796,1761.0,238716.0,27.76
4087,Brazil,Soybeans,2006,23796,1761.0,238716.0,20.6
4088,Brazil,Soybeans,2006,23796,1761.0,238716.0,27.34
4089,Brazil,Soybeans,2006,23796,1761.0,238716.0,19.35
4090,Brazil,Soybeans,2006,23796,1761.0,238716.0,26.26
4091,Brazil,Soybeans,2006,23796,1761.0,238716.0,24.57
4092,Brazil,Soybeans,2006,23796,1761.0,238716.0,25.41
4093,Brazil,Sweet potatoes,2006,116902,1761.0,238716.0,21.82
4094,Brazil,Sweet potatoes,2006,116902,1761.0,238716.0,20.6
4095,Brazil,Sweet potatoes,2006,116902,1761.0,238716.0,18.47
4096,Brazil,Sweet potatoes,2006,116902,1761.0,238716.0,18.47
4097,Brazil,Sweet potatoes,2006,116902,1761.0,238716.0,27.76
4098,Brazil,Sweet potatoes,2006,116902,1761.0,238716.0,20.6
4099,Brazil,Sweet potatoes,2006,116902,1761.0,238716.0,27.34
4100,Brazil,Sweet potatoes,2006,116902,1761.0,238716.0,19.35
4101,Brazil,Sweet potatoes,2006,116902,1761.0,238716.0,26.26
4102,Brazil,Sweet potatoes,2006,116902,1761.0,238716.0,24.57
4103,Brazil,Sweet potatoes,2006,116902,1761.0,238716.0,25.41
4104,Brazil,Wheat,2006,15927,1761.0,238716.0,21.82
4105,Brazil,Wheat,2006,15927,1761.0,238716.0,20.6
4106,Brazil,Wheat,2006,15927,1761.0,238716.0,18.47
4107,Brazil,Wheat,2006,15927,1761.0,238716.0,18.47
4108,Brazil,Wheat,2006,15927,1761.0,238716.0,27.76
4109,Brazil,Wheat,2006,15927,1761.0,238716.0,20.6
4110,Brazil,Wheat,2006,15927,1761.0,238716.0,27.34
4111,Brazil,Wheat,2006,15927,1761.0,238716.0,19.35
4112,Brazil,Wheat,2006,15927,1761.0,238716.0,26.26
4113,Brazil,Wheat,2006,15927,1761.0,238716.0,24.57
4114,Brazil,Wheat,2006,15927,1761.0,238716.0,25.41
4115,Brazil,Yams,2006,92308,1761.0,238716.0,21.82
4116,Brazil,Yams,2006,92308,1761.0,238716.0,20.6
4117,Brazil,Yams,2006,92308,1761.0,238716.0,18.47
4118,Brazil,Yams,2006,92308,1761.0,238716.0,18.47
4119,Brazil,Yams,2006,92308,1761.0,238716.0,27.76
4120,Brazil,Yams,2006,92308,1761.0,238716.0,20.6
4121,Brazil,Yams,2006,92308,1761.0,238716.0,27.34
4122,Brazil,Yams,2006,92308,1761.0,238716.0,19.35
4123,Brazil,Yams,2006,92308,1761.0,238716.0,26.26
4124,Brazil,Yams,2006,92308,1761.0,238716.0,24.57
4125,Brazil,Yams,2006,92308,1761.0,238716.0,25.41
4126,Brazil,Cassava,2007,140099,1761.0,304031.0,22.19
4127,Brazil,Cassava,2007,140099,1761.0,304031.0,20.93
4128,Brazil,Cassava,2007,140099,1761.0,304031.0,18.66
4129,Brazil,Cassava,2007,140099,1761.0,304031.0,18.66
4130,Brazil,Cassava,2007,140099,1761.0,304031.0,27.92
4131,Brazil,Cassava,2007,140099,1761.0,304031.0,20.93
4132,Brazil,Cassava,2007,140099,1761.0,304031.0,27.32
4133,Brazil,Cassava,2007,140099,1761.0,304031.0,19.05
4134,Brazil,Cassava,2007,140099,1761.0,304031.0,25.95
4135,Brazil,Cassava,2007,140099,1761.0,304031.0,24.78
4136,Brazil,Cassava,2007,140099,1761.0,304031.0,25.44
4137,Brazil,Maize,2007,37852,1761.0,304031.0,22.19
4138,Brazil,Maize,2007,37852,1761.0,304031.0,20.93
4139,Brazil,Maize,2007,37852,1761.0,304031.0,18.66
4140,Brazil,Maize,2007,37852,1761.0,304031.0,18.66
4141,Brazil,Maize,2007,37852,1761.0,304031.0,27.92
4142,Brazil,Maize,2007,37852,1761.0,304031.0,20.93
4143,Brazil,Maize,2007,37852,1761.0,304031.0,27.32
4144,Brazil,Maize,2007,37852,1761.0,304031.0,19.05
4145,Brazil,Maize,2007,37852,1761.0,304031.0,25.95
4146,Brazil,Maize,2007,37852,1761.0,304031.0,24.78
4147,Brazil,Maize,2007,37852,1761.0,304031.0,25.44
4148,Brazil,Potatoes,2007,240356,1761.0,304031.0,22.19
4149,Brazil,Potatoes,2007,240356,1761.0,304031.0,20.93
4150,Brazil,Potatoes,2007,240356,1761.0,304031.0,18.66
4151,Brazil,Potatoes,2007,240356,1761.0,304031.0,18.66
4152,Brazil,Potatoes,2007,240356,1761.0,304031.0,27.92
4153,Brazil,Potatoes,2007,240356,1761.0,304031.0,20.93
4154,Brazil,Potatoes,2007,240356,1761.0,304031.0,27.32
4155,Brazil,Potatoes,2007,240356,1761.0,304031.0,19.05
4156,Brazil,Potatoes,2007,240356,1761.0,304031.0,25.95
4157,Brazil,Potatoes,2007,240356,1761.0,304031.0,24.78
4158,Brazil,Potatoes,2007,240356,1761.0,304031.0,25.44
4159,Brazil,"Rice, paddy",2007,38260,1761.0,304031.0,22.19
4160,Brazil,"Rice, paddy",2007,38260,1761.0,304031.0,20.93
4161,Brazil,"Rice, paddy",2007,38260,1761.0,304031.0,18.66
4162,Brazil,"Rice, paddy",2007,38260,1761.0,304031.0,18.66
4163,Brazil,"Rice, paddy",2007,38260,1761.0,304031.0,27.92
4164,Brazil,"Rice, paddy",2007,38260,1761.0,304031.0,20.93
4165,Brazil,"Rice, paddy",2007,38260,1761.0,304031.0,27.32
4166,Brazil,"Rice, paddy",2007,38260,1761.0,304031.0,19.05
4167,Brazil,"Rice, paddy",2007,38260,1761.0,304031.0,25.95
4168,Brazil,"Rice, paddy",2007,38260,1761.0,304031.0,24.78
4169,Brazil,"Rice, paddy",2007,38260,1761.0,304031.0,25.44
4170,Brazil,Sorghum,2007,21731,1761.0,304031.0,22.19
4171,Brazil,Sorghum,2007,21731,1761.0,304031.0,20.93
4172,Brazil,Sorghum,2007,21731,1761.0,304031.0,18.66
4173,Brazil,Sorghum,2007,21731,1761.0,304031.0,18.66
4174,Brazil,Sorghum,2007,21731,1761.0,304031.0,27.92
4175,Brazil,Sorghum,2007,21731,1761.0,304031.0,20.93
4176,Brazil,Sorghum,2007,21731,1761.0,304031.0,27.32
4177,Brazil,Sorghum,2007,21731,1761.0,304031.0,19.05
4178,Brazil,Sorghum,2007,21731,1761.0,304031.0,25.95
4179,Brazil,Sorghum,2007,21731,1761.0,304031.0,24.78
4180,Brazil,Sorghum,2007,21731,1761.0,304031.0,25.44
4181,Brazil,Soybeans,2007,28133,1761.0,304031.0,22.19
4182,Brazil,Soybeans,2007,28133,1761.0,304031.0,20.93
4183,Brazil,Soybeans,2007,28133,1761.0,304031.0,18.66
4184,Brazil,Soybeans,2007,28133,1761.0,304031.0,18.66
4185,Brazil,Soybeans,2007,28133,1761.0,304031.0,27.92
4186,Brazil,Soybeans,2007,28133,1761.0,304031.0,20.93
4187,Brazil,Soybeans,2007,28133,1761.0,304031.0,27.32
4188,Brazil,Soybeans,2007,28133,1761.0,304031.0,19.05
4189,Brazil,Soybeans,2007,28133,1761.0,304031.0,25.95
4190,Brazil,Soybeans,2007,28133,1761.0,304031.0,24.78
4191,Brazil,Soybeans,2007,28133,1761.0,304031.0,25.44
4192,Brazil,Sweet potatoes,2007,120680,1761.0,304031.0,22.19
4193,Brazil,Sweet potatoes,2007,120680,1761.0,304031.0,20.93
4194,Brazil,Sweet potatoes,2007,120680,1761.0,304031.0,18.66
4195,Brazil,Sweet potatoes,2007,120680,1761.0,304031.0,18.66
4196,Brazil,Sweet potatoes,2007,120680,1761.0,304031.0,27.92
4197,Brazil,Sweet potatoes,2007,120680,1761.0,304031.0,20.93
4198,Brazil,Sweet potatoes,2007,120680,1761.0,304031.0,27.32
4199,Brazil,Sweet potatoes,2007,120680,1761.0,304031.0,19.05
4200,Brazil,Sweet potatoes,2007,120680,1761.0,304031.0,25.95
4201,Brazil,Sweet potatoes,2007,120680,1761.0,304031.0,24.78
4202,Brazil,Sweet potatoes,2007,120680,1761.0,304031.0,25.44
4203,Brazil,Wheat,2007,22199,1761.0,304031.0,22.19
4204,Brazil,Wheat,2007,22199,1761.0,304031.0,20.93
4205,Brazil,Wheat,2007,22199,1761.0,304031.0,18.66
4206,Brazil,Wheat,2007,22199,1761.0,304031.0,18.66
4207,Brazil,Wheat,2007,22199,1761.0,304031.0,27.92
4208,Brazil,Wheat,2007,22199,1761.0,304031.0,20.93
4209,Brazil,Wheat,2007,22199,1761.0,304031.0,27.32
4210,Brazil,Wheat,2007,22199,1761.0,304031.0,19.05
4211,Brazil,Wheat,2007,22199,1761.0,304031.0,25.95
4212,Brazil,Wheat,2007,22199,1761.0,304031.0,24.78
4213,Brazil,Wheat,2007,22199,1761.0,304031.0,25.44
4214,Brazil,Yams,2007,92593,1761.0,304031.0,22.19
4215,Brazil,Yams,2007,92593,1761.0,304031.0,20.93
4216,Brazil,Yams,2007,92593,1761.0,304031.0,18.66
4217,Brazil,Yams,2007,92593,1761.0,304031.0,18.66
4218,Brazil,Yams,2007,92593,1761.0,304031.0,27.92
4219,Brazil,Yams,2007,92593,1761.0,304031.0,20.93
4220,Brazil,Yams,2007,92593,1761.0,304031.0,27.32
4221,Brazil,Yams,2007,92593,1761.0,304031.0,19.05
4222,Brazil,Yams,2007,92593,1761.0,304031.0,25.95
4223,Brazil,Yams,2007,92593,1761.0,304031.0,24.78
4224,Brazil,Yams,2007,92593,1761.0,304031.0,25.44
4225,Brazil,Cassava,2008,141371,1761.0,312637.0,21.86
4226,Brazil,Cassava,2008,141371,1761.0,312637.0,20.22
4227,Brazil,Cassava,2008,141371,1761.0,312637.0,17.88
4228,Brazil,Cassava,2008,141371,1761.0,312637.0,17.88
4229,Brazil,Cassava,2008,141371,1761.0,312637.0,27.54
4230,Brazil,Cassava,2008,141371,1761.0,312637.0,20.22
4231,Brazil,Cassava,2008,141371,1761.0,312637.0,26.94
4232,Brazil,Cassava,2008,141371,1761.0,312637.0,18.8
4233,Brazil,Cassava,2008,141371,1761.0,312637.0,25.96
4234,Brazil,Cassava,2008,141371,1761.0,312637.0,24.26
4235,Brazil,Cassava,2008,141371,1761.0,312637.0,25.54
4236,Brazil,Maize,2008,40800,1761.0,312637.0,21.86
4237,Brazil,Maize,2008,40800,1761.0,312637.0,20.22
4238,Brazil,Maize,2008,40800,1761.0,312637.0,17.88
4239,Brazil,Maize,2008,40800,1761.0,312637.0,17.88
4240,Brazil,Maize,2008,40800,1761.0,312637.0,27.54
4241,Brazil,Maize,2008,40800,1761.0,312637.0,20.22
4242,Brazil,Maize,2008,40800,1761.0,312637.0,26.94
4243,Brazil,Maize,2008,40800,1761.0,312637.0,18.8
4244,Brazil,Maize,2008,40800,1761.0,312637.0,25.96
4245,Brazil,Maize,2008,40800,1761.0,312637.0,24.26
4246,Brazil,Maize,2008,40800,1761.0,312637.0,25.54
4247,Brazil,Potatoes,2008,253729,1761.0,312637.0,21.86
4248,Brazil,Potatoes,2008,253729,1761.0,312637.0,20.22
4249,Brazil,Potatoes,2008,253729,1761.0,312637.0,17.88
4250,Brazil,Potatoes,2008,253729,1761.0,312637.0,17.88
4251,Brazil,Potatoes,2008,253729,1761.0,312637.0,27.54
4252,Brazil,Potatoes,2008,253729,1761.0,312637.0,20.22
4253,Brazil,Potatoes,2008,253729,1761.0,312637.0,26.94
4254,Brazil,Potatoes,2008,253729,1761.0,312637.0,18.8
4255,Brazil,Potatoes,2008,253729,1761.0,312637.0,25.96
4256,Brazil,Potatoes,2008,253729,1761.0,312637.0,24.26
4257,Brazil,Potatoes,2008,253729,1761.0,312637.0,25.54
4258,Brazil,"Rice, paddy",2008,42311,1761.0,312637.0,21.86
4259,Brazil,"Rice, paddy",2008,42311,1761.0,312637.0,20.22
4260,Brazil,"Rice, paddy",2008,42311,1761.0,312637.0,17.88
4261,Brazil,"Rice, paddy",2008,42311,1761.0,312637.0,17.88
4262,Brazil,"Rice, paddy",2008,42311,1761.0,312637.0,27.54
4263,Brazil,"Rice, paddy",2008,42311,1761.0,312637.0,20.22
4264,Brazil,"Rice, paddy",2008,42311,1761.0,312637.0,26.94
4265,Brazil,"Rice, paddy",2008,42311,1761.0,312637.0,18.8
4266,Brazil,"Rice, paddy",2008,42311,1761.0,312637.0,25.96
4267,Brazil,"Rice, paddy",2008,42311,1761.0,312637.0,24.26
4268,Brazil,"Rice, paddy",2008,42311,1761.0,312637.0,25.54
4269,Brazil,Sorghum,2008,24105,1761.0,312637.0,21.86
4270,Brazil,Sorghum,2008,24105,1761.0,312637.0,20.22
4271,Brazil,Sorghum,2008,24105,1761.0,312637.0,17.88
4272,Brazil,Sorghum,2008,24105,1761.0,312637.0,17.88
4273,Brazil,Sorghum,2008,24105,1761.0,312637.0,27.54
4274,Brazil,Sorghum,2008,24105,1761.0,312637.0,20.22
4275,Brazil,Sorghum,2008,24105,1761.0,312637.0,26.94
4276,Brazil,Sorghum,2008,24105,1761.0,312637.0,18.8
4277,Brazil,Sorghum,2008,24105,1761.0,312637.0,25.96
4278,Brazil,Sorghum,2008,24105,1761.0,312637.0,24.26
4279,Brazil,Sorghum,2008,24105,1761.0,312637.0,25.54
4280,Brazil,Soybeans,2008,28162,1761.0,312637.0,21.86
4281,Brazil,Soybeans,2008,28162,1761.0,312637.0,20.22
4282,Brazil,Soybeans,2008,28162,1761.0,312637.0,17.88
4283,Brazil,Soybeans,2008,28162,1761.0,312637.0,17.88
4284,Brazil,Soybeans,2008,28162,1761.0,312637.0,27.54
4285,Brazil,Soybeans,2008,28162,1761.0,312637.0,20.22
4286,Brazil,Soybeans,2008,28162,1761.0,312637.0,26.94
4287,Brazil,Soybeans,2008,28162,1761.0,312637.0,18.8
4288,Brazil,Soybeans,2008,28162,1761.0,312637.0,25.96
4289,Brazil,Soybeans,2008,28162,1761.0,312637.0,24.26
4290,Brazil,Soybeans,2008,28162,1761.0,312637.0,25.54
4291,Brazil,Sweet potatoes,2008,120398,1761.0,312637.0,21.86
4292,Brazil,Sweet potatoes,2008,120398,1761.0,312637.0,20.22
4293,Brazil,Sweet potatoes,2008,120398,1761.0,312637.0,17.88
4294,Brazil,Sweet potatoes,2008,120398,1761.0,312637.0,17.88
4295,Brazil,Sweet potatoes,2008,120398,1761.0,312637.0,27.54
4296,Brazil,Sweet potatoes,2008,120398,1761.0,312637.0,20.22
4297,Brazil,Sweet potatoes,2008,120398,1761.0,312637.0,26.94
4298,Brazil,Sweet potatoes,2008,120398,1761.0,312637.0,18.8
4299,Brazil,Sweet potatoes,2008,120398,1761.0,312637.0,25.96
4300,Brazil,Sweet potatoes,2008,120398,1761.0,312637.0,24.26
4301,Brazil,Sweet potatoes,2008,120398,1761.0,312637.0,25.54
4302,Brazil,Wheat,2008,25497,1761.0,312637.0,21.86
4303,Brazil,Wheat,2008,25497,1761.0,312637.0,20.22
4304,Brazil,Wheat,2008,25497,1761.0,312637.0,17.88
4305,Brazil,Wheat,2008,25497,1761.0,312637.0,17.88
4306,Brazil,Wheat,2008,25497,1761.0,312637.0,27.54
4307,Brazil,Wheat,2008,25497,1761.0,312637.0,20.22
4308,Brazil,Wheat,2008,25497,1761.0,312637.0,26.94
4309,Brazil,Wheat,2008,25497,1761.0,312637.0,18.8
4310,Brazil,Wheat,2008,25497,1761.0,312637.0,25.96
4311,Brazil,Wheat,2008,25497,1761.0,312637.0,24.26
4312,Brazil,Wheat,2008,25497,1761.0,312637.0,25.54
4313,Brazil,Yams,2008,93753,1761.0,312637.0,21.86
4314,Brazil,Yams,2008,93753,1761.0,312637.0,20.22
4315,Brazil,Yams,2008,93753,1761.0,312637.0,17.88
4316,Brazil,Yams,2008,93753,1761.0,312637.0,17.88
4317,Brazil,Yams,2008,93753,1761.0,312637.0,27.54
4318,Brazil,Yams,2008,93753,1761.0,312637.0,20.22
4319,Brazil,Yams,2008,93753,1761.0,312637.0,26.94
4320,Brazil,Yams,2008,93753,1761.0,312637.0,18.8
4321,Brazil,Yams,2008,93753,1761.0,312637.0,25.96
4322,Brazil,Yams,2008,93753,1761.0,312637.0,24.26
4323,Brazil,Yams,2008,93753,1761.0,312637.0,25.54
4324,Brazil,Cassava,2009,138613,1761.0,335742.0,22.25
4325,Brazil,Cassava,2009,138613,1761.0,335742.0,20.78
4326,Brazil,Cassava,2009,138613,1761.0,335742.0,18.38
4327,Brazil,Cassava,2009,138613,1761.0,335742.0,18.38
4328,Brazil,Cassava,2009,138613,1761.0,335742.0,27.39
4329,Brazil,Cassava,2009,138613,1761.0,335742.0,20.78
4330,Brazil,Cassava,2009,138613,1761.0,335742.0,27.39
4331,Brazil,Cassava,2009,138613,1761.0,335742.0,18.84
4332,Brazil,Cassava,2009,138613,1761.0,335742.0,26.3
4333,Brazil,Cassava,2009,138613,1761.0,335742.0,24.98
4334,Brazil,Cassava,2009,138613,1761.0,335742.0,26.0
4335,Brazil,Maize,2009,37145,1761.0,335742.0,22.25
4336,Brazil,Maize,2009,37145,1761.0,335742.0,20.78
4337,Brazil,Maize,2009,37145,1761.0,335742.0,18.38
4338,Brazil,Maize,2009,37145,1761.0,335742.0,18.38
4339,Brazil,Maize,2009,37145,1761.0,335742.0,27.39
4340,Brazil,Maize,2009,37145,1761.0,335742.0,20.78
4341,Brazil,Maize,2009,37145,1761.0,335742.0,27.39
4342,Brazil,Maize,2009,37145,1761.0,335742.0,18.84
4343,Brazil,Maize,2009,37145,1761.0,335742.0,26.3
4344,Brazil,Maize,2009,37145,1761.0,335742.0,24.98
4345,Brazil,Maize,2009,37145,1761.0,335742.0,26.0
4346,Brazil,Potatoes,2009,248299,1761.0,335742.0,22.25
4347,Brazil,Potatoes,2009,248299,1761.0,335742.0,20.78
4348,Brazil,Potatoes,2009,248299,1761.0,335742.0,18.38
4349,Brazil,Potatoes,2009,248299,1761.0,335742.0,18.38
4350,Brazil,Potatoes,2009,248299,1761.0,335742.0,27.39
4351,Brazil,Potatoes,2009,248299,1761.0,335742.0,20.78
4352,Brazil,Potatoes,2009,248299,1761.0,335742.0,27.39
4353,Brazil,Potatoes,2009,248299,1761.0,335742.0,18.84
4354,Brazil,Potatoes,2009,248299,1761.0,335742.0,26.3
4355,Brazil,Potatoes,2009,248299,1761.0,335742.0,24.98
4356,Brazil,Potatoes,2009,248299,1761.0,335742.0,26.0
4357,Brazil,"Rice, paddy",2009,44049,1761.0,335742.0,22.25
4358,Brazil,"Rice, paddy",2009,44049,1761.0,335742.0,20.78
4359,Brazil,"Rice, paddy",2009,44049,1761.0,335742.0,18.38
4360,Brazil,"Rice, paddy",2009,44049,1761.0,335742.0,18.38
4361,Brazil,"Rice, paddy",2009,44049,1761.0,335742.0,27.39
4362,Brazil,"Rice, paddy",2009,44049,1761.0,335742.0,20.78
4363,Brazil,"Rice, paddy",2009,44049,1761.0,335742.0,27.39
4364,Brazil,"Rice, paddy",2009,44049,1761.0,335742.0,18.84
4365,Brazil,"Rice, paddy",2009,44049,1761.0,335742.0,26.3
4366,Brazil,"Rice, paddy",2009,44049,1761.0,335742.0,24.98
4367,Brazil,"Rice, paddy",2009,44049,1761.0,335742.0,26.0
4368,Brazil,Sorghum,2009,23378,1761.0,335742.0,22.25
4369,Brazil,Sorghum,2009,23378,1761.0,335742.0,20.78
4370,Brazil,Sorghum,2009,23378,1761.0,335742.0,18.38
4371,Brazil,Sorghum,2009,23378,1761.0,335742.0,18.38
4372,Brazil,Sorghum,2009,23378,1761.0,335742.0,27.39
4373,Brazil,Sorghum,2009,23378,1761.0,335742.0,20.78
4374,Brazil,Sorghum,2009,23378,1761.0,335742.0,27.39
4375,Brazil,Sorghum,2009,23378,1761.0,335742.0,18.84
4376,Brazil,Sorghum,2009,23378,1761.0,335742.0,26.3
4377,Brazil,Sorghum,2009,23378,1761.0,335742.0,24.98
4378,Brazil,Sorghum,2009,23378,1761.0,335742.0,26.0
4379,Brazil,Soybeans,2009,26365,1761.0,335742.0,22.25
4380,Brazil,Soybeans,2009,26365,1761.0,335742.0,20.78
4381,Brazil,Soybeans,2009,26365,1761.0,335742.0,18.38
4382,Brazil,Soybeans,2009,26365,1761.0,335742.0,18.38
4383,Brazil,Soybeans,2009,26365,1761.0,335742.0,27.39
4384,Brazil,Soybeans,2009,26365,1761.0,335742.0,20.78
4385,Brazil,Soybeans,2009,26365,1761.0,335742.0,27.39
4386,Brazil,Soybeans,2009,26365,1761.0,335742.0,18.84
4387,Brazil,Soybeans,2009,26365,1761.0,335742.0,26.3
4388,Brazil,Soybeans,2009,26365,1761.0,335742.0,24.98
4389,Brazil,Soybeans,2009,26365,1761.0,335742.0,26.0
4390,Brazil,Sweet potatoes,2009,113035,1761.0,335742.0,22.25
4391,Brazil,Sweet potatoes,2009,113035,1761.0,335742.0,20.78
4392,Brazil,Sweet potatoes,2009,113035,1761.0,335742.0,18.38
4393,Brazil,Sweet potatoes,2009,113035,1761.0,335742.0,18.38
4394,Brazil,Sweet potatoes,2009,113035,1761.0,335742.0,27.39
4395,Brazil,Sweet potatoes,2009,113035,1761.0,335742.0,20.78
4396,Brazil,Sweet potatoes,2009,113035,1761.0,335742.0,27.39
4397,Brazil,Sweet potatoes,2009,113035,1761.0,335742.0,18.84
4398,Brazil,Sweet potatoes,2009,113035,1761.0,335742.0,26.3
4399,Brazil,Sweet potatoes,2009,113035,1761.0,335742.0,24.98
4400,Brazil,Sweet potatoes,2009,113035,1761.0,335742.0,26.0
4401,Brazil,Wheat,2009,20802,1761.0,335742.0,22.25
4402,Brazil,Wheat,2009,20802,1761.0,335742.0,20.78
4403,Brazil,Wheat,2009,20802,1761.0,335742.0,18.38
4404,Brazil,Wheat,2009,20802,1761.0,335742.0,18.38
4405,Brazil,Wheat,2009,20802,1761.0,335742.0,27.39
4406,Brazil,Wheat,2009,20802,1761.0,335742.0,20.78
4407,Brazil,Wheat,2009,20802,1761.0,335742.0,27.39
4408,Brazil,Wheat,2009,20802,1761.0,335742.0,18.84
4409,Brazil,Wheat,2009,20802,1761.0,335742.0,26.3
4410,Brazil,Wheat,2009,20802,1761.0,335742.0,24.98
4411,Brazil,Wheat,2009,20802,1761.0,335742.0,26.0
4412,Brazil,Yams,2009,94599,1761.0,335742.0,22.25
4413,Brazil,Yams,2009,94599,1761.0,335742.0,20.78
4414,Brazil,Yams,2009,94599,1761.0,335742.0,18.38
4415,Brazil,Yams,2009,94599,1761.0,335742.0,18.38
4416,Brazil,Yams,2009,94599,1761.0,335742.0,27.39
4417,Brazil,Yams,2009,94599,1761.0,335742.0,20.78
4418,Brazil,Yams,2009,94599,1761.0,335742.0,27.39
4419,Brazil,Yams,2009,94599,1761.0,335742.0,18.84
4420,Brazil,Yams,2009,94599,1761.0,335742.0,26.3
4421,Brazil,Yams,2009,94599,1761.0,335742.0,24.98
4422,Brazil,Yams,2009,94599,1761.0,335742.0,26.0
4423,Brazil,Cassava,2010,139499,1761.0,342580.0,22.12
4424,Brazil,Cassava,2010,139499,1761.0,342580.0,20.72
4425,Brazil,Cassava,2010,139499,1761.0,342580.0,18.18
4426,Brazil,Cassava,2010,139499,1761.0,342580.0,18.18
4427,Brazil,Cassava,2010,139499,1761.0,342580.0,28.18
4428,Brazil,Cassava,2010,139499,1761.0,342580.0,20.72
4429,Brazil,Cassava,2010,139499,1761.0,342580.0,27.56
4430,Brazil,Cassava,2010,139499,1761.0,342580.0,19.01
4431,Brazil,Cassava,2010,139499,1761.0,342580.0,26.3
4432,Brazil,Cassava,2010,139499,1761.0,342580.0,24.95
4433,Brazil,Cassava,2010,139499,1761.0,342580.0,25.78
4434,Brazil,Maize,2010,43667,1761.0,342580.0,22.12
4435,Brazil,Maize,2010,43667,1761.0,342580.0,20.72
4436,Brazil,Maize,2010,43667,1761.0,342580.0,18.18
4437,Brazil,Maize,2010,43667,1761.0,342580.0,18.18
4438,Brazil,Maize,2010,43667,1761.0,342580.0,28.18
4439,Brazil,Maize,2010,43667,1761.0,342580.0,20.72
4440,Brazil,Maize,2010,43667,1761.0,342580.0,27.56
4441,Brazil,Maize,2010,43667,1761.0,342580.0,19.01
4442,Brazil,Maize,2010,43667,1761.0,342580.0,26.3
4443,Brazil,Maize,2010,43667,1761.0,342580.0,24.95
4444,Brazil,Maize,2010,43667,1761.0,342580.0,25.78
4445,Brazil,Potatoes,2010,258859,1761.0,342580.0,22.12
4446,Brazil,Potatoes,2010,258859,1761.0,342580.0,20.72
4447,Brazil,Potatoes,2010,258859,1761.0,342580.0,18.18
4448,Brazil,Potatoes,2010,258859,1761.0,342580.0,18.18
4449,Brazil,Potatoes,2010,258859,1761.0,342580.0,28.18
4450,Brazil,Potatoes,2010,258859,1761.0,342580.0,20.72
4451,Brazil,Potatoes,2010,258859,1761.0,342580.0,27.56
4452,Brazil,Potatoes,2010,258859,1761.0,342580.0,19.01
4453,Brazil,Potatoes,2010,258859,1761.0,342580.0,26.3
4454,Brazil,Potatoes,2010,258859,1761.0,342580.0,24.95
4455,Brazil,Potatoes,2010,258859,1761.0,342580.0,25.78
4456,Brazil,"Rice, paddy",2010,41271,1761.0,342580.0,22.12
4457,Brazil,"Rice, paddy",2010,41271,1761.0,342580.0,20.72
4458,Brazil,"Rice, paddy",2010,41271,1761.0,342580.0,18.18
4459,Brazil,"Rice, paddy",2010,41271,1761.0,342580.0,18.18
4460,Brazil,"Rice, paddy",2010,41271,1761.0,342580.0,28.18
4461,Brazil,"Rice, paddy",2010,41271,1761.0,342580.0,20.72
4462,Brazil,"Rice, paddy",2010,41271,1761.0,342580.0,27.56
4463,Brazil,"Rice, paddy",2010,41271,1761.0,342580.0,19.01
4464,Brazil,"Rice, paddy",2010,41271,1761.0,342580.0,26.3
4465,Brazil,"Rice, paddy",2010,41271,1761.0,342580.0,24.95
4466,Brazil,"Rice, paddy",2010,41271,1761.0,342580.0,25.78
4467,Brazil,Sorghum,2010,23172,1761.0,342580.0,22.12
4468,Brazil,Sorghum,2010,23172,1761.0,342580.0,20.72
4469,Brazil,Sorghum,2010,23172,1761.0,342580.0,18.18
4470,Brazil,Sorghum,2010,23172,1761.0,342580.0,18.18
4471,Brazil,Sorghum,2010,23172,1761.0,342580.0,28.18
4472,Brazil,Sorghum,2010,23172,1761.0,342580.0,20.72
4473,Brazil,Sorghum,2010,23172,1761.0,342580.0,27.56
4474,Brazil,Sorghum,2010,23172,1761.0,342580.0,19.01
4475,Brazil,Sorghum,2010,23172,1761.0,342580.0,26.3
4476,Brazil,Sorghum,2010,23172,1761.0,342580.0,24.95
4477,Brazil,Sorghum,2010,23172,1761.0,342580.0,25.78
4478,Brazil,Soybeans,2010,29475,1761.0,342580.0,22.12
4479,Brazil,Soybeans,2010,29475,1761.0,342580.0,20.72
4480,Brazil,Soybeans,2010,29475,1761.0,342580.0,18.18
4481,Brazil,Soybeans,2010,29475,1761.0,342580.0,18.18
4482,Brazil,Soybeans,2010,29475,1761.0,342580.0,28.18
4483,Brazil,Soybeans,2010,29475,1761.0,342580.0,20.72
4484,Brazil,Soybeans,2010,29475,1761.0,342580.0,27.56
4485,Brazil,Soybeans,2010,29475,1761.0,342580.0,19.01
4486,Brazil,Soybeans,2010,29475,1761.0,342580.0,26.3
4487,Brazil,Soybeans,2010,29475,1761.0,342580.0,24.95
4488,Brazil,Soybeans,2010,29475,1761.0,342580.0,25.78
4489,Brazil,Sweet potatoes,2010,118459,1761.0,342580.0,22.12
4490,Brazil,Sweet potatoes,2010,118459,1761.0,342580.0,20.72
4491,Brazil,Sweet potatoes,2010,118459,1761.0,342580.0,18.18
4492,Brazil,Sweet potatoes,2010,118459,1761.0,342580.0,18.18
4493,Brazil,Sweet potatoes,2010,118459,1761.0,342580.0,28.18
4494,Brazil,Sweet potatoes,2010,118459,1761.0,342580.0,20.72
4495,Brazil,Sweet potatoes,2010,118459,1761.0,342580.0,27.56
4496,Brazil,Sweet potatoes,2010,118459,1761.0,342580.0,19.01
4497,Brazil,Sweet potatoes,2010,118459,1761.0,342580.0,26.3
4498,Brazil,Sweet potatoes,2010,118459,1761.0,342580.0,24.95
4499,Brazil,Sweet potatoes,2010,118459,1761.0,342580.0,25.78
4500,Brazil,Wheat,2010,28288,1761.0,342580.0,22.12
4501,Brazil,Wheat,2010,28288,1761.0,342580.0,20.72
4502,Brazil,Wheat,2010,28288,1761.0,342580.0,18.18
4503,Brazil,Wheat,2010,28288,1761.0,342580.0,18.18
4504,Brazil,Wheat,2010,28288,1761.0,342580.0,28.18
4505,Brazil,Wheat,2010,28288,1761.0,342580.0,20.72
4506,Brazil,Wheat,2010,28288,1761.0,342580.0,27.56
4507,Brazil,Wheat,2010,28288,1761.0,342580.0,19.01
4508,Brazil,Wheat,2010,28288,1761.0,342580.0,26.3
4509,Brazil,Wheat,2010,28288,1761.0,342580.0,24.95
4510,Brazil,Wheat,2010,28288,1761.0,342580.0,25.78
4511,Brazil,Yams,2010,95332,1761.0,342580.0,22.12
4512,Brazil,Yams,2010,95332,1761.0,342580.0,20.72
4513,Brazil,Yams,2010,95332,1761.0,342580.0,18.18
4514,Brazil,Yams,2010,95332,1761.0,342580.0,18.18
4515,Brazil,Yams,2010,95332,1761.0,342580.0,28.18
4516,Brazil,Yams,2010,95332,1761.0,342580.0,20.72
4517,Brazil,Yams,2010,95332,1761.0,342580.0,27.56
4518,Brazil,Yams,2010,95332,1761.0,342580.0,19.01
4519,Brazil,Yams,2010,95332,1761.0,342580.0,26.3
4520,Brazil,Yams,2010,95332,1761.0,342580.0,24.95
4521,Brazil,Yams,2010,95332,1761.0,342580.0,25.78
4522,Brazil,Cassava,2011,146230,1761.0,345026.0,21.74
4523,Brazil,Cassava,2011,146230,1761.0,345026.0,20.33
4524,Brazil,Cassava,2011,146230,1761.0,345026.0,18.01
4525,Brazil,Cassava,2011,146230,1761.0,345026.0,18.01
4526,Brazil,Cassava,2011,146230,1761.0,345026.0,27.36
4527,Brazil,Cassava,2011,146230,1761.0,345026.0,20.33
4528,Brazil,Cassava,2011,146230,1761.0,345026.0,27.29
4529,Brazil,Cassava,2011,146230,1761.0,345026.0,18.82
4530,Brazil,Cassava,2011,146230,1761.0,345026.0,25.89
4531,Brazil,Cassava,2011,146230,1761.0,345026.0,24.32
4532,Brazil,Cassava,2011,146230,1761.0,345026.0,25.28
4533,Brazil,Maize,2011,42107,1761.0,345026.0,21.74
4534,Brazil,Maize,2011,42107,1761.0,345026.0,20.33
4535,Brazil,Maize,2011,42107,1761.0,345026.0,18.01
4536,Brazil,Maize,2011,42107,1761.0,345026.0,18.01
4537,Brazil,Maize,2011,42107,1761.0,345026.0,27.36
4538,Brazil,Maize,2011,42107,1761.0,345026.0,20.33
4539,Brazil,Maize,2011,42107,1761.0,345026.0,27.29
4540,Brazil,Maize,2011,42107,1761.0,345026.0,18.82
4541,Brazil,Maize,2011,42107,1761.0,345026.0,25.89
4542,Brazil,Maize,2011,42107,1761.0,345026.0,24.32
4543,Brazil,Maize,2011,42107,1761.0,345026.0,25.28
4544,Brazil,Potatoes,2011,262528,1761.0,345026.0,21.74
4545,Brazil,Potatoes,2011,262528,1761.0,345026.0,20.33
4546,Brazil,Potatoes,2011,262528,1761.0,345026.0,18.01
4547,Brazil,Potatoes,2011,262528,1761.0,345026.0,18.01
4548,Brazil,Potatoes,2011,262528,1761.0,345026.0,27.36
4549,Brazil,Potatoes,2011,262528,1761.0,345026.0,20.33
4550,Brazil,Potatoes,2011,262528,1761.0,345026.0,27.29
4551,Brazil,Potatoes,2011,262528,1761.0,345026.0,18.82
4552,Brazil,Potatoes,2011,262528,1761.0,345026.0,25.89
4553,Brazil,Potatoes,2011,262528,1761.0,345026.0,24.32
4554,Brazil,Potatoes,2011,262528,1761.0,345026.0,25.28
4555,Brazil,"Rice, paddy",2011,48956,1761.0,345026.0,21.74
4556,Brazil,"Rice, paddy",2011,48956,1761.0,345026.0,20.33
4557,Brazil,"Rice, paddy",2011,48956,1761.0,345026.0,18.01
4558,Brazil,"Rice, paddy",2011,48956,1761.0,345026.0,18.01
4559,Brazil,"Rice, paddy",2011,48956,1761.0,345026.0,27.36
4560,Brazil,"Rice, paddy",2011,48956,1761.0,345026.0,20.33
4561,Brazil,"Rice, paddy",2011,48956,1761.0,345026.0,27.29
4562,Brazil,"Rice, paddy",2011,48956,1761.0,345026.0,18.82
4563,Brazil,"Rice, paddy",2011,48956,1761.0,345026.0,25.89
4564,Brazil,"Rice, paddy",2011,48956,1761.0,345026.0,24.32
4565,Brazil,"Rice, paddy",2011,48956,1761.0,345026.0,25.28
4566,Brazil,Sorghum,2011,25497,1761.0,345026.0,21.74
4567,Brazil,Sorghum,2011,25497,1761.0,345026.0,20.33
4568,Brazil,Sorghum,2011,25497,1761.0,345026.0,18.01
4569,Brazil,Sorghum,2011,25497,1761.0,345026.0,18.01
4570,Brazil,Sorghum,2011,25497,1761.0,345026.0,27.36
4571,Brazil,Sorghum,2011,25497,1761.0,345026.0,20.33
4572,Brazil,Sorghum,2011,25497,1761.0,345026.0,27.29
4573,Brazil,Sorghum,2011,25497,1761.0,345026.0,18.82
4574,Brazil,Sorghum,2011,25497,1761.0,345026.0,25.89
4575,Brazil,Sorghum,2011,25497,1761.0,345026.0,24.32
4576,Brazil,Sorghum,2011,25497,1761.0,345026.0,25.28
4577,Brazil,Soybeans,2011,31214,1761.0,345026.0,21.74
4578,Brazil,Soybeans,2011,31214,1761.0,345026.0,20.33
4579,Brazil,Soybeans,2011,31214,1761.0,345026.0,18.01
4580,Brazil,Soybeans,2011,31214,1761.0,345026.0,18.01
4581,Brazil,Soybeans,2011,31214,1761.0,345026.0,27.36
4582,Brazil,Soybeans,2011,31214,1761.0,345026.0,20.33
4583,Brazil,Soybeans,2011,31214,1761.0,345026.0,27.29
4584,Brazil,Soybeans,2011,31214,1761.0,345026.0,18.82
4585,Brazil,Soybeans,2011,31214,1761.0,345026.0,25.89
4586,Brazil,Soybeans,2011,31214,1761.0,345026.0,24.32
4587,Brazil,Soybeans,2011,31214,1761.0,345026.0,25.28
4588,Brazil,Sweet potatoes,2011,124266,1761.0,345026.0,21.74
4589,Brazil,Sweet potatoes,2011,124266,1761.0,345026.0,20.33
4590,Brazil,Sweet potatoes,2011,124266,1761.0,345026.0,18.01
4591,Brazil,Sweet potatoes,2011,124266,1761.0,345026.0,18.01
4592,Brazil,Sweet potatoes,2011,124266,1761.0,345026.0,27.36
4593,Brazil,Sweet potatoes,2011,124266,1761.0,345026.0,20.33
4594,Brazil,Sweet potatoes,2011,124266,1761.0,345026.0,27.29
4595,Brazil,Sweet potatoes,2011,124266,1761.0,345026.0,18.82
4596,Brazil,Sweet potatoes,2011,124266,1761.0,345026.0,25.89
4597,Brazil,Sweet potatoes,2011,124266,1761.0,345026.0,24.32
4598,Brazil,Sweet potatoes,2011,124266,1761.0,345026.0,25.28
4599,Brazil,Wheat,2011,26602,1761.0,345026.0,21.74
4600,Brazil,Wheat,2011,26602,1761.0,345026.0,20.33
4601,Brazil,Wheat,2011,26602,1761.0,345026.0,18.01
4602,Brazil,Wheat,2011,26602,1761.0,345026.0,18.01
4603,Brazil,Wheat,2011,26602,1761.0,345026.0,27.36
4604,Brazil,Wheat,2011,26602,1761.0,345026.0,20.33
4605,Brazil,Wheat,2011,26602,1761.0,345026.0,27.29
4606,Brazil,Wheat,2011,26602,1761.0,345026.0,18.82
4607,Brazil,Wheat,2011,26602,1761.0,345026.0,25.89
4608,Brazil,Wheat,2011,26602,1761.0,345026.0,24.32
4609,Brazil,Wheat,2011,26602,1761.0,345026.0,25.28
4610,Brazil,Yams,2011,96414,1761.0,345026.0,21.74
4611,Brazil,Yams,2011,96414,1761.0,345026.0,20.33
4612,Brazil,Yams,2011,96414,1761.0,345026.0,18.01
4613,Brazil,Yams,2011,96414,1761.0,345026.0,18.01
4614,Brazil,Yams,2011,96414,1761.0,345026.0,27.36
4615,Brazil,Yams,2011,96414,1761.0,345026.0,20.33
4616,Brazil,Yams,2011,96414,1761.0,345026.0,27.29
4617,Brazil,Yams,2011,96414,1761.0,345026.0,18.82
4618,Brazil,Yams,2011,96414,1761.0,345026.0,25.89
4619,Brazil,Yams,2011,96414,1761.0,345026.0,24.32
4620,Brazil,Yams,2011,96414,1761.0,345026.0,25.28
4621,Brazil,Cassava,2012,136118,1761.0,346583.0,22.16
4622,Brazil,Cassava,2012,136118,1761.0,346583.0,21.02
4623,Brazil,Cassava,2012,136118,1761.0,346583.0,18.8
4624,Brazil,Cassava,2012,136118,1761.0,346583.0,18.8
4625,Brazil,Cassava,2012,136118,1761.0,346583.0,28.21
4626,Brazil,Cassava,2012,136118,1761.0,346583.0,21.02
4627,Brazil,Cassava,2012,136118,1761.0,346583.0,27.34
4628,Brazil,Cassava,2012,136118,1761.0,346583.0,19.72
4629,Brazil,Cassava,2012,136118,1761.0,346583.0,26.13
4630,Brazil,Cassava,2012,136118,1761.0,346583.0,24.84
4631,Brazil,Cassava,2012,136118,1761.0,346583.0,25.65
4632,Brazil,Maize,2012,50057,1761.0,346583.0,22.16
4633,Brazil,Maize,2012,50057,1761.0,346583.0,21.02
4634,Brazil,Maize,2012,50057,1761.0,346583.0,18.8
4635,Brazil,Maize,2012,50057,1761.0,346583.0,18.8
4636,Brazil,Maize,2012,50057,1761.0,346583.0,28.21
4637,Brazil,Maize,2012,50057,1761.0,346583.0,21.02
4638,Brazil,Maize,2012,50057,1761.0,346583.0,27.34
4639,Brazil,Maize,2012,50057,1761.0,346583.0,19.72
4640,Brazil,Maize,2012,50057,1761.0,346583.0,26.13
4641,Brazil,Maize,2012,50057,1761.0,346583.0,24.84
4642,Brazil,Maize,2012,50057,1761.0,346583.0,25.65
4643,Brazil,Potatoes,2012,274457,1761.0,346583.0,22.16
4644,Brazil,Potatoes,2012,274457,1761.0,346583.0,21.02
4645,Brazil,Potatoes,2012,274457,1761.0,346583.0,18.8
4646,Brazil,Potatoes,2012,274457,1761.0,346583.0,18.8
4647,Brazil,Potatoes,2012,274457,1761.0,346583.0,28.21
4648,Brazil,Potatoes,2012,274457,1761.0,346583.0,21.02
4649,Brazil,Potatoes,2012,274457,1761.0,346583.0,27.34
4650,Brazil,Potatoes,2012,274457,1761.0,346583.0,19.72
4651,Brazil,Potatoes,2012,274457,1761.0,346583.0,26.13
4652,Brazil,Potatoes,2012,274457,1761.0,346583.0,24.84
4653,Brazil,Potatoes,2012,274457,1761.0,346583.0,25.65
4654,Brazil,"Rice, paddy",2012,47860,1761.0,346583.0,22.16
4655,Brazil,"Rice, paddy",2012,47860,1761.0,346583.0,21.02
4656,Brazil,"Rice, paddy",2012,47860,1761.0,346583.0,18.8
4657,Brazil,"Rice, paddy",2012,47860,1761.0,346583.0,18.8
4658,Brazil,"Rice, paddy",2012,47860,1761.0,346583.0,28.21
4659,Brazil,"Rice, paddy",2012,47860,1761.0,346583.0,21.02
4660,Brazil,"Rice, paddy",2012,47860,1761.0,346583.0,27.34
4661,Brazil,"Rice, paddy",2012,47860,1761.0,346583.0,19.72
4662,Brazil,"Rice, paddy",2012,47860,1761.0,346583.0,26.13
4663,Brazil,"Rice, paddy",2012,47860,1761.0,346583.0,24.84
4664,Brazil,"Rice, paddy",2012,47860,1761.0,346583.0,25.65
4665,Brazil,Sorghum,2012,29317,1761.0,346583.0,22.16
4666,Brazil,Sorghum,2012,29317,1761.0,346583.0,21.02
4667,Brazil,Sorghum,2012,29317,1761.0,346583.0,18.8
4668,Brazil,Sorghum,2012,29317,1761.0,346583.0,18.8
4669,Brazil,Sorghum,2012,29317,1761.0,346583.0,28.21
4670,Brazil,Sorghum,2012,29317,1761.0,346583.0,21.02
4671,Brazil,Sorghum,2012,29317,1761.0,346583.0,27.34
4672,Brazil,Sorghum,2012,29317,1761.0,346583.0,19.72
4673,Brazil,Sorghum,2012,29317,1761.0,346583.0,26.13
4674,Brazil,Sorghum,2012,29317,1761.0,346583.0,24.84
4675,Brazil,Sorghum,2012,29317,1761.0,346583.0,25.65
4676,Brazil,Soybeans,2012,26366,1761.0,346583.0,22.16
4677,Brazil,Soybeans,2012,26366,1761.0,346583.0,21.02
4678,Brazil,Soybeans,2012,26366,1761.0,346583.0,18.8
4679,Brazil,Soybeans,2012,26366,1761.0,346583.0,18.8
4680,Brazil,Soybeans,2012,26366,1761.0,346583.0,28.21
4681,Brazil,Soybeans,2012,26366,1761.0,346583.0,21.02
4682,Brazil,Soybeans,2012,26366,1761.0,346583.0,27.34
4683,Brazil,Soybeans,2012,26366,1761.0,346583.0,19.72
4684,Brazil,Soybeans,2012,26366,1761.0,346583.0,26.13
4685,Brazil,Soybeans,2012,26366,1761.0,346583.0,24.84
4686,Brazil,Soybeans,2012,26366,1761.0,346583.0,25.65
4687,Brazil,Sweet potatoes,2012,121926,1761.0,346583.0,22.16
4688,Brazil,Sweet potatoes,2012,121926,1761.0,346583.0,21.02
4689,Brazil,Sweet potatoes,2012,121926,1761.0,346583.0,18.8
4690,Brazil,Sweet potatoes,2012,121926,1761.0,346583.0,18.8
4691,Brazil,Sweet potatoes,2012,121926,1761.0,346583.0,28.21
4692,Brazil,Sweet potatoes,2012,121926,1761.0,346583.0,21.02
4693,Brazil,Sweet potatoes,2012,121926,1761.0,346583.0,27.34
4694,Brazil,Sweet potatoes,2012,121926,1761.0,346583.0,19.72
4695,Brazil,Sweet potatoes,2012,121926,1761.0,346583.0,26.13
4696,Brazil,Sweet potatoes,2012,121926,1761.0,346583.0,24.84
4697,Brazil,Sweet potatoes,2012,121926,1761.0,346583.0,25.65
4698,Brazil,Wheat,2012,23100,1761.0,346583.0,22.16
4699,Brazil,Wheat,2012,23100,1761.0,346583.0,21.02
4700,Brazil,Wheat,2012,23100,1761.0,346583.0,18.8
4701,Brazil,Wheat,2012,23100,1761.0,346583.0,18.8
4702,Brazil,Wheat,2012,23100,1761.0,346583.0,28.21
4703,Brazil,Wheat,2012,23100,1761.0,346583.0,21.02
4704,Brazil,Wheat,2012,23100,1761.0,346583.0,27.34
4705,Brazil,Wheat,2012,23100,1761.0,346583.0,19.72
4706,Brazil,Wheat,2012,23100,1761.0,346583.0,26.13
4707,Brazil,Wheat,2012,23100,1761.0,346583.0,24.84
4708,Brazil,Wheat,2012,23100,1761.0,346583.0,25.65
4709,Brazil,Yams,2012,97619,1761.0,346583.0,22.16
4710,Brazil,Yams,2012,97619,1761.0,346583.0,21.02
4711,Brazil,Yams,2012,97619,1761.0,346583.0,18.8
4712,Brazil,Yams,2012,97619,1761.0,346583.0,18.8
4713,Brazil,Yams,2012,97619,1761.0,346583.0,28.21
4714,Brazil,Yams,2012,97619,1761.0,346583.0,21.02
4715,Brazil,Yams,2012,97619,1761.0,346583.0,27.34
4716,Brazil,Yams,2012,97619,1761.0,346583.0,19.72
4717,Brazil,Yams,2012,97619,1761.0,346583.0,26.13
4718,Brazil,Yams,2012,97619,1761.0,346583.0,24.84
4719,Brazil,Yams,2012,97619,1761.0,346583.0,25.65
4720,Brazil,Cassava,2013,140795,1761.0,367778.0,21.59
4721,Brazil,Cassava,2013,140795,1761.0,367778.0,20.07
4722,Brazil,Cassava,2013,140795,1761.0,367778.0,17.57
4723,Brazil,Cassava,2013,140795,1761.0,367778.0,17.57
4724,Brazil,Cassava,2013,140795,1761.0,367778.0,27.71
4725,Brazil,Cassava,2013,140795,1761.0,367778.0,20.07
4726,Brazil,Cassava,2013,140795,1761.0,367778.0,27.11
4727,Brazil,Cassava,2013,140795,1761.0,367778.0,17.84
4728,Brazil,Cassava,2013,140795,1761.0,367778.0,26.4
4729,Brazil,Cassava,2013,140795,1761.0,367778.0,25.19
4730,Brazil,Cassava,2013,140795,1761.0,367778.0,26.14
4731,Brazil,Maize,2013,52536,1761.0,367778.0,21.59
4732,Brazil,Maize,2013,52536,1761.0,367778.0,20.07
4733,Brazil,Maize,2013,52536,1761.0,367778.0,17.57
4734,Brazil,Maize,2013,52536,1761.0,367778.0,17.57
4735,Brazil,Maize,2013,52536,1761.0,367778.0,27.71
4736,Brazil,Maize,2013,52536,1761.0,367778.0,20.07
4737,Brazil,Maize,2013,52536,1761.0,367778.0,27.11
4738,Brazil,Maize,2013,52536,1761.0,367778.0,17.84
4739,Brazil,Maize,2013,52536,1761.0,367778.0,26.4
4740,Brazil,Maize,2013,52536,1761.0,367778.0,25.19
4741,Brazil,Maize,2013,52536,1761.0,367778.0,26.14
4742,Brazil,Potatoes,2013,277517,1761.0,367778.0,21.59
4743,Brazil,Potatoes,2013,277517,1761.0,367778.0,20.07
4744,Brazil,Potatoes,2013,277517,1761.0,367778.0,17.57
4745,Brazil,Potatoes,2013,277517,1761.0,367778.0,17.57
4746,Brazil,Potatoes,2013,277517,1761.0,367778.0,27.71
4747,Brazil,Potatoes,2013,277517,1761.0,367778.0,20.07
4748,Brazil,Potatoes,2013,277517,1761.0,367778.0,27.11
4749,Brazil,Potatoes,2013,277517,1761.0,367778.0,17.84
4750,Brazil,Potatoes,2013,277517,1761.0,367778.0,26.4
4751,Brazil,Potatoes,2013,277517,1761.0,367778.0,25.19
4752,Brazil,Potatoes,2013,277517,1761.0,367778.0,26.14
4753,Brazil,"Rice, paddy",2013,50071,1761.0,367778.0,21.59
4754,Brazil,"Rice, paddy",2013,50071,1761.0,367778.0,20.07
4755,Brazil,"Rice, paddy",2013,50071,1761.0,367778.0,17.57
4756,Brazil,"Rice, paddy",2013,50071,1761.0,367778.0,17.57
4757,Brazil,"Rice, paddy",2013,50071,1761.0,367778.0,27.71
4758,Brazil,"Rice, paddy",2013,50071,1761.0,367778.0,20.07
4759,Brazil,"Rice, paddy",2013,50071,1761.0,367778.0,27.11
4760,Brazil,"Rice, paddy",2013,50071,1761.0,367778.0,17.84
4761,Brazil,"Rice, paddy",2013,50071,1761.0,367778.0,26.4
4762,Brazil,"Rice, paddy",2013,50071,1761.0,367778.0,25.19
4763,Brazil,"Rice, paddy",2013,50071,1761.0,367778.0,26.14
4764,Brazil,Sorghum,2013,26817,1761.0,367778.0,21.59
4765,Brazil,Sorghum,2013,26817,1761.0,367778.0,20.07
4766,Brazil,Sorghum,2013,26817,1761.0,367778.0,17.57
4767,Brazil,Sorghum,2013,26817,1761.0,367778.0,17.57
4768,Brazil,Sorghum,2013,26817,1761.0,367778.0,27.71
4769,Brazil,Sorghum,2013,26817,1761.0,367778.0,20.07
4770,Brazil,Sorghum,2013,26817,1761.0,367778.0,27.11
4771,Brazil,Sorghum,2013,26817,1761.0,367778.0,17.84
4772,Brazil,Sorghum,2013,26817,1761.0,367778.0,26.4
4773,Brazil,Sorghum,2013,26817,1761.0,367778.0,25.19
4774,Brazil,Sorghum,2013,26817,1761.0,367778.0,26.14
4775,Brazil,Soybeans,2013,29285,1761.0,367778.0,21.59
4776,Brazil,Soybeans,2013,29285,1761.0,367778.0,20.07
4777,Brazil,Soybeans,2013,29285,1761.0,367778.0,17.57
4778,Brazil,Soybeans,2013,29285,1761.0,367778.0,17.57
4779,Brazil,Soybeans,2013,29285,1761.0,367778.0,27.71
4780,Brazil,Soybeans,2013,29285,1761.0,367778.0,20.07
4781,Brazil,Soybeans,2013,29285,1761.0,367778.0,27.11
4782,Brazil,Soybeans,2013,29285,1761.0,367778.0,17.84
4783,Brazil,Soybeans,2013,29285,1761.0,367778.0,26.4
4784,Brazil,Soybeans,2013,29285,1761.0,367778.0,25.19
4785,Brazil,Soybeans,2013,29285,1761.0,367778.0,26.14
4786,Brazil,Sweet potatoes,2013,130913,1761.0,367778.0,21.59
4787,Brazil,Sweet potatoes,2013,130913,1761.0,367778.0,20.07
4788,Brazil,Sweet potatoes,2013,130913,1761.0,367778.0,17.57
4789,Brazil,Sweet potatoes,2013,130913,1761.0,367778.0,17.57
4790,Brazil,Sweet potatoes,2013,130913,1761.0,367778.0,27.71
4791,Brazil,Sweet potatoes,2013,130913,1761.0,367778.0,20.07
4792,Brazil,Sweet potatoes,2013,130913,1761.0,367778.0,27.11
4793,Brazil,Sweet potatoes,2013,130913,1761.0,367778.0,17.84
4794,Brazil,Sweet potatoes,2013,130913,1761.0,367778.0,26.4
4795,Brazil,Sweet potatoes,2013,130913,1761.0,367778.0,25.19
4796,Brazil,Sweet potatoes,2013,130913,1761.0,367778.0,26.14
4797,Brazil,Wheat,2013,27491,1761.0,367778.0,21.59
4798,Brazil,Wheat,2013,27491,1761.0,367778.0,20.07
4799,Brazil,Wheat,2013,27491,1761.0,367778.0,17.57
4800,Brazil,Wheat,2013,27491,1761.0,367778.0,17.57
4801,Brazil,Wheat,2013,27491,1761.0,367778.0,27.71
4802,Brazil,Wheat,2013,27491,1761.0,367778.0,20.07
4803,Brazil,Wheat,2013,27491,1761.0,367778.0,27.11
4804,Brazil,Wheat,2013,27491,1761.0,367778.0,17.84
4805,Brazil,Wheat,2013,27491,1761.0,367778.0,26.4
4806,Brazil,Wheat,2013,27491,1761.0,367778.0,25.19
4807,Brazil,Wheat,2013,27491,1761.0,367778.0,26.14
4808,Brazil,Yams,2013,96078,1761.0,367778.0,21.59
4809,Brazil,Yams,2013,96078,1761.0,367778.0,20.07
4810,Brazil,Yams,2013,96078,1761.0,367778.0,17.57
4811,Brazil,Yams,2013,96078,1761.0,367778.0,17.57
4812,Brazil,Yams,2013,96078,1761.0,367778.0,27.71
4813,Brazil,Yams,2013,96078,1761.0,367778.0,20.07
4814,Brazil,Yams,2013,96078,1761.0,367778.0,27.11
4815,Brazil,Yams,2013,96078,1761.0,367778.0,17.84
4816,Brazil,Yams,2013,96078,1761.0,367778.0,26.4
4817,Brazil,Yams,2013,96078,1761.0,367778.0,25.19
4818,Brazil,Yams,2013,96078,1761.0,367778.0,26.14
4819,Bulgaria,Maize,1990,28771,608.0,3906.0,9.51
4820,Bulgaria,Potatoes,1990,104986,608.0,3906.0,9.51
4821,Bulgaria,"Rice, paddy",1990,23785,608.0,3906.0,9.51
4822,Bulgaria,Sorghum,1990,17778,608.0,3906.0,9.51
4823,Bulgaria,Soybeans,1990,8830,608.0,3906.0,9.51
4824,Bulgaria,Wheat,1990,45514,608.0,3906.0,9.51
4825,Bulgaria,Maize,1991,49551,608.0,3906.0,8.14
4826,Bulgaria,Potatoes,1991,117017,608.0,3906.0,8.14
4827,Bulgaria,"Rice, paddy",1991,25397,608.0,3906.0,8.14
4828,Bulgaria,Sorghum,1991,17897,608.0,3906.0,8.14
4829,Bulgaria,Soybeans,1991,18800,608.0,3906.0,8.14
4830,Bulgaria,Wheat,1991,37480,608.0,3906.0,8.14
4831,Bulgaria,Maize,1992,28128,608.0,3906.0,9.07
4832,Bulgaria,Potatoes,1992,118262,608.0,3906.0,9.07
4833,Bulgaria,"Rice, paddy",1992,32042,608.0,3906.0,9.07
4834,Bulgaria,Sorghum,1992,17965,608.0,3906.0,9.07
4835,Bulgaria,Soybeans,1992,8070,608.0,3906.0,9.07
4836,Bulgaria,Wheat,1992,31071,608.0,3906.0,9.07
4837,Bulgaria,Maize,1993,18609,608.0,3777.25,9.0
4838,Bulgaria,Potatoes,1993,90807,608.0,3777.25,9.0
4839,Bulgaria,"Rice, paddy",1993,34761,608.0,3777.25,9.0
4840,Bulgaria,Sorghum,1993,17297,608.0,3777.25,9.0
4841,Bulgaria,Soybeans,1993,6742,608.0,3777.25,9.0
4842,Bulgaria,Wheat,1993,28580,608.0,3777.25,9.0
4843,Bulgaria,Maize,1994,28056,608.0,3648.5,10.23
4844,Bulgaria,Potatoes,1994,105070,608.0,3648.5,10.23
4845,Bulgaria,"Rice, paddy",1994,37195,608.0,3648.5,10.23
4846,Bulgaria,Sorghum,1994,17368,608.0,3648.5,10.23
4847,Bulgaria,Soybeans,1994,9402,608.0,3648.5,10.23
4848,Bulgaria,Wheat,1994,28447,608.0,3648.5,10.23
4849,Bulgaria,Maize,1995,38237,608.0,3519.75,8.69
4850,Bulgaria,Potatoes,1995,116617,608.0,3519.75,8.69
4851,Bulgaria,"Rice, paddy",1995,36116,608.0,3519.75,8.69
4852,Bulgaria,Sorghum,1995,14583,608.0,3519.75,8.69
4853,Bulgaria,Soybeans,1995,9043,608.0,3519.75,8.69
4854,Bulgaria,Wheat,1995,29085,608.0,3519.75,8.69
4855,Bulgaria,Maize,1996,21810,608.0,3391.0,8.44
4856,Bulgaria,Potatoes,1996,80623,608.0,3391.0,8.44
4857,Bulgaria,"Rice, paddy",1996,33891,608.0,3391.0,8.44
4858,Bulgaria,Sorghum,1996,13158,608.0,3391.0,8.44
4859,Bulgaria,Soybeans,1996,5742,608.0,3391.0,8.44
4860,Bulgaria,Wheat,1996,18818,608.0,3391.0,8.44
4861,Bulgaria,Maize,1997,35782,608.0,3262.25,8.26
4862,Bulgaria,Potatoes,1997,104537,608.0,3262.25,8.26
4863,Bulgaria,"Rice, paddy",1997,29871,608.0,3262.25,8.26
4864,Bulgaria,Sorghum,1997,25429,608.0,3262.25,8.26
4865,Bulgaria,Soybeans,1997,9750,608.0,3262.25,8.26
4866,Bulgaria,Wheat,1997,29502,608.0,3262.25,8.26
4867,Bulgaria,Maize,1998,27318,608.0,3133.5,9.16
4868,Bulgaria,Potatoes,1998,94041,608.0,3133.5,9.16
4869,Bulgaria,"Rice, paddy",1998,31467,608.0,3133.5,9.16
4870,Bulgaria,Sorghum,1998,23235,608.0,3133.5,9.16
4871,Bulgaria,Soybeans,1998,5379,608.0,3133.5,9.16
4872,Bulgaria,Wheat,1998,28058,608.0,3133.5,9.16
4873,Bulgaria,Maize,1999,38239,608.0,3004.75,9.67
4874,Bulgaria,Potatoes,1999,108475,608.0,3004.75,9.67
4875,Bulgaria,"Rice, paddy",1999,49400,608.0,3004.75,9.67
4876,Bulgaria,Sorghum,1999,27500,608.0,3004.75,9.67
4877,Bulgaria,Soybeans,1999,8333,608.0,3004.75,9.67
4878,Bulgaria,Wheat,1999,27352,608.0,3004.75,9.67
4879,Bulgaria,Maize,2000,17239,608.0,2876.0,9.9
4880,Bulgaria,Potatoes,2000,75262,608.0,2876.0,9.9
4881,Bulgaria,"Rice, paddy",2000,47001,608.0,2876.0,9.9
4882,Bulgaria,Sorghum,2000,20732,608.0,2876.0,9.9
4883,Bulgaria,Soybeans,2000,6667,608.0,2876.0,9.9
4884,Bulgaria,Wheat,2000,28421,608.0,2876.0,9.9
4885,Bulgaria,Maize,2001,24713,608.0,2747.25,9.55
4886,Bulgaria,Potatoes,2001,123921,608.0,2747.25,9.55
4887,Bulgaria,"Rice, paddy",2001,48001,608.0,2747.25,9.55
4888,Bulgaria,Sorghum,2001,20698,608.0,2747.25,9.55
4889,Bulgaria,Soybeans,2001,10000,608.0,2747.25,9.55
4890,Bulgaria,Wheat,2001,30081,608.0,2747.25,9.55
4891,Bulgaria,Maize,2002,42364,608.0,2618.5,9.6
4892,Bulgaria,Potatoes,2002,120894,608.0,2618.5,9.6
4893,Bulgaria,"Rice, paddy",2002,43099,608.0,2618.5,9.6
4894,Bulgaria,Sorghum,2002,21044,608.0,2618.5,9.6
4895,Bulgaria,Soybeans,2002,14299,608.0,2618.5,9.6
4896,Bulgaria,Wheat,2002,30123,608.0,2618.5,9.6
4897,Bulgaria,Maize,2004,55400,608.0,2361.0,9.18
4898,Bulgaria,Potatoes,2004,186855,608.0,2361.0,9.18
4899,Bulgaria,"Rice, paddy",2004,49596,608.0,2361.0,9.18
4900,Bulgaria,Sorghum,2004,20997,608.0,2361.0,9.18
4901,Bulgaria,Soybeans,2004,18768,608.0,2361.0,9.18
4902,Bulgaria,Wheat,2004,38100,608.0,2361.0,9.18
4903,Bulgaria,Maize,2005,53085,608.0,2232.25,8.58
4904,Bulgaria,Potatoes,2005,156448,608.0,2232.25,8.58
4905,Bulgaria,"Rice, paddy",2005,44801,608.0,2232.25,8.58
4906,Bulgaria,Sorghum,2005,20400,608.0,2232.25,8.58
4907,Bulgaria,Soybeans,2005,22239,608.0,2232.25,8.58
4908,Bulgaria,Wheat,2005,31567,608.0,2232.25,8.58
4909,Bulgaria,Maize,2006,45328,608.0,2103.5,9.08
4910,Bulgaria,Potatoes,2006,157758,608.0,2103.5,9.08
4911,Bulgaria,"Rice, paddy",2006,44080,608.0,2103.5,9.08
4912,Bulgaria,Sorghum,2006,22752,608.0,2103.5,9.08
4913,Bulgaria,Soybeans,2006,15568,608.0,2103.5,9.08
4914,Bulgaria,Wheat,2006,34026,608.0,2103.5,9.08
4915,Bulgaria,Maize,2007,61244,608.0,1974.75,10.23
4916,Bulgaria,Potatoes,2007,133197,608.0,1974.75,10.23
4917,Bulgaria,"Rice, paddy",2007,46447,608.0,1974.75,10.23
4918,Bulgaria,Sorghum,2007,11108,608.0,1974.75,10.23
4919,Bulgaria,Soybeans,2007,6018,608.0,1974.75,10.23
4920,Bulgaria,Wheat,2007,21973,608.0,1974.75,10.23
4921,Bulgaria,Maize,2008,41548,608.0,1846.0,9.9
4922,Bulgaria,Potatoes,2008,162618,608.0,1846.0,9.9
4923,Bulgaria,"Rice, paddy",2008,49621,608.0,1846.0,9.9
4924,Bulgaria,Sorghum,2008,19316,608.0,1846.0,9.9
4925,Bulgaria,Soybeans,2008,13358,608.0,1846.0,9.9
4926,Bulgaria,Wheat,2008,41674,608.0,1846.0,9.9
4927,Bulgaria,Maize,2009,47071,608.0,1717.25,9.74
4928,Bulgaria,Potatoes,2009,165508,608.0,1717.25,9.74
4929,Bulgaria,"Rice, paddy",2009,52263,608.0,1717.25,9.74
4930,Bulgaria,Sorghum,2009,24836,608.0,1717.25,9.74
4931,Bulgaria,Soybeans,2009,9662,608.0,1717.25,9.74
4932,Bulgaria,Wheat,2009,31873,608.0,1717.25,9.74
4933,Bulgaria,Maize,2010,62512,608.0,1588.5,9.65
4934,Bulgaria,Potatoes,2010,181967,608.0,1588.5,9.65
4935,Bulgaria,"Rice, paddy",2010,47952,608.0,1588.5,9.65
4936,Bulgaria,Sorghum,2010,24314,608.0,1588.5,9.65
4937,Bulgaria,Soybeans,2010,22717,608.0,1588.5,9.65
4938,Bulgaria,Wheat,2010,36185,608.0,1588.5,9.65
4939,Bulgaria,Maize,2011,55310,608.0,1459.75,9.17
4940,Bulgaria,Potatoes,2011,143236,608.0,1459.75,9.17
4941,Bulgaria,"Rice, paddy",2011,50563,608.0,1459.75,9.17
4942,Bulgaria,Sorghum,2011,19536,608.0,1459.75,9.17
4943,Bulgaria,Soybeans,2011,11565,608.0,1459.75,9.17
4944,Bulgaria,Wheat,2011,39197,608.0,1459.75,9.17
4945,Bulgaria,Maize,2012,36800,608.0,1331.0,9.99
4946,Bulgaria,Potatoes,2012,101515,608.0,1331.0,9.99
4947,Bulgaria,"Rice, paddy",2012,55605,608.0,1331.0,9.99
4948,Bulgaria,Sorghum,2012,20205,608.0,1331.0,9.99
4949,Bulgaria,Soybeans,2012,7903,608.0,1331.0,9.99
4950,Bulgaria,Wheat,2012,37596,608.0,1331.0,9.99
4951,Bulgaria,Maize,2013,63943,608.0,1197.0,11.26
4952,Bulgaria,Potatoes,2013,146125,608.0,1197.0,11.26
4953,Bulgaria,"Rice, paddy",2013,54945,608.0,1197.0,11.26
4954,Bulgaria,Sorghum,2013,26792,608.0,1197.0,11.26
4955,Bulgaria,Soybeans,2013,17976,608.0,1197.0,11.26
4956,Bulgaria,Wheat,2013,41885,608.0,1197.0,11.26
4957,Burkina Faso,Cassava,1990,29600,748.0,29.1,28.77
4958,Burkina Faso,Maize,1990,14612,748.0,29.1,28.77
4959,Burkina Faso,Potatoes,1990,61985,748.0,29.1,28.77
4960,Burkina Faso,"Rice, paddy",1990,20783,748.0,29.1,28.77
4961,Burkina Faso,Sorghum,1990,5827,748.0,29.1,28.77
4962,Burkina Faso,Soybeans,1990,4667,748.0,29.1,28.77
4963,Burkina Faso,Sweet potatoes,1990,67598,748.0,29.1,28.77
4964,Burkina Faso,Yams,1990,66250,748.0,29.1,28.77
4965,Burkina Faso,Cassava,1991,24558,748.0,29.1,28.4
4966,Burkina Faso,Maize,1991,16868,748.0,29.1,28.4
4967,Burkina Faso,Potatoes,1991,61898,748.0,29.1,28.4
4968,Burkina Faso,"Rice, paddy",1991,21444,748.0,29.1,28.4
4969,Burkina Faso,Sorghum,1991,9092,748.0,29.1,28.4
4970,Burkina Faso,Soybeans,1991,5000,748.0,29.1,28.4
4971,Burkina Faso,Sweet potatoes,1991,55862,748.0,29.1,28.4
4972,Burkina Faso,Yams,1991,60833,748.0,29.1,28.4
4973,Burkina Faso,Cassava,1992,21429,748.0,29.1,28.06
4974,Burkina Faso,Maize,1992,15238,748.0,29.1,28.06
4975,Burkina Faso,Potatoes,1992,60637,748.0,29.1,28.06
4976,Burkina Faso,"Rice, paddy",1992,18831,748.0,29.1,28.06
4977,Burkina Faso,Sorghum,1992,9437,748.0,29.1,28.06
4978,Burkina Faso,Soybeans,1992,5882,748.0,29.1,28.06
4979,Burkina Faso,Sweet potatoes,1992,56904,748.0,29.1,28.06
4980,Burkina Faso,Yams,1992,11475,748.0,29.1,28.06
4981,Burkina Faso,Cassava,1993,19455,748.0,17.0,28.58
4982,Burkina Faso,Maize,1993,13722,748.0,17.0,28.58
4983,Burkina Faso,Potatoes,1993,62308,748.0,17.0,28.58
4984,Burkina Faso,"Rice, paddy",1993,21630,748.0,17.0,28.58
4985,Burkina Faso,Sorghum,1993,11027,748.0,17.0,28.58
4986,Burkina Faso,Soybeans,1993,14628,748.0,17.0,28.58
4987,Burkina Faso,Sweet potatoes,1993,50965,748.0,17.0,28.58
4988,Burkina Faso,Yams,1993,59603,748.0,17.0,28.58
4989,Burkina Faso,Cassava,1994,20000,748.0,6.0,28.0
4990,Burkina Faso,Maize,1994,16042,748.0,6.0,28.0
4991,Burkina Faso,Potatoes,1994,61538,748.0,6.0,28.0
4992,Burkina Faso,"Rice, paddy",1994,19582,748.0,6.0,28.0
4993,Burkina Faso,Sorghum,1994,7793,748.0,6.0,28.0
4994,Burkina Faso,Soybeans,1994,9595,748.0,6.0,28.0
4995,Burkina Faso,Sweet potatoes,1994,55351,748.0,6.0,28.0
4996,Burkina Faso,Yams,1994,53043,748.0,6.0,28.0
4997,Burkina Faso,Cassava,1995,20000,748.0,3.04,28.46
4998,Burkina Faso,Maize,1995,11441,748.0,3.04,28.46
4999,Burkina Faso,Potatoes,1995,62500,748.0,3.04,28.46
5000,Burkina Faso,"Rice, paddy",1995,19249,748.0,3.04,28.46
5001,Burkina Faso,Sorghum,1995,8758,748.0,3.04,28.46
5002,Burkina Faso,Soybeans,1995,27319,748.0,3.04,28.46
5003,Burkina Faso,Sweet potatoes,1995,36755,748.0,3.04,28.46
5004,Burkina Faso,Yams,1995,69212,748.0,3.04,28.46
5005,Burkina Faso,Cassava,1996,20489,748.0,39.16,28.74
5006,Burkina Faso,Maize,1996,15521,748.0,39.16,28.74
5007,Burkina Faso,Potatoes,1996,28605,748.0,39.16,28.74
5008,Burkina Faso,"Rice, paddy",1996,23883,748.0,39.16,28.74
5009,Burkina Faso,Sorghum,1996,9095,748.0,39.16,28.74
5010,Burkina Faso,Soybeans,1996,10710,748.0,39.16,28.74
5011,Burkina Faso,Sweet potatoes,1996,62201,748.0,39.16,28.74
5012,Burkina Faso,Yams,1996,73799,748.0,39.16,28.74
5013,Burkina Faso,Cassava,1997,20557,748.0,75.29,28.52
5014,Burkina Faso,Maize,1997,15185,748.0,75.29,28.52
5015,Burkina Faso,Potatoes,1997,23981,748.0,75.29,28.52
5016,Burkina Faso,"Rice, paddy",1997,15750,748.0,75.29,28.52
5017,Burkina Faso,Sorghum,1997,6804,748.0,75.29,28.52
5018,Burkina Faso,Soybeans,1997,9514,748.0,75.29,28.52
5019,Burkina Faso,Sweet potatoes,1997,52003,748.0,75.29,28.52
5020,Burkina Faso,Yams,1997,69169,748.0,75.29,28.52
5021,Burkina Faso,Cassava,1998,20706,748.0,111.41,28.95
5022,Burkina Faso,Maize,1998,13919,748.0,111.41,28.95
5023,Burkina Faso,Potatoes,1998,24321,748.0,111.41,28.95
5024,Burkina Faso,"Rice, paddy",1998,19388,748.0,111.41,28.95
5025,Burkina Faso,Sorghum,1998,8541,748.0,111.41,28.95
5026,Burkina Faso,Soybeans,1998,10308,748.0,111.41,28.95
5027,Burkina Faso,Sweet potatoes,1998,56110,748.0,111.41,28.95
5028,Burkina Faso,Yams,1998,66929,748.0,111.41,28.95
5029,Burkina Faso,Cassava,1999,20902,748.0,93.43,28.45
5030,Burkina Faso,Maize,1999,16241,748.0,93.43,28.45
5031,Burkina Faso,Potatoes,1999,22000,748.0,93.43,28.45
5032,Burkina Faso,"Rice, paddy",1999,24824,748.0,93.43,28.45
5033,Burkina Faso,Sorghum,1999,8857,748.0,93.43,28.45
5034,Burkina Faso,Soybeans,1999,13310,748.0,93.43,28.45
5035,Burkina Faso,Sweet potatoes,1999,84033,748.0,93.43,28.45
5036,Burkina Faso,Yams,1999,65350,748.0,93.43,28.45
5037,Burkina Faso,Cassava,2000,21037,748.0,75.44,28.6
5038,Burkina Faso,Maize,2000,17543,748.0,75.44,28.6
5039,Burkina Faso,Potatoes,2000,21233,748.0,75.44,28.6
5040,Burkina Faso,"Rice, paddy",2000,25675,748.0,75.44,28.6
5041,Burkina Faso,Sorghum,2000,8295,748.0,75.44,28.6
5042,Burkina Faso,Soybeans,2000,8519,748.0,75.44,28.6
5043,Burkina Faso,Sweet potatoes,2000,133168,748.0,75.44,28.6
5044,Burkina Faso,Yams,2000,82928,748.0,75.44,28.6
5045,Burkina Faso,Cassava,2001,21388,748.0,57.46,28.77
5046,Burkina Faso,Maize,2001,18115,748.0,57.46,28.77
5047,Burkina Faso,Potatoes,2001,15852,748.0,57.46,28.77
5048,Burkina Faso,"Rice, paddy",2001,18795,748.0,57.46,28.77
5049,Burkina Faso,Sorghum,2001,9278,748.0,57.46,28.77
5050,Burkina Faso,Soybeans,2001,13053,748.0,57.46,28.77
5051,Burkina Faso,Sweet potatoes,2001,78415,748.0,57.46,28.77
5052,Burkina Faso,Yams,2001,69481,748.0,57.46,28.77
5053,Burkina Faso,Cassava,2002,21551,748.0,39.47,28.97
5054,Burkina Faso,Maize,2002,17381,748.0,39.47,28.97
5055,Burkina Faso,Potatoes,2002,20527,748.0,39.47,28.97
5056,Burkina Faso,"Rice, paddy",2002,19010,748.0,39.47,28.97
5057,Burkina Faso,Sorghum,2002,9252,748.0,39.47,28.97
5058,Burkina Faso,Soybeans,2002,11119,748.0,39.47,28.97
5059,Burkina Faso,Sweet potatoes,2002,61708,748.0,39.47,28.97
5060,Burkina Faso,Yams,2002,83373,748.0,39.47,28.97
5061,Burkina Faso,Cassava,2004,22411,748.0,1.28,28.9
5062,Burkina Faso,Maize,2004,12666,748.0,1.28,28.9
5063,Burkina Faso,Potatoes,2004,18849,748.0,1.28,28.9
5064,Burkina Faso,"Rice, paddy",2004,15047,748.0,1.28,28.9
5065,Burkina Faso,Sorghum,2004,9731,748.0,1.28,28.9
5066,Burkina Faso,Soybeans,2004,11545,748.0,1.28,28.9
5067,Burkina Faso,Sweet potatoes,2004,69167,748.0,1.28,28.9
5068,Burkina Faso,Yams,2004,74208,748.0,1.28,28.9
5069,Burkina Faso,Cassava,2005,21952,748.0,92.21,29.18
5070,Burkina Faso,Maize,2005,18058,748.0,92.21,29.18
5071,Burkina Faso,Potatoes,2005,20000,748.0,92.21,29.18
5072,Burkina Faso,"Rice, paddy",2005,17791,748.0,92.21,29.18
5073,Burkina Faso,Sorghum,2005,10919,748.0,92.21,29.18
5074,Burkina Faso,Soybeans,2005,17025,748.0,92.21,29.18
5075,Burkina Faso,Sweet potatoes,2005,83331,748.0,92.21,29.18
5076,Burkina Faso,Yams,2005,75306,748.0,92.21,29.18
5077,Burkina Faso,Cassava,2006,21316,748.0,109.24,28.92
5078,Burkina Faso,Maize,2006,19444,748.0,109.24,28.92
5079,Burkina Faso,Potatoes,2006,20000,748.0,109.24,28.92
5080,Burkina Faso,"Rice, paddy",2006,25724,748.0,109.24,28.92
5081,Burkina Faso,Sorghum,2006,11393,748.0,109.24,28.92
5082,Burkina Faso,Soybeans,2006,11421,748.0,109.24,28.92
5083,Burkina Faso,Sweet potatoes,2006,125728,748.0,109.24,28.92
5084,Burkina Faso,Yams,2006,85482,748.0,109.24,28.92
5085,Burkina Faso,Cassava,2007,23030,748.0,292.05,28.96
5086,Burkina Faso,Maize,2007,11736,748.0,292.05,28.96
5087,Burkina Faso,Potatoes,2007,20000,748.0,292.05,28.96
5088,Burkina Faso,"Rice, paddy",2007,17002,748.0,292.05,28.96
5089,Burkina Faso,Sorghum,2007,9374,748.0,292.05,28.96
5090,Burkina Faso,Soybeans,2007,11250,748.0,292.05,28.96
5091,Burkina Faso,Sweet potatoes,2007,90640,748.0,292.05,28.96
5092,Burkina Faso,Yams,2007,65200,748.0,292.05,28.96
5093,Burkina Faso,Cassava,2008,19060,748.0,190.92,28.4
5094,Burkina Faso,Maize,2008,16662,748.0,190.92,28.4
5095,Burkina Faso,Potatoes,2008,17954,748.0,190.92,28.4
5096,Burkina Faso,"Rice, paddy",2008,24355,748.0,190.92,28.4
5097,Burkina Faso,Sorghum,2008,9859,748.0,190.92,28.4
5098,Burkina Faso,Soybeans,2008,27290,748.0,190.92,28.4
5099,Burkina Faso,Sweet potatoes,2008,110907,748.0,190.92,28.4
5100,Burkina Faso,Yams,2008,71895,748.0,190.92,28.4
5101,Burkina Faso,Cassava,2009,17452,748.0,132.3,29.05
5102,Burkina Faso,Maize,2009,15286,748.0,132.3,29.05
5103,Burkina Faso,Potatoes,2009,18111,748.0,132.3,29.05
5104,Burkina Faso,"Rice, paddy",2009,23154,748.0,132.3,29.05
5105,Burkina Faso,Sorghum,2009,9204,748.0,132.3,29.05
5106,Burkina Faso,Soybeans,2009,14542,748.0,132.3,29.05
5107,Burkina Faso,Sweet potatoes,2009,126965,748.0,132.3,29.05
5108,Burkina Faso,Yams,2009,94186,748.0,132.3,29.05
5109,Burkina Faso,Cassava,2010,15659,748.0,442.89,29.17
5110,Burkina Faso,Maize,2010,14342,748.0,442.89,29.17
5111,Burkina Faso,Potatoes,2010,18998,748.0,442.89,29.17
5112,Burkina Faso,"Rice, paddy",2010,20238,748.0,442.89,29.17
5113,Burkina Faso,Sorghum,2010,10036,748.0,442.89,29.17
5114,Burkina Faso,Soybeans,2010,12562,748.0,442.89,29.17
5115,Burkina Faso,Sweet potatoes,2010,102743,748.0,442.89,29.17
5116,Burkina Faso,Yams,2010,66518,748.0,442.89,29.17
5117,Burkina Faso,Cassava,2011,13548,748.0,843.0,29.03
5118,Burkina Faso,Maize,2011,15356,748.0,843.0,29.03
5119,Burkina Faso,Potatoes,2011,19159,748.0,843.0,29.03
5120,Burkina Faso,"Rice, paddy",2011,17676,748.0,843.0,29.03
5121,Burkina Faso,Sorghum,2011,8952,748.0,843.0,29.03
5122,Burkina Faso,Soybeans,2011,8873,748.0,843.0,29.03
5123,Burkina Faso,Sweet potatoes,2011,190326,748.0,843.0,29.03
5124,Burkina Faso,Yams,2011,74827,748.0,843.0,29.03
5125,Burkina Faso,Cassava,2012,13636,748.0,843.0,28.67
5126,Burkina Faso,Maize,2012,18386,748.0,843.0,28.67
5127,Burkina Faso,Potatoes,2012,19320,748.0,843.0,28.67
5128,Burkina Faso,"Rice, paddy",2012,23336,748.0,843.0,28.67
5129,Burkina Faso,Sorghum,2012,10755,748.0,843.0,28.67
5130,Burkina Faso,Soybeans,2012,10949,748.0,843.0,28.67
5131,Burkina Faso,Sweet potatoes,2012,83073,748.0,843.0,28.67
5132,Burkina Faso,Yams,2012,90785,748.0,843.0,28.67
5133,Burkina Faso,Cassava,2013,13594,748.0,843.0,29.41
5134,Burkina Faso,Maize,2013,17353,748.0,843.0,29.41
5135,Burkina Faso,Potatoes,2013,19481,748.0,843.0,29.41
5136,Burkina Faso,"Rice, paddy",2013,21993,748.0,843.0,29.41
5137,Burkina Faso,Sorghum,2013,10409,748.0,843.0,29.41
5138,Burkina Faso,Soybeans,2013,13512,748.0,843.0,29.41
5139,Burkina Faso,Sweet potatoes,2013,146793,748.0,843.0,29.41
5140,Burkina Faso,Yams,2013,58594,748.0,843.0,29.41
5141,Burundi,Cassava,1990,88969,1274.0,92.08,21.15
5142,Burundi,Maize,1990,13540,1274.0,92.08,21.15
5143,Burundi,Potatoes,1990,34836,1274.0,92.08,21.15
5144,Burundi,"Rice, paddy",1990,33333,1274.0,92.08,21.15
5145,Burundi,Sorghum,1990,10983,1274.0,92.08,21.15
5146,Burundi,Soybeans,1990,10000,1274.0,92.08,21.15
5147,Burundi,Sweet potatoes,1990,64427,1274.0,92.08,21.15
5148,Burundi,Wheat,1990,7478,1274.0,92.08,21.15
5149,Burundi,Yams,1990,57576,1274.0,92.08,21.15
5150,Burundi,Cassava,1991,89785,1274.0,92.08,20.97
5151,Burundi,Maize,1991,13887,1274.0,92.08,20.97
5152,Burundi,Potatoes,1991,32454,1274.0,92.08,20.97
5153,Burundi,"Rice, paddy",1991,30923,1274.0,92.08,20.97
5154,Burundi,Sorghum,1991,11241,1274.0,92.08,20.97
5155,Burundi,Soybeans,1991,10000,1274.0,92.08,20.97
5156,Burundi,Sweet potatoes,1991,64810,1274.0,92.08,20.97
5157,Burundi,Wheat,1991,7333,1274.0,92.08,20.97
5158,Burundi,Yams,1991,55714,1274.0,92.08,20.97
5159,Burundi,Cassava,1992,92046,1274.0,92.08,21.31
5160,Burundi,Maize,1992,14218,1274.0,92.08,21.31
5161,Burundi,Potatoes,1992,33357,1274.0,92.08,21.31
5162,Burundi,"Rice, paddy",1992,31077,1274.0,92.08,21.31
5163,Burundi,Sorghum,1992,11517,1274.0,92.08,21.31
5164,Burundi,Soybeans,1992,8943,1274.0,92.08,21.31
5165,Burundi,Sweet potatoes,1992,63418,1274.0,92.08,21.31
5166,Burundi,Wheat,1992,7120,1274.0,92.08,21.31
5167,Burundi,Yams,1992,55479,1274.0,92.08,21.31
5168,Burundi,Cassava,1993,90264,1274.0,96.99,21.17
5169,Burundi,Maize,1993,14342,1274.0,96.99,21.17
5170,Burundi,Potatoes,1993,28125,1274.0,96.99,21.17
5171,Burundi,"Rice, paddy",1993,31398,1274.0,96.99,21.17
5172,Burundi,Sorghum,1993,11259,1274.0,96.99,21.17
5173,Burundi,Soybeans,1993,8694,1274.0,96.99,21.17
5174,Burundi,Sweet potatoes,1993,64762,1274.0,96.99,21.17
5175,Burundi,Wheat,1993,7748,1274.0,96.99,21.17
5176,Burundi,Yams,1993,55547,1274.0,96.99,21.17
5177,Burundi,Cassava,1994,87884,1274.0,84.45,21.25
5178,Burundi,Maize,1994,12276,1274.0,84.45,21.25
5179,Burundi,Potatoes,1994,29453,1274.0,84.45,21.25
5180,Burundi,"Rice, paddy",1994,31099,1274.0,84.45,21.25
5181,Burundi,Sorghum,1994,9938,1274.0,84.45,21.25
5182,Burundi,Soybeans,1994,8000,1274.0,84.45,21.25
5183,Burundi,Sweet potatoes,1994,60149,1274.0,84.45,21.25
5184,Burundi,Wheat,1994,8824,1274.0,84.45,21.25
5185,Burundi,Yams,1994,55734,1274.0,84.45,21.25
5186,Burundi,Cassava,1995,86870,1274.0,144.2,21.55
5187,Burundi,Maize,1995,12752,1274.0,144.2,21.55
5188,Burundi,Potatoes,1995,29691,1274.0,144.2,21.55
5189,Burundi,"Rice, paddy",1995,26819,1274.0,144.2,21.55
5190,Burundi,Sorghum,1995,13168,1274.0,144.2,21.55
5191,Burundi,Soybeans,1995,8368,1274.0,144.2,21.55
5192,Burundi,Sweet potatoes,1995,61230,1274.0,144.2,21.55
5193,Burundi,Wheat,1995,7440,1274.0,144.2,21.55
5194,Burundi,Yams,1995,55955,1274.0,144.2,21.55
5195,Burundi,Cassava,1996,85779,1274.0,207.1,21.18
5196,Burundi,Maize,1996,13133,1274.0,207.1,21.18
5197,Burundi,Potatoes,1996,28825,1274.0,207.1,21.18
5198,Burundi,"Rice, paddy",1996,27873,1274.0,207.1,21.18
5199,Burundi,Sorghum,1996,13206,1274.0,207.1,21.18
5200,Burundi,Soybeans,1996,8305,1274.0,207.1,21.18
5201,Burundi,Sweet potatoes,1996,62061,1274.0,207.1,21.18
5202,Burundi,Wheat,1996,7728,1274.0,207.1,21.18
5203,Burundi,Yams,1996,56264,1274.0,207.1,21.18
5204,Burundi,Cassava,1997,86182,1274.0,117.56,21.51
5205,Burundi,Maize,1997,12608,1274.0,117.56,21.51
5206,Burundi,Potatoes,1997,32397,1274.0,117.56,21.51
5207,Burundi,"Rice, paddy",1997,32551,1274.0,117.56,21.51
5208,Burundi,Sorghum,1997,12401,1274.0,117.56,21.51
5209,Burundi,Soybeans,1997,8282,1274.0,117.56,21.51
5210,Burundi,Sweet potatoes,1997,61879,1274.0,117.56,21.51
5211,Burundi,Wheat,1997,7742,1274.0,117.56,21.51
5212,Burundi,Yams,1997,56226,1274.0,117.56,21.51
5213,Burundi,Cassava,1998,88820,1274.0,107.29,21.56
5214,Burundi,Maize,1998,11463,1274.0,107.29,21.56
5215,Burundi,Potatoes,1998,25950,1274.0,107.29,21.56
5216,Burundi,"Rice, paddy",1998,29927,1274.0,107.29,21.56
5217,Burundi,Sorghum,1998,12487,1274.0,107.29,21.56
5218,Burundi,Soybeans,1998,8000,1274.0,107.29,21.56
5219,Burundi,Sweet potatoes,1998,59048,1274.0,107.29,21.56
5220,Burundi,Wheat,1998,8148,1274.0,107.29,21.56
5221,Burundi,Yams,1998,56668,1274.0,107.29,21.56
5222,Burundi,Cassava,1999,88212,1274.0,150.24,21.01
5223,Burundi,Maize,1999,11192,1274.0,150.24,21.01
5224,Burundi,Potatoes,1999,24393,1274.0,150.24,21.01
5225,Burundi,"Rice, paddy",1999,32572,1274.0,150.24,21.01
5226,Burundi,Sorghum,1999,11998,1274.0,150.24,21.01
5227,Burundi,Soybeans,1999,7778,1274.0,150.24,21.01
5228,Burundi,Sweet potatoes,1999,65551,1274.0,150.24,21.01
5229,Burundi,Wheat,1999,7085,1274.0,150.24,21.01
5230,Burundi,Yams,1999,58009,1274.0,150.24,21.01
5231,Burundi,Cassava,2000,89953,1274.0,109.87,21.32
5232,Burundi,Maize,2000,10521,1274.0,109.87,21.32
5233,Burundi,Potatoes,2000,25242,1274.0,109.87,21.32
5234,Burundi,"Rice, paddy",2000,30399,1274.0,109.87,21.32
5235,Burundi,Sorghum,2000,12132,1274.0,109.87,21.32
5236,Burundi,Soybeans,2000,7273,1274.0,109.87,21.32
5237,Burundi,Sweet potatoes,2000,62489,1274.0,109.87,21.32
5238,Burundi,Wheat,2000,6774,1274.0,109.87,21.32
5239,Burundi,Yams,2000,60175,1274.0,109.87,21.32
5240,Burundi,Cassava,2001,89591,1274.0,72.56,21.24
5241,Burundi,Maize,2001,10817,1274.0,72.56,21.24
5242,Burundi,Potatoes,2001,25757,1274.0,72.56,21.24
5243,Burundi,"Rice, paddy",2001,32063,1274.0,72.56,21.24
5244,Burundi,Sorghum,2001,12559,1274.0,72.56,21.24
5245,Burundi,Soybeans,2001,7500,1274.0,72.56,21.24
5246,Burundi,Sweet potatoes,2001,65072,1274.0,72.56,21.24
5247,Burundi,Wheat,2001,8667,1274.0,72.56,21.24
5248,Burundi,Yams,2001,58376,1274.0,72.56,21.24
5249,Burundi,Cassava,2002,91456,1274.0,98.1,21.45
5250,Burundi,Maize,2002,10931,1274.0,98.1,21.45
5251,Burundi,Potatoes,2002,26760,1274.0,98.1,21.45
5252,Burundi,"Rice, paddy",2002,32629,1274.0,98.1,21.45
5253,Burundi,Sorghum,2002,12850,1274.0,98.1,21.45
5254,Burundi,Soybeans,2002,7500,1274.0,98.1,21.45
5255,Burundi,Sweet potatoes,2002,67215,1274.0,98.1,21.45
5256,Burundi,Wheat,2002,8290,1274.0,98.1,21.45
5257,Burundi,Yams,2002,58376,1274.0,98.1,21.45
5258,Burundi,Cassava,2004,79083,1274.0,508.26,21.71
5259,Burundi,Maize,2004,10807,1274.0,508.26,21.71
5260,Burundi,Potatoes,2004,28732,1274.0,508.26,21.71
5261,Burundi,"Rice, paddy",2004,32924,1274.0,508.26,21.71
5262,Burundi,Sorghum,2004,13486,1274.0,508.26,21.71
5263,Burundi,Soybeans,2004,7500,1274.0,508.26,21.71
5264,Burundi,Sweet potatoes,2004,66752,1274.0,508.26,21.71
5265,Burundi,Wheat,2004,8326,1274.0,508.26,21.71
5266,Burundi,Yams,2004,55067,1274.0,508.26,21.71
5267,Burundi,Cassava,2005,75230,1274.0,304.83,22.29
5268,Burundi,Maize,2005,10833,1274.0,304.83,22.29
5269,Burundi,Potatoes,2005,25483,1274.0,304.83,22.29
5270,Burundi,"Rice, paddy",2005,34144,1274.0,304.83,22.29
5271,Burundi,Sorghum,2005,14042,1274.0,304.83,22.29
5272,Burundi,Soybeans,2005,7778,1274.0,304.83,22.29
5273,Burundi,Sweet potatoes,2005,65368,1274.0,304.83,22.29
5274,Burundi,Wheat,2005,7387,1274.0,304.83,22.29
5275,Burundi,Yams,2005,52836,1274.0,304.83,22.29
5276,Burundi,Cassava,2006,87864,1274.0,190.51,21.83
5277,Burundi,Maize,2006,10159,1274.0,190.51,21.83
5278,Burundi,Potatoes,2006,26176,1274.0,190.51,21.83
5279,Burundi,"Rice, paddy",2006,33322,1274.0,190.51,21.83
5280,Burundi,Sorghum,2006,12654,1274.0,190.51,21.83
5281,Burundi,Soybeans,2006,7895,1274.0,190.51,21.83
5282,Burundi,Sweet potatoes,2006,66985,1274.0,190.51,21.83
5283,Burundi,Wheat,2006,8007,1274.0,190.51,21.83
5284,Burundi,Yams,2006,56615,1274.0,190.51,21.83
5285,Burundi,Cassava,2007,87275,1274.0,412.66,21.28
5286,Burundi,Maize,2007,10244,1274.0,412.66,21.28
5287,Burundi,Potatoes,2007,34521,1274.0,412.66,21.28
5288,Burundi,"Rice, paddy",2007,33767,1274.0,412.66,21.28
5289,Burundi,Sorghum,2007,12964,1274.0,412.66,21.28
5290,Burundi,Soybeans,2007,7750,1274.0,412.66,21.28
5291,Burundi,Sweet potatoes,2007,66692,1274.0,412.66,21.28
5292,Burundi,Wheat,2007,8407,1274.0,412.66,21.28
5293,Burundi,Yams,2007,57103,1274.0,412.66,21.28
5294,Burundi,Cassava,2008,64718,1274.0,456.44,21.29
5295,Burundi,Maize,2008,10041,1274.0,456.44,21.29
5296,Burundi,Potatoes,2008,26273,1274.0,456.44,21.29
5297,Burundi,"Rice, paddy",2008,32203,1274.0,456.44,21.29
5298,Burundi,Sorghum,2008,12874,1274.0,456.44,21.29
5299,Burundi,Soybeans,2008,7683,1274.0,456.44,21.29
5300,Burundi,Sweet potatoes,2008,65947,1274.0,456.44,21.29
5301,Burundi,Wheat,2008,8431,1274.0,456.44,21.29
5302,Burundi,Yams,2008,57869,1274.0,456.44,21.29
5303,Burundi,Cassava,2009,41867,1274.0,177.75,21.42
5304,Burundi,Maize,2009,10032,1274.0,177.75,21.42
5305,Burundi,Potatoes,2009,27711,1274.0,177.75,21.42
5306,Burundi,"Rice, paddy",2009,32680,1274.0,177.75,21.42
5307,Burundi,Sorghum,2009,12885,1274.0,177.75,21.42
5308,Burundi,Soybeans,2009,7619,1274.0,177.75,21.42
5309,Burundi,Sweet potatoes,2009,67125,1274.0,177.75,21.42
5310,Burundi,Wheat,2009,8583,1274.0,177.75,21.42
5311,Burundi,Yams,2009,55000,1274.0,177.75,21.42
5312,Burundi,Cassava,2010,40629,1274.0,264.53,21.75
5313,Burundi,Maize,2010,10511,1274.0,264.53,21.75
5314,Burundi,Potatoes,2010,42521,1274.0,264.53,21.75
5315,Burundi,"Rice, paddy",2010,28268,1274.0,264.53,21.75
5316,Burundi,Sorghum,2010,10701,1274.0,264.53,21.75
5317,Burundi,Soybeans,2010,7752,1274.0,264.53,21.75
5318,Burundi,Sweet potatoes,2010,77508,1274.0,264.53,21.75
5319,Burundi,Wheat,2010,7393,1274.0,264.53,21.75
5320,Burundi,Yams,2010,64079,1274.0,264.53,21.75
5321,Burundi,Cassava,2011,39948,1274.0,75.64,21.23
5322,Burundi,Maize,2011,11023,1274.0,75.64,21.23
5323,Burundi,Potatoes,2011,45493,1274.0,75.64,21.23
5324,Burundi,"Rice, paddy",2011,26876,1274.0,75.64,21.23
5325,Burundi,Sorghum,2011,8205,1274.0,75.64,21.23
5326,Burundi,Soybeans,2011,7764,1274.0,75.64,21.23
5327,Burundi,Sweet potatoes,2011,78801,1274.0,75.64,21.23
5328,Burundi,Wheat,2011,7129,1274.0,75.64,21.23
5329,Burundi,Yams,2011,68989,1274.0,75.64,21.23
5330,Burundi,Cassava,2012,42092,1274.0,98.59,21.44
5331,Burundi,Maize,2012,11763,1274.0,98.59,21.44
5332,Burundi,Potatoes,2012,31165,1274.0,98.59,21.44
5333,Burundi,"Rice, paddy",2012,21041,1274.0,98.59,21.44
5334,Burundi,Sorghum,2012,5890,1274.0,98.59,21.44
5335,Burundi,Soybeans,2012,7283,1274.0,98.59,21.44
5336,Burundi,Sweet potatoes,2012,65035,1274.0,98.59,21.44
5337,Burundi,Wheat,2012,4448,1274.0,98.59,21.44
5338,Burundi,Yams,2012,90258,1274.0,98.59,21.44
5339,Burundi,Cassava,2013,68749,1274.0,956.06,21.53
5340,Burundi,Maize,2013,13218,1274.0,956.06,21.53
5341,Burundi,Potatoes,2013,62252,1274.0,956.06,21.53
5342,Burundi,"Rice, paddy",2013,19130,1274.0,956.06,21.53
5343,Burundi,Sorghum,2013,6513,1274.0,956.06,21.53
5344,Burundi,Soybeans,2013,9554,1274.0,956.06,21.53
5345,Burundi,Sweet potatoes,2013,104528,1274.0,956.06,21.53
5346,Burundi,Wheat,2013,7276,1274.0,956.06,21.53
5347,Burundi,Yams,2013,79279,1274.0,956.06,21.53
5348,Cameroon,Cassava,1990,164386,1604.0,450.01,25.08
5349,Cameroon,Maize,1990,18543,1604.0,450.01,25.08
5350,Cameroon,Plantains and others,1990,51150,1604.0,450.01,25.08
5351,Cameroon,Potatoes,1990,16142,1604.0,450.01,25.08
5352,Cameroon,"Rice, paddy",1990,49999,1604.0,450.01,25.08
5353,Cameroon,Sorghum,1990,8489,1604.0,450.01,25.08
5354,Cameroon,Soybeans,1990,6000,1604.0,450.01,25.08
5355,Cameroon,Sweet potatoes,1990,78150,1604.0,450.01,25.08
5356,Cameroon,Wheat,1990,15000,1604.0,450.01,25.08
5357,Cameroon,Yams,1990,39310,1604.0,450.01,25.08
5358,Cameroon,Cassava,1991,162200,1604.0,99.09,24.99
5359,Cameroon,Maize,1991,19800,1604.0,99.09,24.99
5360,Cameroon,Plantains and others,1991,53222,1604.0,99.09,24.99
5361,Cameroon,Potatoes,1991,16875,1604.0,99.09,24.99
5362,Cameroon,"Rice, paddy",1991,36400,1604.0,99.09,24.99
5363,Cameroon,Sorghum,1991,7692,1604.0,99.09,24.99
5364,Cameroon,Soybeans,1991,6034,1604.0,99.09,24.99
5365,Cameroon,Sweet potatoes,1991,63103,1604.0,99.09,24.99
5366,Cameroon,Wheat,1991,12863,1604.0,99.09,24.99
5367,Cameroon,Yams,1991,50000,1604.0,99.09,24.99
5368,Cameroon,Cassava,1992,136333,1604.0,1137.56,24.6
5369,Cameroon,Maize,1992,13974,1604.0,1137.56,24.6
5370,Cameroon,Plantains and others,1992,54632,1604.0,1137.56,24.6
5371,Cameroon,Potatoes,1992,20500,1604.0,1137.56,24.6
5372,Cameroon,"Rice, paddy",1992,35000,1604.0,1137.56,24.6
5373,Cameroon,Sorghum,1992,7600,1604.0,1137.56,24.6
5374,Cameroon,Soybeans,1992,6061,1604.0,1137.56,24.6
5375,Cameroon,Sweet potatoes,1992,62643,1604.0,1137.56,24.6
5376,Cameroon,Wheat,1992,12884,1604.0,1137.56,24.6
5377,Cameroon,Yams,1992,55238,1604.0,1137.56,24.6
5378,Cameroon,Cassava,1993,131840,1604.0,774.49,24.9
5379,Cameroon,Maize,1993,11267,1604.0,774.49,24.9
5380,Cameroon,Plantains and others,1993,56000,1604.0,774.49,24.9
5381,Cameroon,Potatoes,1993,21111,1604.0,774.49,24.9
5382,Cameroon,"Rice, paddy",1993,29000,1604.0,774.49,24.9
5383,Cameroon,Sorghum,1993,7647,1604.0,774.49,24.9
5384,Cameroon,Soybeans,1993,6000,1604.0,774.49,24.9
5385,Cameroon,Sweet potatoes,1993,62183,1604.0,774.49,24.9
5386,Cameroon,Wheat,1993,12904,1604.0,774.49,24.9
5387,Cameroon,Yams,1993,60000,1604.0,774.49,24.9
5388,Cameroon,Cassava,1994,127037,1604.0,411.42,24.93
5389,Cameroon,Maize,1994,11644,1604.0,411.42,24.93
5390,Cameroon,Plantains and others,1994,55053,1604.0,411.42,24.93
5391,Cameroon,Potatoes,1994,19811,1604.0,411.42,24.93
5392,Cameroon,"Rice, paddy",1994,31423,1604.0,411.42,24.93
5393,Cameroon,Sorghum,1994,7292,1604.0,411.42,24.93
5394,Cameroon,Soybeans,1994,6026,1604.0,411.42,24.93
5395,Cameroon,Sweet potatoes,1994,61724,1604.0,411.42,24.93
5396,Cameroon,Wheat,1994,12937,1604.0,411.42,24.93
5397,Cameroon,Yams,1994,70588,1604.0,411.42,24.93
5398,Cameroon,Cassava,1995,118667,1604.0,48.35,25.21
5399,Cameroon,Maize,1995,15450,1604.0,48.35,25.21
5400,Cameroon,Plantains and others,1995,54365,1604.0,48.35,25.21
5401,Cameroon,Potatoes,1995,20588,1604.0,48.35,25.21
5402,Cameroon,"Rice, paddy",1995,31307,1604.0,48.35,25.21
5403,Cameroon,Sorghum,1995,8679,1604.0,48.35,25.21
5404,Cameroon,Soybeans,1995,6203,1604.0,48.35,25.21
5405,Cameroon,Sweet potatoes,1995,61264,1604.0,48.35,25.21
5406,Cameroon,Wheat,1995,13098,1604.0,48.35,25.21
5407,Cameroon,Yams,1995,71625,1604.0,48.35,25.21
5408,Cameroon,Cassava,1996,115500,1604.0,180.08,25.0
5409,Cameroon,Maize,1996,18750,1604.0,180.08,25.0
5410,Cameroon,Plantains and others,1996,55603,1604.0,180.08,25.0
5411,Cameroon,Potatoes,1996,29064,1604.0,180.08,25.0
5412,Cameroon,"Rice, paddy",1996,31391,1604.0,180.08,25.0
5413,Cameroon,Sorghum,1996,8910,1604.0,180.08,25.0
5414,Cameroon,Soybeans,1996,6220,1604.0,180.08,25.0
5415,Cameroon,Sweet potatoes,1996,60681,1604.0,180.08,25.0
5416,Cameroon,Wheat,1996,13333,1604.0,180.08,25.0
5417,Cameroon,Yams,1996,75000,1604.0,180.08,25.0
5418,Cameroon,Cassava,1997,106556,1604.0,630.12,24.98
5419,Cameroon,Maize,1997,20267,1604.0,630.12,24.98
5420,Cameroon,Plantains and others,1997,56426,1604.0,630.12,24.98
5421,Cameroon,Potatoes,1997,40329,1604.0,630.12,24.98
5422,Cameroon,"Rice, paddy",1997,33636,1604.0,630.12,24.98
5423,Cameroon,Sorghum,1997,8889,1604.0,630.12,24.98
5424,Cameroon,Soybeans,1997,6235,1604.0,630.12,24.98
5425,Cameroon,Sweet potatoes,1997,65306,1604.0,630.12,24.98
5426,Cameroon,Wheat,1997,13264,1604.0,630.12,24.98
5427,Cameroon,Yams,1997,78947,1604.0,630.12,24.98
5428,Cameroon,Cassava,1998,90041,1604.0,258.02,25.66
5429,Cameroon,Maize,1998,18911,1604.0,258.02,25.66
5430,Cameroon,Plantains and others,1998,67958,1604.0,258.02,25.66
5431,Cameroon,Potatoes,1998,53198,1604.0,258.02,25.66
5432,Cameroon,"Rice, paddy",1998,35467,1604.0,258.02,25.66
5433,Cameroon,Sorghum,1998,9955,1604.0,258.02,25.66
5434,Cameroon,Soybeans,1998,6250,1604.0,258.02,25.66
5435,Cameroon,Sweet potatoes,1998,74780,1604.0,258.02,25.66
5436,Cameroon,Wheat,1998,13279,1604.0,258.02,25.66
5437,Cameroon,Yams,1998,79360,1604.0,258.02,25.66
5438,Cameroon,Cassava,1999,136594,1604.0,653.0,24.97
5439,Cameroon,Maize,1999,25907,1604.0,653.0,24.97
5440,Cameroon,Plantains and others,1999,61102,1604.0,653.0,24.97
5441,Cameroon,Potatoes,1999,60031,1604.0,653.0,24.97
5442,Cameroon,"Rice, paddy",1999,33095,1604.0,653.0,24.97
5443,Cameroon,Sorghum,1999,11239,1604.0,653.0,24.97
5444,Cameroon,Soybeans,1999,6373,1604.0,653.0,24.97
5445,Cameroon,Sweet potatoes,1999,65895,1604.0,653.0,24.97
5446,Cameroon,Wheat,1999,13294,1604.0,653.0,24.97
5447,Cameroon,Yams,1999,93209,1604.0,653.0,24.97
5448,Cameroon,Cassava,2000,132992,1604.0,545.0,24.88
5449,Cameroon,Maize,2000,24615,1604.0,545.0,24.88
5450,Cameroon,Plantains and others,2000,61323,1604.0,545.0,24.88
5451,Cameroon,Potatoes,2000,59044,1604.0,545.0,24.88
5452,Cameroon,"Rice, paddy",2000,30103,1604.0,545.0,24.88
5453,Cameroon,Sorghum,2000,12000,1604.0,545.0,24.88
5454,Cameroon,Soybeans,2000,6375,1604.0,545.0,24.88
5455,Cameroon,Sweet potatoes,2000,64578,1604.0,545.0,24.88
5456,Cameroon,Wheat,2000,13309,1604.0,545.0,24.88
5457,Cameroon,Yams,2000,93662,1604.0,545.0,24.88
5458,Cameroon,Cassava,2001,81918,1604.0,687.0,25.01
5459,Cameroon,Maize,2001,24404,1604.0,687.0,25.01
5460,Cameroon,Plantains and others,2001,62064,1604.0,687.0,25.01
5461,Cameroon,Potatoes,2001,51674,1604.0,687.0,25.01
5462,Cameroon,"Rice, paddy",2001,30242,1604.0,687.0,25.01
5463,Cameroon,Sorghum,2001,12024,1604.0,687.0,25.01
5464,Cameroon,Soybeans,2001,6193,1604.0,687.0,25.01
5465,Cameroon,Sweet potatoes,2001,64856,1604.0,687.0,25.01
5466,Cameroon,Wheat,2001,13325,1604.0,687.0,25.01
5467,Cameroon,Yams,2001,94345,1604.0,687.0,25.01
